source_file,source_page,source_row_index,crop_slug,crop_raw,application_method,crop_multi_crop_split,flag_pest_bled,active_ingredient,pest_or_disease,dose_ai_branch,dose_ai_pattern,dose_ai_basis,dose_ai_value_min,dose_ai_per_acre_min,dose_ai_value_max,dose_ai_per_acre_max,dose_ai_unit,dose_ai_raw,dose_formulation_branch,dose_formulation_pattern,dose_formulation_basis,dose_formulation_value_min,dose_formulation_per_acre_min,dose_formulation_value_max,dose_formulation_per_acre_max,dose_formulation_unit,dose_formulation_raw,phi_days,phi_not_applicable,phi_outcome,phi_raw,exclusion_reason
insecticides_20260331.pdf,2,0,,,,False,False,Agricultural Use,,empty,EMPTY,,,,,,,,empty,EMPTY,,,,,,,,,False,not_applicable,,crop_blank
insecticides_20260331.pdf,2,1,,,,False,False,,,empty,EMPTY,,,,,,,,empty,EMPTY,,,,,,,,,False,not_applicable,,crop_blank
insecticides_20260331.pdf,2,2,,,,False,False,,,empty,EMPTY,,,,,,,,empty,EMPTY,,,,,,,,,False,not_applicable,,crop_blank
insecticides_20260331.pdf,2,3,,,,False,False,Abamectin 01.90 % EC,,empty,EMPTY,,,,,,,,empty,EMPTY,,,,,,,,,False,not_applicable,,crop_blank
insecticides_20260331.pdf,2,4,,Rose(Ornamental),,False,False,Abamectin 01.90 % EC,Red spider  mites(Tetranychus  urticae),numeric,PCT_RANGE,concentration_pct,0.00048,,0.00096,,%,0.00048-  0.00096%,numeric,PCT_RANGE,concentration_pct,0.025,,0.05,,%,0.025- 0.050%,3,False,resolved,03,crop_out_of_scope
insecticides_20260331.pdf,2,6,,Apple,,False,False,Abamectin 01.90 % EC,European Red Mite  and Spotted Red  Spider Mite,numeric,PCT_SINGLE,concentration_pct,0.00095,,,,%,0.00095%,numeric,PCT_SINGLE,concentration_pct,0.05,,,,%,0.05%,7,False,resolved,7,crop_out_of_scope
insecticides_20260331.pdf,2,8,,,,False,False,Acequinocyl 15% w/v SC,,empty,EMPTY,,,,,,,,empty,EMPTY,,,,,,,,,False,not_applicable,,crop_blank
insecticides_20260331.pdf,2,9,,Rose,,False,False,Acequinocyl 15% w/v SC,Two spotted mites  (Tetranychus urticae),numeric,NUM_UNIT,per_ha,75.0,30.3509,,,g,75g,numeric,NUM_UNIT,per_ha,500.0,202.339,,,ml,500 ml,10,False,resolved,10 days,crop_out_of_scope
insecticides_20260331.pdf,2,10,,,,False,False,Acephate 75%SP,,empty,EMPTY,,,,,,,,empty,EMPTY,,,,,,,,,False,not_applicable,,crop_blank
insecticides_20260331.pdf,2,13,,Safflower,,False,False,Acephate 75%SP,Aphids,numeric,BARE_NUMBER,per_ha,584.0,236.332,,,g,584,unparseable,BARE_NUMBER,,,,,,,780,15,False,resolved,15,crop_out_of_scope
insecticides_20260331.pdf,2,14,,Rice (Paddy),,False,False,Acephate 75%SP,"Yellow stem borer,  Leaf folder, Plant  Hoppers, Green  leaf hopper",numeric,BARE_RANGE,per_ha,500.0,202.339,750.0,303.5086,g,500 –750,unparseable,BARE_RANGE,,,,,,,666 –100,15,False,resolved,15,crop_out_of_scope
insecticides_20260331.pdf,2,15,,,,False,False,Acephate 97%DF,,empty,EMPTY,,,,,,,,empty,EMPTY,,,,,,,,,False,not_applicable,,crop_blank
insecticides_20260331.pdf,2,17,,Paddy(Rice),,False,False,Acephate 97%DF,"Yellow stem  borer, Leaf folder,  Plant hoppers,  Green leaf hopper",numeric,BARE_NUMBER,per_ha,727.5,294.4033,,,g,727.50,unparseable,BARE_NUMBER,,,,,,,750,21,False,resolved,21,crop_out_of_scope
insecticides_20260331.pdf,2,18,,,,False,False,Acephate 95%SG,,empty,EMPTY,,,,,,,,empty,EMPTY,,,,,,,,,False,not_applicable,,crop_blank
insecticides_20260331.pdf,2,19,,Rice(Paddy),,False,False,Acephate 95%SG,"Stem borer, Leaf  folder, Brown  plant hopper",numeric,BARE_NUMBER,per_ha,562.5,227.6314,,,g,562.50,unparseable,BARE_NUMBER,,,,,,,592,30,False,resolved,30,crop_out_of_scope
insecticides_20260331.pdf,3,0,,Chilli,,False,False,Acephate 95%SG,"Thrips, Fruit  borer  (Helicoverpa  armigera), Aphid",numeric,BARE_NUMBER,per_ha,750.0,303.5086,,,g,750,unparseable,BARE_NUMBER,,,,,,,790,7,False,resolved,07,crop_out_of_scope
insecticides_20260331.pdf,3,1,,Cardamom,,False,False,Acephate 95%SG,"Thrips, Shoot,  Panicle &  Capsule borer",numeric,BARE_NUMBER,per_ha,950.0,384.4442,,,g,950,unparseable,BARE_NUMBER,,,,,,,1000,14,False,resolved,14,crop_out_of_scope
insecticides_20260331.pdf,3,2,,,,False,False,Acetamiprid 20% SP,,empty,EMPTY,,,,,,,,empty,EMPTY,,,,,,,,,False,not_applicable,,crop_blank
insecticides_20260331.pdf,3,5,,Cabbage,,False,False,Acetamiprid 20% SP,Aphids,numeric,BARE_NUMBER,per_ha,15.0,6.0702,,,g,15,unparseable,BARE_NUMBER,,,,,,,75,7,False,resolved,07,crop_out_of_scope
insecticides_20260331.pdf,3,6,,Okra(Bhindi),,False,False,Acetamiprid 20% SP,Aphids,numeric,BARE_NUMBER,per_ha,15.0,6.0702,,,g,15,unparseable,BARE_NUMBER,,,,,,,75,3,False,resolved,03,crop_out_of_scope
insecticides_20260331.pdf,3,7,,Chilli,,False,False,Acetamiprid 20% SP,Thrips,numeric,BARE_RANGE,per_ha,10.0,4.0468,20.0,8.0936,g,10 –20,unparseable,BARE_RANGE,,,,,,,50 –100,3,False,resolved,03,crop_out_of_scope
insecticides_20260331.pdf,3,8,,Rice(Paddy),,False,False,Acetamiprid 20% SP,Brown plant hopper,numeric,BARE_RANGE,per_ha,10.0,4.0468,20.0,8.0936,g,10 –20,unparseable,BARE_RANGE,,,,,,,50 –100,7,False,resolved,07,crop_out_of_scope
insecticides_20260331.pdf,3,9,,Tea,,False,False,Acetamiprid 20% SP,Tea mosquito bug  (Helopeltis theivora),numeric,BARE_NUMBER,per_ha,24.0,9.7123,,,g,24,unparseable,BARE_NUMBER,,,,,,,120,7,False,resolved,07,crop_out_of_scope
insecticides_20260331.pdf,3,10,,,,False,False,Acetamiprid 25% + Bifenthrin 25 % WG,,empty,EMPTY,,,,,,,,empty,EMPTY,,,,,,,,,False,not_applicable,,crop_blank
insecticides_20260331.pdf,3,13,,,,False,False,Acynonapyr 18.19 % w/w SC,,empty,EMPTY,,,,,,,,empty,EMPTY,,,,,,,,,False,not_applicable,,crop_blank
insecticides_20260331.pdf,3,14,,Tea,,False,False,Acynonapyr 18.19 % w/w SC,Red Spider Mite,numeric,BARE_RANGE,per_ha,100.0,40.4678,150.0,60.7017,g,100-150,unparseable,BARE_RANGE,,,,,,,500-750,7,False,resolved,7,crop_out_of_scope
insecticides_20260331.pdf,3,15,,,,False,False,Afidopyropen50g/LDC,,empty,EMPTY,,,,,,,,empty,EMPTY,,,,,,,,,False,not_applicable,,crop_blank
insecticides_20260331.pdf,3,16,,Brinjal,,False,False,Afidopyropen50g/LDC,"Whitefly, Jassids",numeric,BARE_NUMBER,per_ha,50.0,20.2339,,,g,50,unparseable,BARE_NUMBER,,,,,,,1000,1,False,resolved,01,crop_out_of_scope
insecticides_20260331.pdf,3,18,,Cucumber,,False,False,Afidopyropen50g/LDC,Whitefly,numeric,BARE_RANGE,per_ha,35.0,14.1637,50.0,20.2339,g,35 –50,unparseable,BARE_RANGE,,,,,,,700 –1000,5,False,resolved,05,crop_out_of_scope
insecticides_20260331.pdf,3,19,,,,False,False,Alphacypermethrin10.00%EC,,empty,EMPTY,,,,,,,,empty,EMPTY,,,,,,,,,False,not_applicable,,crop_blank
insecticides_20260331.pdf,4,1,,,,False,False,Alphacypermethrin10.00%SC,,empty,EMPTY,,,,,,,,empty,EMPTY,,,,,,,,,False,not_applicable,,crop_blank
insecticides_20260331.pdf,4,3,,,,False,False,,,empty,EMPTY,,,,,,,,empty,EMPTY,,,,,,,,,False,not_applicable,,crop_blank
insecticides_20260331.pdf,4,4,,,,False,False,"Aluminum Phosphide56%(3gTablet,10gPouch)",,empty,EMPTY,,,,,,,,empty,EMPTY,,,,,,,,,False,not_applicable,,crop_blank
insecticides_20260331.pdf,4,6,,"Mild Products:  De-oiled Cakes,  Rice Bran Flour,  Grain Animal &  Poultry Food Split  Pulses (Dal) &  other Processed  Food",,False,False,"Aluminum Phosphide56%(3gTablet,10gPouch)","Long Headed Floor  Beetle, Coffee  Borer, Dried Fruit  Beetle, Flat Grain  Beetle, Carpet  Beetle",free_text,UNSUPPORTED_UNIT,free_text,,,,,,03 tablets/10 gm per  ton  or  225  gm/100  m3,unparseable,DEFECT_TIME_VALUE,,,,,,,05 days,,False,raised,Aeration is waiting  Period 07 days to  be checked PH3  detector strips.,crop_out_of_scope
insecticides_20260331.pdf,4,7,,Empty Go downs &  Sheds,,False,False,"Aluminum Phosphide56%(3gTablet,10gPouch)","Rice Moth,  Almond Moth,  Mites, Fruit Fly,  Granary Weevil,  Caddle or Flour  worm, Red Flour  Beetle, Indian Meal  Moth, Larger  cabinet Moth,  Wheat Kernel  Damage in the field  Cockroach.",free_text,UNSUPPORTED_UNIT,free_text,,,,,,14 tablets/1000 m3  or 150gm/ 100 m3 or  4 pouch 10 gms  each/ 1000 CFT or  150 gm/100 m3,unparseable,DEFECT_TIME_VALUE,,,,,,,72 hrs.,,False,raised,Aeration Period 24  hrs detector strips or  4 hosphine detect  tubes should be used  in the premises to  signal safety of  atmosphere.,crop_not_a_crop_cell
insecticides_20260331.pdf,4,8,,Rodents Burrows,,False,False,"Aluminum Phosphide56%(3gTablet,10gPouch)",Rodents,free_text,UNSUPPORTED_UNIT,free_text,,,,,,01 Tablet / Burrow,empty,NULL_MARKER,,,,,,,-,,False,not_applicable,-,crop_not_a_crop_cell
insecticides_20260331.pdf,5,0,,,,False,False,Aluminum Phosphide 15%(12g Tablet),,empty,EMPTY,,,,,,,,empty,EMPTY,,,,,,,,,False,not_applicable,,crop_blank
insecticides_20260331.pdf,5,2,,"Millets, pulses, dry  fruits, nuts, spices  & oilseeds (Air  tight cover or go  downs)",,False,False,Aluminum Phosphide 15%(12g Tablet),"Lesser Grain Borer,  Khapra Beetle, Saw  Toothed Grain  Beetle, Rice Moth,  Almond Moth",free_text,UNSUPPORTED_UNIT,free_text,,,,,,900 g/100 m3,empty,NULL_MARKER,,,,,,,-,5,False,resolved,05,crop_not_a_crop_cell
insecticides_20260331.pdf,5,3,,"Milled products:  De-oiled cakes,  Rice bran",,False,False,Aluminum Phosphide 15%(12g Tablet),Rust red flower   beetle,free_text,UNSUPPORTED_UNIT,free_text,,,,,,3 tablets/ton,unparseable,DEFECT_TIME_VALUE,,,,,,,48 hrs.,5,False,resolved,05,crop_out_of_scope
insecticides_20260331.pdf,5,4,,"Flour Suji meals  and Crushed grain  (Animal & poultry  feed), Split Pulses  Dals)",,False,False,Aluminum Phosphide 15%(12g Tablet),"Saw Toothed Grain,  Beetle, Rice Moth,  Almond Moth, long  headed flour beetle  & Mites",free_text,UNSUPPORTED_UNIT,free_text,,,,,,900 g/100 m3,unparseable,DEFECT_TIME_VALUE,,,,,,,48 hrs.,3,False,resolved,03,crop_out_of_scope
insecticides_20260331.pdf,5,5,,Other processed  Food and Empty  Godowns & Sheds  (under air tight  condition),,False,False,Aluminum Phosphide 15%(12g Tablet),All insect pests.,free_text,UNSUPPORTED_UNIT,free_text,,,,,,14 tablets/1000  tons  or  600 g/1000 m3,unparseable,DEFECT_TIME_VALUE,,,,,,,48 hrs.      24 hrs.,3,False,resolved,03,crop_not_a_crop_cell
insecticides_20260331.pdf,5,6,,,,False,False,Aluminium Phosphide 77.50% GR,,empty,EMPTY,,,,,,,,empty,EMPTY,,,,,,,,,False,not_applicable,,crop_blank
insecticides_20260331.pdf,5,7,,Stored Grain,,False,False,Aluminium Phosphide 77.50% GR,"Red Rust Flour  Beetle, Lesser  Grain Borer, Rice  Weevil, Khapra  Beetle",numeric,NUM_UNIT,per_ha,3.35,1.3557,,,g,3.35 gm,unparseable,DEFECT_TIME_VALUE,,,,,,,07days,1,False,resolved,24 hours,crop_out_of_scope
insecticides_20260331.pdf,5,8,,,,False,False,Aluminum Phosphide 06%Tablet,,empty,EMPTY,,,,,,,,empty,EMPTY,,,,,,,,,False,not_applicable,,crop_blank
insecticides_20260331.pdf,5,9,,Crop & Non-Crop  area,,False,False,Aluminum Phosphide 06%Tablet,Field rodents,free_text,UNSUPPORTED_UNIT,free_text,,,,,,0.72  g.a.i./burrow,free_text,PROSE_METHOD,free_text,,,,,,One tablet of 12  gm/burrow,,False,not_applicable,-,crop_out_of_scope
insecticides_20260331.pdf,5,10,,,,False,False,Barium Carbonate 1% P,,empty,EMPTY,,,,,,,,empty,EMPTY,,,,,,,,,False,not_applicable,,crop_blank
insecticides_20260331.pdf,5,11,,"Go downs,  Residential Premises,  Public halls",,False,False,Barium Carbonate 1% P,"Rats, Mice, Field  Rodents",free_text,UNSUPPORTED_UNIT,free_text,,,,,,10-20% Technical  material to be  mixed with bait,empty,NULL_MARKER,,,,,,,-,,False,not_applicable,-,crop_not_a_crop_cell
insecticides_20260331.pdf,5,12,,,,False,False,Beta-cyfluthrin 02.45%SC,,empty,EMPTY,,,,,,,,empty,EMPTY,,,,,,,,,False,not_applicable,,crop_blank
insecticides_20260331.pdf,6,0,,,,False,False,Benfuracarb 03%GR,,empty,EMPTY,,,,,,,,empty,EMPTY,,,,,,,,,False,not_applicable,,crop_blank
insecticides_20260331.pdf,6,1,,Rice (Paddy),,False,False,Benfuracarb 03%GR,"Stem borer, Leaf  folder, Brown plant  hopper",numeric,BARE_NUMBER,per_ha,1000.0,404.6781,,,g,1000,unparseable,BARE_NUMBER,,,,,,,33000,20,False,resolved,20,crop_out_of_scope
insecticides_20260331.pdf,6,2,,,,False,False,Benfuracarb 40%EC,,empty,EMPTY,,,,,,,,empty,EMPTY,,,,,,,,,False,not_applicable,,crop_blank
insecticides_20260331.pdf,6,4,,,,False,False,Benzpyrimoxan 10% SC,,empty,EMPTY,,,,,,,,empty,EMPTY,,,,,,,,,False,not_applicable,,crop_blank
insecticides_20260331.pdf,6,5,,Rice,,False,False,Benzpyrimoxan 10% SC,"Brown Plant Hopper,  White Backed Plant  Hopper",numeric,BARE_RANGE,per_ha,75.0,30.3509,100.0,40.4678,g,75-100,unparseable,BARE_RANGE,,,,,,,750-1000,31,False,resolved,31,crop_out_of_scope
insecticides_20260331.pdf,6,6,,,,False,False,Bifenazate 50% WP,,empty,EMPTY,,,,,,,,empty,EMPTY,,,,,,,,,False,not_applicable,,crop_blank
insecticides_20260331.pdf,6,7,,Rose,,False,False,Bifenazate 50% WP,Two Spotted Mite  (Tetranychus urticae),numeric,BARE_NUMBER,per_ha,375.0,151.7543,,,g,375,unparseable,BARE_NUMBER,,,,,,,750,,False,not_applicable,-,crop_out_of_scope
insecticides_20260331.pdf,6,8,,,,False,False,Bifenazate 22.60%SC,,empty,EMPTY,,,,,,,,empty,EMPTY,,,,,,,,,False,not_applicable,,crop_blank
insecticides_20260331.pdf,6,9,,Rose,,False,False,Bifenazate 22.60%SC,Two Spotted Mite  (Tetranychus urticae),numeric,BARE_NUMBER,per_ha,120.0,48.5614,,,g,120,unparseable,BARE_NUMBER,,,,,,,500,,False,not_applicable,-,crop_out_of_scope
insecticides_20260331.pdf,6,11,,,,False,False,Bifenthrin 08 %SC,,empty,EMPTY,,,,,,,,empty,EMPTY,,,,,,,,,False,not_applicable,,crop_blank
insecticides_20260331.pdf,6,12,,Tea,,False,False,Bifenthrin 08 %SC,"Red spider mite, Tea  Mosquito bug",numeric,BARE_NUMBER,per_ha,40.0,16.1871,,,g,40.00,unparseable,BARE_NUMBER,,,,,,,500,11,False,resolved,11,crop_out_of_scope
insecticides_20260331.pdf,6,13,,Apple,,False,False,Bifenthrin 08 %SC,Mites,numeric,PCT_EQUIV_FIRST,concentration_pct,0.006,,,,%,60 gm (0.006%  Conc.),numeric,PER_TREE,per_tree,7.5,,,,ml,7.50 ml/tree,21,False,resolved,21,crop_out_of_scope
insecticides_20260331.pdf,6,14,,,,False,False,Bifenthrin 08.80% CS,,empty,EMPTY,,,,,,,,empty,EMPTY,,,,,,,,,False,not_applicable,,crop_blank
insecticides_20260331.pdf,6,15,,Rice (Paddy),,False,False,Bifenthrin 08.80% CS,"Stem borer, Leaf  folder",numeric,BARE_NUMBER,per_ha,44.0,17.8058,,,g,44,unparseable,BARE_NUMBER,,,,,,,500,21,False,resolved,21,crop_out_of_scope
insecticides_20260331.pdf,6,16,,,,False,False,Bifenthrin 10 %EC,,empty,EMPTY,,,,,,,,empty,EMPTY,,,,,,,,,False,not_applicable,,crop_blank
insecticides_20260331.pdf,6,18,,Rice(Paddy),,False,False,Bifenthrin 10 %EC,"Stem borer, Leaf  folder, Green leaf  hopper",numeric,BARE_NUMBER,per_ha,50.0,20.2339,,,g,50,unparseable,BARE_NUMBER,,,,,,,500,21,False,resolved,21,crop_out_of_scope
insecticides_20260331.pdf,6,19,,Sugarcane,,False,False,Bifenthrin 10 %EC,Termites,numeric,BARE_NUMBER,per_ha,100.0,40.4678,,,g,100,unparseable,BARE_NUMBER,,,,,,,1000,300,False,resolved,300,crop_out_of_scope
insecticides_20260331.pdf,6,20,,,,False,False,Bifenthrin 02.50% EC,,empty,EMPTY,,,,,,,,empty,EMPTY,,,,,,,,,False,not_applicable,,crop_blank
insecticides_20260331.pdf,6,21,,,,False,False,Pre and post construction: Bifenthrin 2.5% EC shall be applied at 0.05% a.i. conc. i.e. 20.0 ml formulated product  diluted in 1 liter of water for the control of termites in building during pre and post construction. Treatment should be  as per IS 6313 (Part 2):2001 for pre construction chemical treatment and IS 6313 (Part-3): 2001 for post construction  treatment of the existing building.,,empty,EMPTY,,,,,,,,empty,EMPTY,,,,,,,,,False,not_applicable,,crop_blank
insecticides_20260331.pdf,7,0,,,,False,False,"2.  Recommendation for use of control of Wood borer (Powder Post Beetle) in plywood, veneer and wood",,empty,EMPTY,,,,,,,,empty,EMPTY,,,,,,,,,False,not_applicable,,crop_blank
insecticides_20260331.pdf,7,1,,,,False,False,,,empty,EMPTY,,,,,,,,empty,EMPTY,,,,,,,,,False,not_applicable,,crop_blank
insecticides_20260331.pdf,7,2,,Plywood,,False,False,"2.  Recommendation for use of control of Wood borer (Powder Post Beetle) in plywood, veneer and wood",Glue Line Poisoning,free_text,UNSUPPORTED_UNIT,free_text,,,,,,10 g/meter3 of  wood,empty,EMPTY,,,,,,,,,False,not_applicable,,crop_out_of_scope
insecticides_20260331.pdf,7,3,,Plywood,,False,False,"2.  Recommendation for use of control of Wood borer (Powder Post Beetle) in plywood, veneer and wood",Dipping,numeric,PCT_SINGLE,concentration_pct,0.025,,,,%,0.025%  Solution,empty,EMPTY,,,,,,,,,False,not_applicable,,crop_out_of_scope
insecticides_20260331.pdf,7,4,,Veneer,,False,False,"2.  Recommendation for use of control of Wood borer (Powder Post Beetle) in plywood, veneer and wood",Dipping,numeric,PCT_SINGLE,concentration_pct,0.025,,,,%,0.025%  Solution,empty,EMPTY,,,,,,,,,False,not_applicable,,crop_out_of_scope
insecticides_20260331.pdf,7,5,,Wood,,False,False,"2.  Recommendation for use of control of Wood borer (Powder Post Beetle) in plywood, veneer and wood",Dipping /Brushing,numeric,PCT_SINGLE,concentration_pct,0.025,,,,%,0.025%  Solution,empty,EMPTY,,,,,,,,,False,not_applicable,,crop_out_of_scope
insecticides_20260331.pdf,7,6,,,,False,False,Brodifacoum 0.005%w/w BB,,empty,EMPTY,,,,,,,,empty,EMPTY,,,,,,,,,False,not_applicable,,crop_blank
insecticides_20260331.pdf,7,7,,,,False,False,,,empty,EMPTY,,,,,,,,empty,EMPTY,,,,,,,,,False,not_applicable,,crop_blank
insecticides_20260331.pdf,7,8,,"Field rats/Bandicoot rats  (Bandoicota bengalensis;  B.indica) Indian house rat /  Black, Indian house rat/black  rat/roof rat (Rattus rattus; R.  meltade),",,False,False,Brodifacoum 0.005%w/w BB,,empty,EMPTY,,,,,,,,empty,EMPTY,,,,,,,,,False,not_applicable,,crop_out_of_scope
insecticides_20260331.pdf,7,9,,,,False,False,Housemouse/Fieldmouse  (Musmusculus),,empty,EMPTY,,,,,,,,empty,EMPTY,,,,,,,,,False,not_applicable,,crop_blank
insecticides_20260331.pdf,7,0,,,,False,False,Broflanilide 300 g/l SC,,empty,EMPTY,,,,,,,,empty,EMPTY,,,,,,,,,False,not_applicable,,crop_blank
insecticides_20260331.pdf,7,1,,Chilli,,False,False,Broflanilide 300 g/l SC,Fruit borer (Helicoverpa armigera),numeric,BARE_RANGE,per_ha,12.6,5.0989,18.6,7.527,g,12.6- 18.6,unparseable,BARE_RANGE,,,,,,,42-62,1,False,resolved,1,crop_out_of_scope
insecticides_20260331.pdf,7,2,,Chilli,,False,False,Broflanilide 300 g/l SC,Thrips (Scirtothrips dorsalis),numeric,BARE_RANGE,per_ha,18.6,7.527,25.2,10.1979,g,18.6- 25.2,unparseable,BARE_RANGE,,,,,,,62-84,1,False,resolved,1,crop_out_of_scope
insecticides_20260331.pdf,7,3,,Brinjal,,False,False,Broflanilide 300 g/l SC,Shoot and fruit borer (Leucinodes  orbonalis),numeric,BARE_RANGE,per_ha,12.6,5.0989,18.6,7.527,g,12.6- 18.6,unparseable,BARE_RANGE,,,,,,,42-62,1,False,resolved,1,crop_out_of_scope
insecticides_20260331.pdf,7,4,,Brinjal,,False,False,Broflanilide 300 g/l SC,Thrips (Thrips tabaci),numeric,BARE_RANGE,per_ha,18.5,7.4865,25.2,10.1979,g,18.5- 25.2,unparseable,BARE_RANGE,,,,,,,62-84,1,False,resolved,1,crop_out_of_scope
insecticides_20260331.pdf,7,8,,Chilli,,False,False,Broflanilide 300 g/l SC,Thrips (Scirtothrips dorsalis),numeric,BARE_RANGE,per_ha,18.6,7.527,25.2,10.1979,g,18.6 - 25.2,unparseable,BARE_RANGE,,,,,,,42-62,1,False,resolved,1,crop_out_of_scope
insecticides_20260331.pdf,7,9,,Chilli,,False,False,Broflanilide 300 g/l SC,Fruit and Shoot Borer (Helicoverpa  armigera),numeric,BARE_RANGE,per_ha,12.6,5.0989,18.6,7.527,g,12.6 – 18.6,unparseable,BARE_RANGE,,,,,,,62-84,,False,not_applicable,,crop_out_of_scope
insecticides_20260331.pdf,7,10,,,,False,False,Broflanilide 20% SC,,empty,EMPTY,,,,,,,,empty,EMPTY,,,,,,,,,False,not_applicable,,crop_blank
insecticides_20260331.pdf,8,0,,Brinjal,,False,False,Broflanilide 20% SC,"Shoot and fruit borer (Leucinodes  orbonalis), Thrips (Thrips tabaci) &  Jassids (Amrasca devastans)",numeric,BARE_NUMBER,per_ha,25.0,10.117,,,g,25,unparseable,BARE_NUMBER,,,,,,,125,1,False,resolved,1,crop_out_of_scope
insecticides_20260331.pdf,8,1,,Cabbage,,False,False,Broflanilide 20% SC,Diamond back moth (Plutella  xylostella) & Tobacco caterpillar  (Spodoptera litura),numeric,BARE_NUMBER,per_ha,25.0,10.117,,,g,25,unparseable,BARE_NUMBER,,,,,,,125,1,False,resolved,1,crop_out_of_scope
insecticides_20260331.pdf,8,2,,Chilli,,False,False,Broflanilide 20% SC,"Fruit borer (Helicoverpa armigera),  Tobacco caterpillar (Spodoptera  litura), Thrips (Thrips tabaci) and  Jassids (Amrasca devastans)",numeric,BARE_NUMBER,per_ha,25.0,10.117,,,g,25,unparseable,BARE_NUMBER,,,,,,,125,1,False,resolved,1,crop_out_of_scope
insecticides_20260331.pdf,8,3,,Okra,,False,False,Broflanilide 20% SC,"Fruit borer (Helicoverpa armigera),  Thrips (Thrips tabaci) and Jassids  (Amrasca devastans)",numeric,BARE_NUMBER,per_ha,25.0,10.117,,,g,25,unparseable,BARE_NUMBER,,,,,,,125,1,False,resolved,1,crop_out_of_scope
insecticides_20260331.pdf,8,4,,Maize,,False,False,Broflanilide 20% SC,Fall Army Worm,numeric,BARE_NUMBER,per_ha,25.0,10.117,,,g,25,unparseable,BARE_NUMBER,,,,,,,125,29,False,resolved,29,crop_out_of_scope
insecticides_20260331.pdf,8,9,,,,False,False,Bromadiolone 00.25% CB,,empty,EMPTY,,,,,,,,empty,EMPTY,,,,,,,,,False,not_applicable,,crop_blank
insecticides_20260331.pdf,8,10,,Paddy(Rice),,False,False,Bromadiolone 00.25% CB,"Field  Rat,  Large  Bandicota  Indian  house  rat,  Indian  field  mouse",numeric,BARE_NUMBER,per_ha,0.005,0.002,,,g,0.005,empty,NULL_MARKER,,,,,,,-,,False,not_applicable,-,crop_out_of_scope
insecticides_20260331.pdf,8,12,,"Groundnut,  Sugarcane",,False,False,Bromadiolone 00.25% CB,"Field Rat, Large Bandicota",numeric,BARE_NUMBER,per_ha,0.005,0.002,,,g,0.005,empty,NULL_MARKER,,,,,,,-,,False,not_applicable,-,crop_out_of_scope
insecticides_20260331.pdf,8,13,,Coconut/  Bamboo,,False,False,Bromadiolone 00.25% CB,Indian house rat,numeric,BARE_NUMBER,per_ha,0.005,0.002,,,g,0.005,empty,NULL_MARKER,,,,,,,-,,False,not_applicable,-,crop_out_of_scope
insecticides_20260331.pdf,8,14,,Residential  premises,,False,False,Bromadiolone 00.25% CB,"Field Rat, Large Bandicota",numeric,BARE_NUMBER,per_ha,0.005,0.002,,,g,0.005,empty,NULL_MARKER,,,,,,,-,,False,not_applicable,-,crop_not_a_crop_cell
insecticides_20260331.pdf,8,15,,Poultry Farm,,False,False,Bromadiolone 00.25% CB,"Indian house rat, House mouse",numeric,BARE_NUMBER,per_ha,0.005,0.002,,,g,0.005,empty,NULL_MARKER,,,,,,,-,,False,not_applicable,-,crop_not_a_crop_cell
insecticides_20260331.pdf,8,16,,,,False,False,Bromadiolone 00.005% RB,,empty,EMPTY,,,,,,,,empty,EMPTY,,,,,,,,,False,not_applicable,,crop_blank
insecticides_20260331.pdf,8,17,,Paddy (Rice),,False,False,Bromadiolone 00.005% RB,"Field Rat, Large  Bandicota, Indian house  rat",numeric,BARE_NUMBER,per_ha,0.005,0.002,,,g,0.005,empty,NULL_MARKER,,,,,,,-,,False,not_applicable,-,crop_out_of_scope
insecticides_20260331.pdf,8,18,,Wheat,,False,False,Bromadiolone 00.005% RB,"Indian Field mouse,  Field Rat",numeric,BARE_NUMBER,per_ha,0.005,0.002,,,g,0.005,empty,NULL_MARKER,,,,,,,-,,False,not_applicable,-,crop_out_of_scope
insecticides_20260331.pdf,8,20,,"Groundnut,  Sugarcane",,False,False,Bromadiolone 00.005% RB,"Field Rat, Large  Bandicota",numeric,BARE_NUMBER,per_ha,0.005,0.002,,,g,0.005,empty,NULL_MARKER,,,,,,,-,,False,not_applicable,-,crop_out_of_scope
insecticides_20260331.pdf,9,0,,Coconut/ Bamboo,,False,False,Bromadiolone 00.005% RB,"Indian house rat, Field  Rat Large Bandicota",numeric,BARE_NUMBER,per_ha,0.005,0.002,,,g,0.005,empty,NULL_MARKER,,,,,,,-,,False,not_applicable,-,crop_out_of_scope
insecticides_20260331.pdf,9,1,,Residential premises,,False,False,Bromadiolone 00.005% RB,"Indian House rat, House  mouse",numeric,BARE_NUMBER,per_ha,0.005,0.002,,,g,0.005,empty,NULL_MARKER,,,,,,,-,,False,not_applicable,-,crop_not_a_crop_cell
insecticides_20260331.pdf,9,2,,Poultry Farm,,False,False,Bromadiolone 00.005% RB,"Indian house rat, House  mouse, Large  Bandicota",numeric,BARE_NUMBER,per_ha,0.005,0.002,,,g,0.005,empty,NULL_MARKER,,,,,,,-,,False,not_applicable,-,crop_not_a_crop_cell
insecticides_20260331.pdf,10,0,,,,False,False,Buprofezin 25% SC,,empty,EMPTY,,,,,,,,empty,EMPTY,,,,,,,,,False,not_applicable,,crop_blank
insecticides_20260331.pdf,10,2,,Chilies,,False,False,Buprofezin 25% SC,Yellow Mite,numeric,BARE_RANGE,per_ha,75.0,30.3509,150.0,60.7017,g,75.0-150.0,unparseable,BARE_RANGE,,,,,,,300-600,5,False,resolved,05,crop_out_of_scope
insecticides_20260331.pdf,10,3,,Mango,,False,False,Buprofezin 25% SC,Hoppers,numeric,PCT_RANGE_BOTH,concentration_pct,0.025,,0.05,,%,0.025% -0.05%,numeric,PER_LITRE,per_litre_water,1.0,,2.0,,ml,1-2  ml/liter of  water,20,False,resolved,20,crop_out_of_scope
insecticides_20260331.pdf,10,5,,Rice,,False,False,Buprofezin 25% SC,"Brown plant hopper,  Green leaf hopper,  White Back Plant  Hopper",numeric,BARE_NUMBER,per_ha,200.0,80.9356,,,g,200,unparseable,BARE_NUMBER,,,,,,,800,20,False,resolved,20,crop_out_of_scope
insecticides_20260331.pdf,10,6,,,,False,False,Buprofezin 70%DF,,empty,EMPTY,,,,,,,,empty,EMPTY,,,,,,,,,False,not_applicable,,crop_blank
insecticides_20260331.pdf,10,7,,Okra (Bhindi),,False,False,Buprofezin 70%DF,Jassids,numeric,BARE_NUMBER,per_ha,200.0,80.9356,,,g,200,unparseable,BARE_NUMBER,,,,,,,286,5,False,resolved,05,crop_out_of_scope
insecticides_20260331.pdf,10,9,,Rice,,False,False,Buprofezin 70%DF,Brown plant hopper,numeric,BARE_NUMBER,per_ha,175.0,70.8187,,,g,175,unparseable,BARE_NUMBER,,,,,,,250,24,False,resolved,24,crop_out_of_scope
insecticides_20260331.pdf,10,10,,,,False,False,Carbofuran 03%CG,,empty,EMPTY,,,,,,,,empty,EMPTY,,,,,,,,,False,not_applicable,,crop_blank
insecticides_20260331.pdf,10,11,,Barley,,False,False,Carbofuran 03%CG,"Aphid, Cyst nematode",numeric,BARE_NUMBER,per_ha,1000.0,404.6781,,,g,1000,unparseable,BARE_NUMBER,,,,,,,33300,,False,not_applicable,-,crop_out_of_scope
insecticides_20260331.pdf,10,12,,Barley,,False,False,Carbofuran 03%CG,Jassids,numeric,BARE_NUMBER,per_ha,1250.0,505.8476,,,g,1250,unparseable,BARE_NUMBER,,,,,,,41600,,False,not_applicable,-,crop_out_of_scope
insecticides_20260331.pdf,10,13,,Bajra,,False,False,Carbofuran 03%CG,Shoot fly,numeric,BARE_NUMBER,per_ha,1500.0,607.0171,,,g,1500,unparseable,BARE_NUMBER,,,,,,,50000,,False,not_applicable,-,crop_out_of_scope
insecticides_20260331.pdf,10,14,,Sorghum,,False,False,Carbofuran 03%CG,Shoot fly,numeric,BARE_NUMBER,per_ha,1000.0,404.6781,,,g,1000,unparseable,BARE_NUMBER,,,,,,,33300,,False,not_applicable,-,crop_out_of_scope
insecticides_20260331.pdf,10,15,,Sorghum,,False,False,Carbofuran 03%CG,Stem borer,numeric,BARE_NUMBER,per_ha,250.0,101.1695,,,g,250,unparseable,BARE_NUMBER,,,,,,,8300,,False,not_applicable,-,crop_out_of_scope
insecticides_20260331.pdf,10,16,,Jute,,False,False,Carbofuran 03%CG,Nematodes,numeric,BARE_NUMBER,per_ha,1000.0,404.6781,,,g,1000,unparseable,BARE_NUMBER,,,,,,,33300,,False,not_applicable,-,crop_out_of_scope
insecticides_20260331.pdf,10,17,,Groundnut,,False,False,Carbofuran 03%CG,Pod borer,numeric,BARE_NUMBER,per_ha,1500.0,607.0171,,,g,1500,unparseable,BARE_NUMBER,,,,,,,50000,,False,not_applicable,-,crop_out_of_scope
insecticides_20260331.pdf,10,18,,Groundnut,,False,False,Carbofuran 03%CG,White grub,numeric,BARE_NUMBER,per_ha,1000.0,404.6781,,,g,1000,unparseable,BARE_NUMBER,,,,,,,33300,,False,not_applicable,-,crop_out_of_scope
insecticides_20260331.pdf,10,19,,French bean,,False,False,Carbofuran 03%CG,White grub,numeric,BARE_NUMBER,per_ha,700.0,283.2747,,,g,700,unparseable,BARE_NUMBER,,,,,,,23300,,False,not_applicable,-,crop_out_of_scope
insecticides_20260331.pdf,10,20,,Potato,,False,False,Carbofuran 03%CG,Aphid,numeric,BARE_NUMBER,per_ha,500.0,202.339,,,g,500,unparseable,BARE_NUMBER,,,,,,,16600,,False,not_applicable,-,crop_out_of_scope
insecticides_20260331.pdf,10,21,,Potato,,False,False,Carbofuran 03%CG,Jassids,numeric,BARE_NUMBER,per_ha,1000.0,404.6781,,,g,1000,unparseable,BARE_NUMBER,,,,,,,33300,,False,not_applicable,-,crop_out_of_scope
insecticides_20260331.pdf,10,23,,Apple,,False,False,Carbofuran 03%CG,Woolly aphid,numeric,PER_TREE,per_tree,5.0,,,,g,05/tree,unparseable,PER_TREE,,,,,,,166/tree,,False,not_applicable,-,crop_out_of_scope
insecticides_20260331.pdf,10,24,,Citrus,,False,False,Carbofuran 03%CG,Nematode,numeric,BARE_NUMBER,per_ha,360.0,145.6841,,,g,360,unparseable,BARE_NUMBER,,,,,,,12000,,False,not_applicable,-,crop_out_of_scope
insecticides_20260331.pdf,10,25,,Citrus,,False,False,Carbofuran 03%CG,Leaf miner,numeric,BARE_NUMBER,per_ha,1500.0,607.0171,,,g,1500,unparseable,BARE_NUMBER,,,,,,,50000,,False,not_applicable,-,crop_out_of_scope
insecticides_20260331.pdf,10,26,,Maize,,False,False,Carbofuran 03%CG,"Stem borer, Shoot fly, Thrips",numeric,BARE_NUMBER,per_ha,1000.0,404.6781,,,g,1000,unparseable,BARE_NUMBER,,,,,,,33300,,False,not_applicable,-,crop_out_of_scope
insecticides_20260331.pdf,10,27,,Paddy(Rice),,False,False,Carbofuran 03%CG,"Brown plant hopper, Gall  midge, Stem borer, Green leaf hopper, Hispa",numeric,BARE_NUMBER,per_ha,750.0,303.5086,,,g,750,unparseable,BARE_NUMBER,,,,,,,25000,,False,not_applicable,-,crop_out_of_scope
insecticides_20260331.pdf,11,1,,Paddy(Rice),,False,False,Carbofuran 03%CG,Nematodes,numeric,BARE_NUMBER,per_ha,1500.0,607.0171,,,g,1500,unparseable,BARE_NUMBER,,,,,,,50000,,False,not_applicable,-,crop_out_of_scope
insecticides_20260331.pdf,11,2,,Mustard,,False,False,Carbofuran 03%CG,Mustard leaf miner,numeric,BARE_NUMBER,per_ha,2000.0,809.3562,,,g,2000,unparseable,BARE_NUMBER,,,,,,,66600,,False,not_applicable,-,crop_out_of_scope
insecticides_20260331.pdf,11,3,,Mustard,,False,False,Carbofuran 03%CG,Whitefly,numeric,BARE_NUMBER,per_ha,1000.0,404.6781,,,g,1000,unparseable,BARE_NUMBER,,,,,,,33300,,False,not_applicable,-,crop_out_of_scope
insecticides_20260331.pdf,11,5,,Sugarcane,,False,False,Carbofuran 03%CG,Top borer,numeric,BARE_NUMBER,per_ha,2000.0,809.3562,,,g,2000,unparseable,BARE_NUMBER,,,,,,,66600,,False,not_applicable,-,crop_out_of_scope
insecticides_20260331.pdf,11,6,,Bhindi (Okra),,False,False,Carbofuran 03%CG,Jassids,numeric,BARE_NUMBER,per_ha,1000.0,404.6781,,,g,1000,unparseable,BARE_NUMBER,,,,,,,33300,,False,not_applicable,-,crop_out_of_scope
insecticides_20260331.pdf,11,7,,Chilli,,False,False,Carbofuran 03%CG,"Aphid, Thrips",numeric,BARE_NUMBER,per_ha,1000.0,404.6781,,,g,1000,unparseable,BARE_NUMBER,,,,,,,33300,,False,not_applicable,-,crop_out_of_scope
insecticides_20260331.pdf,11,8,,Cabbage,,False,False,Carbofuran 03%CG,Nematode,numeric,BARE_NUMBER,per_ha,1000.0,404.6781,,,g,1000,unparseable,BARE_NUMBER,,,,,,,50000,,False,not_applicable,-,crop_out_of_scope
insecticides_20260331.pdf,11,9,,Wheat,,False,False,Carbofuran 03%CG,Ear cockle nematode,numeric,BARE_NUMBER,per_ha,3000.0,1214.0342,,,g,3000,unparseable,BARE_NUMBER,,,,,,,10000,,False,not_applicable,-,crop_out_of_scope
insecticides_20260331.pdf,11,10,,Wheat,,False,False,Carbofuran 03%CG,Cereal cyst nematode,numeric,BARE_NUMBER,per_ha,2000.0,809.3562,,,g,2000,unparseable,BARE_NUMBER,,,,,,,66600,,False,not_applicable,-,crop_out_of_scope
insecticides_20260331.pdf,11,11,,Brinjal,,False,False,Carbofuran 03%CG,"Root knot nematode, Reniform  nematode",numeric,BARE_NUMBER,per_ha,2000.0,809.3562,,,g,2000,unparseable,BARE_NUMBER,,,,,,,66600,,False,not_applicable,-,crop_out_of_scope
insecticides_20260331.pdf,11,12,,Banana,,False,False,Carbofuran 03%CG,Rhizome weevil,numeric,PER_PLANT,per_plant,1.0,,,,g,01 g/ suckers,numeric,PER_PLANT,per_plant,33.0,,,,g,33 g/sucker,,False,not_applicable,-,crop_out_of_scope
insecticides_20260331.pdf,11,13,,Banana,,False,False,Carbofuran 03%CG,Aphid,numeric,PER_PLANT,per_plant,50.0,,,,g,50 g/ suckers,numeric,PER_PLANT,per_plant,166.0,,,,g,166 g/sucker,,False,not_applicable,-,crop_out_of_scope
insecticides_20260331.pdf,11,14,,Banana,,False,False,Carbofuran 03%CG,Nematode,numeric,PER_PLANT,per_plant,1.5,,,,g,1.5 g/suckers,numeric,PER_PLANT,per_plant,50.0,,,,g,50 g/suckers,,False,not_applicable,-,crop_out_of_scope
insecticides_20260331.pdf,11,15,,Peach,,False,False,Carbofuran 03%CG,Leaf curl aphid,numeric,BARE_NUMBER,per_ha,1000.0,404.6781,,,g,1000,unparseable,BARE_NUMBER,,,,,,,33300,,False,not_applicable,-,crop_out_of_scope
insecticides_20260331.pdf,11,16,,Mandarins,,False,False,Carbofuran 03%CG,Soft greens scale,numeric,PER_PLANT,per_plant,0.4,,,,g,0.40 g/plant,numeric,PER_PLANT,per_plant,13.3,,,,g,13.30 g/plant,,False,not_applicable,-,crop_out_of_scope
insecticides_20260331.pdf,11,17,,French bean,,False,False,Carbofuran 03%CG,White grubs,numeric,BARE_NUMBER,per_ha,750.0,303.5086,,,g,750,unparseable,BARE_NUMBER,,,,,,,23300,,False,not_applicable,-,crop_out_of_scope
insecticides_20260331.pdf,11,18,,French bean,,False,False,Carbofuran 03%CG,Grey & Stem weevil,numeric,BARE_NUMBER,per_ha,1000.0,404.6781,,,g,1000,unparseable,BARE_NUMBER,,,,,,,33300,,False,not_applicable,-,crop_out_of_scope
insecticides_20260331.pdf,11,19,,Pea,,False,False,Carbofuran 03%CG,Shoot fly & Aphid,numeric,BARE_NUMBER,per_ha,1000.0,404.6781,,,g,1000,empty,NULL_MARKER,,,,,,,-,,False,not_applicable,-,crop_out_of_scope
insecticides_20260331.pdf,11,20,,Tea,,False,False,Carbofuran 03%CG,Cock chafer grub,numeric,PER_PLANT,per_plant,0.3,,,,g,0.30 g/plant,numeric,PER_PLANT,per_plant,33.1,,,,g,33.10 g/plant,,False,not_applicable,-,crop_out_of_scope
insecticides_20260331.pdf,11,21,,,,False,False,Carbosulfan 06% Granules,,empty,EMPTY,,,,,,,,empty,EMPTY,,,,,,,,,False,not_applicable,,crop_blank
insecticides_20260331.pdf,11,22,,Rice(Paddy),,False,False,Carbosulfan 06% Granules,"Stem borer, Gall midge, Green  leaf hopper, Leaf folder",numeric,BARE_NUMBER,per_ha,1000.0,404.6781,,,g,1000,unparseable,BARE_NUMBER,,,,,,,16700,37,False,resolved,37,crop_out_of_scope
insecticides_20260331.pdf,11,23,,,,False,False,Carbosulfan 25% EC,,empty,EMPTY,,,,,,,,empty,EMPTY,,,,,,,,,False,not_applicable,,crop_blank
insecticides_20260331.pdf,11,24,,Rice (Paddy),,False,False,Carbosulfan 25% EC,"Green leaf hopper, White Back  Plant Hopper, Brown plant  hopper, Gall midge, Stem borer,  leaf folder",numeric,BARE_RANGE,per_ha,200.0,80.9356,250.0,101.1695,g,200 – 250,unparseable,BARE_RANGE,,,,,,,800 –  1000,14,False,resolved,14,crop_out_of_scope
insecticides_20260331.pdf,11,25,,Chilli,,False,False,Carbosulfan 25% EC,White aphid,numeric,BARE_RANGE,per_ha,200.0,80.9356,250.0,101.1695,g,200 – 250,unparseable,BARE_RANGE,,,,,,,800 –  1000,8,False,resolved,08,crop_out_of_scope
insecticides_20260331.pdf,11,26,,Cumin,,False,False,Carbosulfan 25% EC,"Aphid, Thrips",numeric,BARE_NUMBER,per_ha,312.5,126.4619,,,g,312.5,unparseable,BARE_NUMBER,,,,,,,1250,17,False,resolved,17,crop_out_of_scope
insecticides_20260331.pdf,11,27,,Brinjal,,False,False,Carbosulfan 25% EC,Fruit and Shoot borer,numeric,BARE_NUMBER,per_ha,312.5,126.4619,,,g,312.5,unparseable,BARE_NUMBER,,,,,,,1250,5,False,resolved,5,crop_out_of_scope
insecticides_20260331.pdf,12,0,,,,False,False,Carbosulfan 25% DS,,empty,EMPTY,,,,,,,,empty,EMPTY,,,,,,,,,False,not_applicable,,crop_blank
insecticides_20260331.pdf,12,2,,,,False,False,Cartap Hydrochloride 04% Granules,,empty,EMPTY,,,,,,,,empty,EMPTY,,,,,,,,,False,not_applicable,,crop_blank
insecticides_20260331.pdf,12,3,,Rice (Paddy),,False,False,Cartap Hydrochloride 04% Granules,Stem borer,numeric,BARE_NUMBER,per_ha,750.0,303.5086,,,g,750.0,unparseable,BARE_NUMBER,,,,,,,18750,,False,not_applicable,-,crop_out_of_scope
insecticides_20260331.pdf,12,4,,Rice (Paddy),,False,False,Cartap Hydrochloride 04% Granules,"Leaf folder, Whorl maggot",numeric,BARE_RANGE,per_ha,750.0,303.5086,1000.0,404.6781,g,750-1000,unparseable,BARE_RANGE,,,,,,,18750-25000,,False,not_applicable,-,crop_out_of_scope
insecticides_20260331.pdf,12,5,,,,False,False,Cartap Hydrochloride 50% SP,,empty,EMPTY,,,,,,,,empty,EMPTY,,,,,,,,,False,not_applicable,,crop_blank
insecticides_20260331.pdf,12,6,,Rice (Paddy),,False,False,Cartap Hydrochloride 50% SP,"Stem borer, Leaf folder",numeric,BARE_NUMBER,per_ha,500.0,202.339,,,g,500,unparseable,BARE_NUMBER,,,,,,,1000,21,False,resolved,21,crop_out_of_scope
insecticides_20260331.pdf,12,7,,,,False,False,Cartap Hydrochloride 75%SG,,empty,EMPTY,,,,,,,,empty,EMPTY,,,,,,,,,False,not_applicable,,crop_blank
insecticides_20260331.pdf,12,8,,Rice,,False,False,Cartap Hydrochloride 75%SG,"Yellow stem borer, Leaf  folder",numeric,BARE_RANGE,per_ha,318.75,128.9911,375.0,151.7543,g,318.75 –375,unparseable,BARE_RANGE,,,,,,,425 –500,89,False,resolved,35-89,crop_out_of_scope
insecticides_20260331.pdf,12,9,,,,False,False,Chlorantraniliprole 18.50% SC,,empty,EMPTY,,,,,,,,empty,EMPTY,,,,,,,,,False,not_applicable,,crop_blank
insecticides_20260331.pdf,12,10,,Rice,,False,False,Chlorantraniliprole 18.50% SC,"Stem borer, Leaf folder",numeric,BARE_NUMBER,per_ha,30.0,12.1403,,,g,30,unparseable,BARE_NUMBER,,,,,,,150,47,False,resolved,47,crop_out_of_scope
insecticides_20260331.pdf,12,11,,Cabbage,,False,False,Chlorantraniliprole 18.50% SC,Diamond back moth,numeric,BARE_NUMBER,per_ha,10.0,4.0468,,,g,10,unparseable,BARE_NUMBER,,,,,,,50,3,False,resolved,03,crop_out_of_scope
insecticides_20260331.pdf,12,13,,Sugarcane,,False,False,Chlorantraniliprole 18.50% SC,Termite,numeric,BARE_RANGE,per_ha,100.0,40.4678,125.0,50.5848,g,100 – 125,unparseable,BARE_RANGE,,,,,,,500 – 625,208,False,resolved,208,crop_out_of_scope
insecticides_20260331.pdf,12,14,,Sugarcane,,False,False,Chlorantraniliprole 18.50% SC,"Early shoot borer, Top borer",numeric,BARE_NUMBER,per_ha,75.0,30.3509,,,g,75,unparseable,BARE_NUMBER,,,,,,,375,208,False,resolved,208,crop_out_of_scope
insecticides_20260331.pdf,12,16,,Chilli,,False,False,Chlorantraniliprole 18.50% SC,Fruit borer and Tobacco  caterpillar,numeric,BARE_NUMBER,per_ha,30.0,12.1403,,,g,30,unparseable,BARE_NUMBER,,,,,,,150,3,False,resolved,03,crop_out_of_scope
insecticides_20260331.pdf,12,17,,Brinjal,,False,False,Chlorantraniliprole 18.50% SC,Shoot & Fruit borer,numeric,BARE_NUMBER,per_ha,40.0,16.1871,,,g,40,unparseable,BARE_NUMBER,,,,,,,200,22,False,resolved,22,crop_out_of_scope
insecticides_20260331.pdf,12,21,,Black gram,,False,False,Chlorantraniliprole 18.50% SC,Pod borers,numeric,BARE_NUMBER,per_ha,20.0,8.0936,,,g,20,unparseable,BARE_NUMBER,,,,,,,100,20,False,resolved,20,crop_out_of_scope
insecticides_20260331.pdf,12,22,,Bitter gourd,,False,False,Chlorantraniliprole 18.50% SC,Fruit borers & Leaf   Caterpillars,numeric,BARE_RANGE,per_ha,20.0,8.0936,25.0,10.117,g,20 – 25,unparseable,BARE_RANGE,,,,,,,100 – 125,7,False,resolved,07,crop_out_of_scope
insecticides_20260331.pdf,12,23,,Okra (Bhindi),,False,False,Chlorantraniliprole 18.50% SC,Fruit Borer,numeric,BARE_NUMBER,per_ha,25.0,10.117,,,g,25,unparseable,BARE_NUMBER,,,,,,,125,5,False,resolved,05,crop_out_of_scope
insecticides_20260331.pdf,12,24,,Maize,,False,False,Chlorantraniliprole 18.50% SC,"Spotted stem borer (Chilo  partellus), Pink stem borer  (Sesamiainferens), Fall army  worm (Spodoptera frugiperda)",numeric,BARE_NUMBER,per_ha,40.0,16.1871,,,g,40,unparseable,BARE_NUMBER,,,,,,,200,10,False,resolved,10,crop_out_of_scope
insecticides_20260331.pdf,12,25,,Groundnut,,False,False,Chlorantraniliprole 18.50% SC,Tobacco caterpillar (Spodoptera litura),numeric,BARE_NUMBER,per_ha,30.0,12.1403,,,g,30,unparseable,BARE_NUMBER,,,,,,,150,28,False,resolved,28,crop_out_of_scope
insecticides_20260331.pdf,13,1,,Green gram,,False,False,Chlorantraniliprole 18.50% SC,"Pod borers (Helicoverpa  armigera, Spodoptera litura  and Maruca testulatis)",numeric,BARE_NUMBER,per_ha,25.0,10.117,,,g,25,unparseable,BARE_NUMBER,,,,,,,125,14,False,resolved,14,crop_out_of_scope
insecticides_20260331.pdf,13,3,,,,False,False,Chlorantraniliprole 00.40% GR,,empty,EMPTY,,,,,,,,empty,EMPTY,,,,,,,,,False,not_applicable,,crop_blank
insecticides_20260331.pdf,13,4,,Rice(Paddy),,False,False,Chlorantraniliprole 00.40% GR,"Yellow stem borer  (Scirpophaga incertulas), Leaf  folder (Cnaphalocrocis  medinalis)",numeric,BARE_NUMBER,per_ha,40.0,16.1871,,,g,40,numeric,NUM_UNIT,per_ha,10.0,4.0468,,,kg,10 kg,53,False,resolved,53,crop_out_of_scope
insecticides_20260331.pdf,13,5,,Sugarcane,,False,False,Chlorantraniliprole 00.40% GR,"Early shoot borer, Top  borer",numeric,BARE_NUMBER,per_ha,75.0,30.3509,,,g,75,numeric,NUM_UNIT,per_ha,18.75,7.5877,,,kg,18.75 kg,147,False,resolved,147,crop_out_of_scope
insecticides_20260331.pdf,13,6,,Maize,,False,False,Chlorantraniliprole 00.40% GR,"Fall armyworm  (Spodoptera frugiperda),  stem borer (Chilo  partellus) and pink stem  borer (Sesamia inferns)",numeric,BARE_NUMBER,per_ha,50.0,20.2339,,,g,50,unparseable,BARE_NUMBER,,,,,,,12.5,65,False,resolved,65,crop_out_of_scope
insecticides_20260331.pdf,13,7,,,,False,False,CHLORANTRANILIPROLE 0.53% w/w GR,,empty,EMPTY,,,,,,,,empty,EMPTY,,,,,,,,,False,not_applicable,,crop_blank
insecticides_20260331.pdf,13,8,,Rice,,False,False,CHLORANTRANILIPROLE 0.53% w/w GR,"Yellow stem borer  (Scirpophaga incertulas),  Leaf folder  (Cnaphalocrocis  medinalis)",numeric,BARE_NUMBER,per_ha,39.75,16.086,,,g,39.75,numeric,NUM_UNIT,per_ha,7500.0,3035.0856,,,g,7500 g,63,False,resolved,63,crop_out_of_scope
insecticides_20260331.pdf,13,9,,,,False,False,Chlorantraniliprole 5% w/w DT,,empty,EMPTY,,,,,,,,empty,EMPTY,,,,,,,,,False,not_applicable,,crop_blank
insecticides_20260331.pdf,13,10,,Rice,,False,False,Chlorantraniliprole 5% w/w DT,"Yellow Stem borer  (Scirpophaga incertulas), rice  leaf folder (Cnaphalocrocis  medinalis)",numeric,BARE_RANGE,per_ha,40.0,16.1871,50.0,20.2339,g,40-50,free_text,UNSUPPORTED_UNIT,free_text,,,,,,1000-1250  (no of  tablets),47,False,resolved,47,crop_out_of_scope
insecticides_20260331.pdf,13,11,,,,False,False,Chlorantraniliprole 35%WG,,empty,EMPTY,,,,,,,,empty,EMPTY,,,,,,,,,False,not_applicable,,crop_blank
insecticides_20260331.pdf,13,12,,Okra,,False,False,Chlorantraniliprole 35%WG,Fruit borer  (Helicoverpa  armigera & Earias  vittella),numeric,BARE_NUMBER,per_ha,25.0,10.117,,,g,25,unparseable,BARE_NUMBER,,,,,,,71,5,False,resolved,05,crop_out_of_scope
insecticides_20260331.pdf,13,14,,,,False,False,CHLORANTRANILIPROLE 47.85 % w/w SC,,empty,EMPTY,,,,,,,,empty,EMPTY,,,,,,,,,False,not_applicable,,crop_blank
insecticides_20260331.pdf,14,2,,Sugarcane,,False,False,CHLORANTRANILIPROLE 47.85 % w/w SC,"Early shoot borer  (Chilo infuscatellus),  Top Borer  (Scirpophaga  excerptalis), Stalk  borer (Chilo  auricilius)",numeric,BARE_NUMBER,per_ha,75.0,30.3509,,,g,75,unparseable,BARE_NUMBER,,,,,,,125,214,False,resolved,214,crop_out_of_scope
insecticides_20260331.pdf,14,4,,Maize,,False,False,CHLORANTRANILIPROLE 47.85 % w/w SC,Fall armyworm  (Spodoptera  frugiperda) Stem  borer (Chilo partellus)  Pink stem borer  (Sesamia inference),numeric,BARE_RANGE,per_ha,40.0,16.1871,50.0,20.2339,g,40-50,unparseable,BARE_RANGE,,,,,,,67-83,87,False,resolved,87,crop_out_of_scope
insecticides_20260331.pdf,14,5,,Rice,,False,False,CHLORANTRANILIPROLE 47.85 % w/w SC,"Yellow stem borer  (Scirpophaga  incertulas), Rice leaf  folder (Cnaphalocrocis  medinalis)",numeric,BARE_NUMBER,per_ha,30.0,12.1403,,,g,30,unparseable,BARE_NUMBER,,,,,,,50,47,False,resolved,47,crop_out_of_scope
insecticides_20260331.pdf,14,7,,Chili,,False,False,CHLORANTRANILIPROLE 47.85 % w/w SC,Fruit borer  (Helicoverpa armigera)  Tobacco caterpillar  (Spodoptera litura)  Beet army worm  (Spodoptera Exigua),numeric,BARE_NUMBER,per_ha,30.0,12.1403,,,g,30,unparseable,BARE_NUMBER,,,,,,,50,3,False,resolved,3,crop_out_of_scope
insecticides_20260331.pdf,14,8,,Groundnut,,False,False,CHLORANTRANILIPROLE 47.85 % w/w SC,Tobacco caterpillar  (Spodoptera litura)  Groundnut leaf  miner (Aproaerema  modicella),numeric,BARE_NUMBER,per_ha,30.0,12.1403,,,g,30,unparseable,BARE_NUMBER,,,,,,,50,34,False,resolved,34,crop_out_of_scope
insecticides_20260331.pdf,15,1,,Green gram,,False,False,CHLORANTRANILIPROLE 47.85 % w/w SC,Pod borer  (Helicoverpa  armigera) Tobacco  caterpillar (Spodoptera  litura) Green semi  looper (Crysodeixis  acuta) Spotted pod  borer (Maruca  testulalis),numeric,BARE_NUMBER,per_ha,25.0,10.117,,,g,25,unparseable,BARE_NUMBER,,,,,,,41.67,26,False,resolved,26,crop_out_of_scope
insecticides_20260331.pdf,15,2,,,,False,False,Chlorantraniliprole 50% W/w FS,,empty,EMPTY,,,,,,,,empty,EMPTY,,,,,,,,,False,not_applicable,,crop_blank
insecticides_20260331.pdf,15,3,,Rice,,False,False,Chlorantraniliprole 50% W/w FS,"Yellow Stem borer  (Scirpophaga  incertulas), Leaf folder  (Cnaphalocrocis  medinalis)",numeric,BARE_NUMBER,per_ha,75.0,30.3509,,,g,75,unparseable,BARE_NUMBER,,,,,,,120,,False,not_applicable,-,crop_out_of_scope
insecticides_20260331.pdf,15,4,,Maize,,False,False,Chlorantraniliprole 50% W/w FS,Spotted Stemborer  (Chilo partellus),numeric,BARE_NUMBER,per_ha,40.0,16.1871,,,g,40,unparseable,BARE_NUMBER,,,,,,,64,,False,not_applicable,-,crop_out_of_scope
insecticides_20260331.pdf,15,5,,Maize,,False,False,Chlorantraniliprole 50% W/w FS,Fall army worm  (Spodoptera  frugiperda),numeric,BARE_NUMBER,per_ha,70.0,28.3275,,,g,70,unparseable,BARE_NUMBER,,,,,,,112,,False,not_applicable,,crop_out_of_scope
insecticides_20260331.pdf,15,6,,,,False,False,Chlorantraniliprole 15 % w/w + Emamectin benzoate 7.5% w/w SC,,empty,EMPTY,,,,,,,,empty,EMPTY,,,,,,,,,False,not_applicable,,crop_blank
insecticides_20260331.pdf,15,8,,Rice,,False,False,Chlorantraniliprole 15 % w/w + Emamectin benzoate 7.5% w/w SC,Yellow Stem Borer  (Scirpophaga  incertulas) and Leaf  folder (Cnaphalocrosis  medinalis),free_text,COMPOUND,free_text,,,,,,30 + 15,unparseable,BARE_NUMBER,,,,,,,200,46,False,resolved,46,crop_out_of_scope
insecticides_20260331.pdf,15,11,,,,False,False,Chlorantraniliprole 0.4% + Fipronil 0.6% + Clothianidin 1.00% w/w GR,,empty,EMPTY,,,,,,,,empty,EMPTY,,,,,,,,,False,not_applicable,,crop_blank
insecticides_20260331.pdf,15,12,,Groundnut,,False,False,Chlorantraniliprole 0.4% + Fipronil 0.6% + Clothianidin 1.00% w/w GR,White grub & Termite,free_text,COMPOUND,free_text,,,,,,30+45+75,unparseable,BARE_NUMBER,,,,,,,7500,,False,not_applicable,NA,crop_out_of_scope
insecticides_20260331.pdf,15,13,,Paddy,,False,False,Chlorantraniliprole 0.4% + Fipronil 0.6% + Clothianidin 1.00% w/w GR,"Yellow stem borer, Leaf  folder, Gall midge and  Whorl maggot",free_text,COMPOUND,free_text,,,,,,30+45+75,unparseable,BARE_NUMBER,,,,,,,7500,58,False,resolved,58,crop_out_of_scope
insecticides_20260331.pdf,15,14,,Sugarcane,,False,False,Chlorantraniliprole 0.4% + Fipronil 0.6% + Clothianidin 1.00% w/w GR,"Early shoot borer,  Termite, White grub",free_text,COMPOUND,free_text,,,,,,40+60+100,numeric,NUM_UNIT,per_ha,10000.0,4046.7808,,,g,10000 gm,156,False,resolved,156,crop_out_of_scope
insecticides_20260331.pdf,15,15,,,,False,False,Chlorfenapyr 10% SC,,empty,EMPTY,,,,,,,,empty,EMPTY,,,,,,,,,False,not_applicable,,crop_blank
insecticides_20260331.pdf,15,16,,Cabbage,,False,False,Chlorfenapyr 10% SC,Diamond back moth  (Plutella xylostella),numeric,BARE_RANGE,per_ha,75.0,30.3509,100.0,40.4678,g,75 –100,unparseable,BARE_RANGE,,,,,,,750 – 1000,7,False,resolved,07,crop_out_of_scope
insecticides_20260331.pdf,15,17,,Chilli,,False,False,Chlorfenapyr 10% SC,Mites (Polyphagotarsonemus  latus),numeric,BARE_RANGE,per_ha,75.0,30.3509,100.0,40.4678,g,75 –100,unparseable,BARE_RANGE,,,,,,,750 – 1000,5,False,resolved,05,crop_out_of_scope
insecticides_20260331.pdf,16,1,,,,False,False,Chlorfenapyr 240 g/LSC,,empty,EMPTY,,,,,,,,empty,EMPTY,,,,,,,,,False,not_applicable,,crop_blank
insecticides_20260331.pdf,16,5,,Brinjal,,False,False,Chlorfenapyr 240 g/LSC,Fruit and Shoot  Borer and Mites,numeric,BARE_RANGE,per_ha,192.0,77.6982,240.0,97.1227,g,192-240,unparseable,BARE_RANGE,,,,,,,800-1000,10,False,resolved,10,crop_out_of_scope
insecticides_20260331.pdf,16,6,,Chilli,,False,False,Chlorfenapyr 240 g/LSC,"Mites, Thrips and  Spodoptera litura",numeric,BARE_RANGE,per_ha,75.0,30.3509,102.0,41.2772,g,75-102,unparseable,BARE_RANGE,,,,,,,312.5-425,7,False,resolved,7,crop_out_of_scope
insecticides_20260331.pdf,16,7,,Chilli,,False,False,Chlorfenapyr 240 g/LSC,Helicoverpa  armigera,numeric,BARE_RANGE,per_ha,192.0,77.6982,240.0,97.1227,g,192-240,unparseable,BARE_RANGE,,,,,,,800-1000,7,False,resolved,7,crop_out_of_scope
insecticides_20260331.pdf,16,9,,,,False,False,Chlorfluazuron 05.40%EC,,empty,EMPTY,,,,,,,,empty,EMPTY,,,,,,,,,False,not_applicable,,crop_blank
insecticides_20260331.pdf,16,10,,Cabbage,,False,False,Chlorfluazuron 05.40%EC,"Diamond back moth,  Tobacco leaf eating  caterpillar",numeric,BARE_NUMBER,per_ha,75.0,30.3509,,,g,75,unparseable,BARE_NUMBER,,,,,,,1500,7,False,resolved,07,crop_out_of_scope
insecticides_20260331.pdf,16,13,,Chilli,,False,False,Chlorfluazuron 05.40%EC,"Fruit Borer  (Helicoverpa  amigera), Tobacco  Caterpillar  (Spodoptera litura)",numeric,BARE_NUMBER,per_ha,100.0,40.4678,,,g,100,unparseable,BARE_NUMBER,,,,,,,2000,3,False,resolved,3,crop_out_of_scope
insecticides_20260331.pdf,16,15,,,,False,False,Chlorpyrifos10 % Granules,,empty,EMPTY,,,,,,,,empty,EMPTY,,,,,,,,,False,not_applicable,,crop_blank
insecticides_20260331.pdf,16,16,,Rice (Paddy),,False,False,Chlorpyrifos10 % Granules,"Stem borer, Leaf folder,  Gall midge",numeric,BARE_NUMBER,per_ha,1000.0,404.6781,,,g,1000,unparseable,BARE_NUMBER,,,,,,,10000,30,False,resolved,30,crop_out_of_scope
insecticides_20260331.pdf,17,0,,,,False,False,Chlorpyriphos 75%w/w WG,,empty,EMPTY,,,,,,,,empty,EMPTY,,,,,,,,,False,not_applicable,,crop_blank
insecticides_20260331.pdf,17,1,,Rice,,False,False,Chlorpyriphos 75%w/w WG,Yellow stem borer (Scirpophaga  incertulas),numeric,BARE_RANGE,per_ha,375.0,151.7543,400.0,161.8712,g,375 –400,unparseable,BARE_RANGE,,,,,,,500 –533,15,False,resolved,15,crop_out_of_scope
insecticides_20260331.pdf,17,2,,,,False,False,Chlorpyrifos 19% ME,,empty,EMPTY,,,,,,,,empty,EMPTY,,,,,,,,,False,not_applicable,,crop_blank
insecticides_20260331.pdf,17,3,,Paddy,,False,False,Chlorpyrifos 19% ME,Stem Borer,numeric,BARE_NUMBER,per_ha,270.75,109.5666,,,g,270.75,unparseable,BARE_NUMBER,,,,,,,1425,30,False,resolved,30,crop_out_of_scope
insecticides_20260331.pdf,17,4,,,,False,False,Chlorpyrifos 20% EC,,empty,EMPTY,,,,,,,,empty,EMPTY,,,,,,,,,False,not_applicable,,crop_blank
insecticides_20260331.pdf,17,5,,Paddy (Rice),,False,False,Chlorpyrifos 20% EC,Hispa,numeric,BARE_NUMBER,per_ha,250.0,101.1695,,,g,250,unparseable,BARE_NUMBER,,,,,,,1250,,False,not_applicable,-,crop_out_of_scope
insecticides_20260331.pdf,17,6,,Paddy (Rice),,False,False,Chlorpyrifos 20% EC,Leaf folder,numeric,BARE_NUMBER,per_ha,375.0,151.7543,,,g,375,unparseable,BARE_NUMBER,,,,,,,1875,,False,not_applicable,-,crop_out_of_scope
insecticides_20260331.pdf,17,7,,Paddy (Rice),,False,False,Chlorpyrifos 20% EC,"Gall midge, Stem borer,  Whorl maggot",numeric,BARE_NUMBER,per_ha,250.0,101.1695,,,g,250,unparseable,BARE_NUMBER,,,,,,,1250,,False,not_applicable,-,crop_out_of_scope
insecticides_20260331.pdf,17,8,,Beans,,False,False,Chlorpyrifos 20% EC,"Pod borer, Black bug",numeric,BARE_NUMBER,per_ha,600.0,242.8068,,,g,600,unparseable,BARE_NUMBER,,,,,,,3000,,False,not_applicable,-,crop_out_of_scope
insecticides_20260331.pdf,17,10,,Sugarcane,,False,False,Chlorpyrifos 20% EC,Black bug,numeric,BARE_NUMBER,per_ha,150.0,60.7017,,,g,150,unparseable,BARE_NUMBER,,,,,,,750,,False,not_applicable,-,crop_out_of_scope
insecticides_20260331.pdf,17,11,,Sugarcane,,False,False,Chlorpyrifos 20% EC,Early shoot & stalk borer,numeric,BARE_RANGE,per_ha,250.0,101.1695,300.0,121.4034,g,250 –300,unparseable,BARE_RANGE,,,,,,,1250 – 1500,,False,not_applicable,-,crop_out_of_scope
insecticides_20260331.pdf,17,12,,Sugarcane,,False,False,Chlorpyrifos 20% EC,Pyrilla,numeric,BARE_NUMBER,per_ha,300.0,121.4034,,,g,300,unparseable,BARE_NUMBER,,,,,,,1500,,False,not_applicable,-,crop_out_of_scope
insecticides_20260331.pdf,17,15,,Groundnut,,False,False,Chlorpyrifos 20% EC,Aphid,numeric,BARE_NUMBER,per_ha,200.0,80.9356,,,g,200,unparseable,BARE_NUMBER,,,,,,,1000,,False,not_applicable,-,crop_out_of_scope
insecticides_20260331.pdf,17,16,,Groundnut,,False,False,Chlorpyrifos 20% EC,Root grub,numeric,BARE_NUMBER,per_ha,225.0,91.0526,,,g,225,unparseable,BARE_NUMBER,,,,,,,1125,,False,not_applicable,-,crop_out_of_scope
insecticides_20260331.pdf,17,17,,Mustard,,False,False,Chlorpyrifos 20% EC,Aphid,numeric,BARE_NUMBER,per_ha,100.0,40.4678,,,g,100,unparseable,BARE_NUMBER,,,,,,,500,,False,not_applicable,-,crop_out_of_scope
insecticides_20260331.pdf,17,18,,Brinjal,,False,False,Chlorpyrifos 20% EC,Shoot &fruit borer,numeric,BARE_NUMBER,per_ha,200.0,80.9356,,,g,200,unparseable,BARE_NUMBER,,,,,,,1000,,False,not_applicable,-,crop_out_of_scope
insecticides_20260331.pdf,17,19,,Cabbage,,False,False,Chlorpyrifos 20% EC,Diamond back moth,numeric,BARE_NUMBER,per_ha,400.0,161.8712,,,g,400,unparseable,BARE_NUMBER,,,,,,,2000,,False,not_applicable,-,crop_out_of_scope
insecticides_20260331.pdf,17,21,,Apple,,False,False,Chlorpyrifos 20% EC,Aphid,numeric,PCT_SINGLE,concentration_pct,0.05,,,,%,0.05%,unparseable,BARE_RANGE,,,,,,,3750- 5000,,False,not_applicable,-,crop_out_of_scope
insecticides_20260331.pdf,17,22,,Ber,,False,False,Chlorpyrifos 20% EC,Leafhopper,numeric,PCT_SINGLE,concentration_pct,0.03,,,,%,0.03%,unparseable,BARE_RANGE,,,,,,,2250- 3000,,False,not_applicable,-,crop_out_of_scope
insecticides_20260331.pdf,17,23,,Citrus,,False,False,Chlorpyrifos 20% EC,"Black citrus, Aphid",numeric,PCT_SINGLE,concentration_pct,0.02,,,,%,0.02%,unparseable,BARE_RANGE,,,,,,,1500- 2000,,False,not_applicable,-,crop_out_of_scope
insecticides_20260331.pdf,17,24,,Tobacco,,False,False,Chlorpyrifos 20% EC,Ground beetle,numeric,BARE_NUMBER,per_ha,350.0,141.6373,,,g,350,unparseable,BARE_NUMBER,,,,,,,1750,,False,not_applicable,-,crop_out_of_scope
insecticides_20260331.pdf,17,25,,,,False,False,Termite control  ➢  Non cropped area: Building (Pre & Post construction treatment @1.0%a.i.)  Forestry@1.0% a.i.  ➢  Cropped area:Wheat:3-4 ml/kg seed  ➢  Barley:4-6 ml/kgs seed  Gram:15-30 ml/kg seed  ➢  Soil treatment: Wheat: 2-3lit/ha.,,empty,EMPTY,,,,,,,,empty,EMPTY,,,,,,,,,False,not_applicable,,crop_blank
insecticides_20260331.pdf,18,0,,,,False,False,Sugarcane: 6.25lit/ha.,,empty,EMPTY,,,,,,,,empty,EMPTY,,,,,,,,,False,not_applicable,,crop_blank
insecticides_20260331.pdf,18,1,,,,False,False,Chlorpyrifos50% EC,,empty,EMPTY,,,,,,,,empty,EMPTY,,,,,,,,,False,not_applicable,,crop_blank
insecticides_20260331.pdf,18,2,,Rice(Paddy),,False,False,Chlorpyrifos50% EC,"Stemborer,Leaffolder",numeric,BARE_RANGE,per_ha,375.0,151.7543,400.0,161.8712,g,375-400,unparseable,BARE_RANGE,,,,,,,750-800,15,False,resolved,15,crop_out_of_scope
insecticides_20260331.pdf,18,4,,,,False,False,"For non-agricultural use:-For protecting building from termite attack at pre and post construction stages, apply  Chlorpyriphos 50%EC@ 0.5% and 1.0% concentration.",,empty,EMPTY,,,,,,,,empty,EMPTY,,,,,,,,,False,not_applicable,,crop_blank
insecticides_20260331.pdf,18,5,,,,False,False,Chlorpyrifos 01.50% DP,,empty,EMPTY,,,,,,,,empty,EMPTY,,,,,,,,,False,not_applicable,,crop_blank
insecticides_20260331.pdf,18,6,,Paddy (Rice),,False,False,Chlorpyrifos 01.50% DP,"Stem borer, Green leaf  hopper, Brown plant  hopper, Leaf folder, Gall  midge, Grass hopper",numeric,BARE_NUMBER,per_ha,375.0,151.7543,,,g,375,unparseable,BARE_NUMBER,,,,,,,25000,7,False,resolved,07,crop_out_of_scope
insecticides_20260331.pdf,18,8,,,,False,False,Chromafenozide 80 %WP,,empty,EMPTY,,,,,,,,empty,EMPTY,,,,,,,,,False,not_applicable,,crop_blank
insecticides_20260331.pdf,18,9,,Paddy (Rice),,False,False,Chromafenozide 80 %WP,"Leaf folder, Stem borer",numeric,BARE_RANGE,per_ha,75.0,30.3509,100.0,40.4678,g,75-100,unparseable,BARE_RANGE,,,,,,,94-125,32,False,resolved,32,crop_out_of_scope
insecticides_20260331.pdf,18,10,,,,False,False,Clothianidin 0.5 %GR,,empty,EMPTY,,,,,,,,empty,EMPTY,,,,,,,,,False,not_applicable,,crop_blank
insecticides_20260331.pdf,18,11,,Okra,,False,False,Clothianidin 0.5 %GR,Jassids& White fly,numeric,BARE_RANGE,per_ha,40.0,16.1871,60.0,24.2807,g,40 – 60,unparseable,BARE_RANGE,,,,,,,8 - 12,1,False,resolved,01,crop_out_of_scope
insecticides_20260331.pdf,18,12,,,,False,False,Clothianidin 50 %WDG,,empty,EMPTY,,,,,,,,empty,EMPTY,,,,,,,,,False,not_applicable,,crop_blank
insecticides_20260331.pdf,18,13,,Rice (Paddy),,False,False,Clothianidin 50 %WDG,Brown plant hopper,numeric,BARE_RANGE,per_ha,10.0,4.0468,12.0,4.8561,g,10 –12,unparseable,BARE_RANGE,,,,,,,20 –24,12,False,resolved,12,crop_out_of_scope
insecticides_20260331.pdf,18,17,,Sugarcane  (Soil drench),soil_drench,False,False,Clothianidin 50 %WDG,Termite,numeric,BARE_NUMBER,per_ha,125.0,50.5848,,,g,125,unparseable,BARE_NUMBER,,,,,,,250,310,False,resolved,310,crop_out_of_scope
insecticides_20260331.pdf,18,18,,Tea,,False,False,Clothianidin 50 %WDG,Mosquito Bug(Helopeltis  theiovora),numeric,BARE_NUMBER,per_ha,60.0,24.2807,,,g,60,unparseable,BARE_NUMBER,,,,,,,120,5,False,resolved,05,crop_out_of_scope
insecticides_20260331.pdf,18,20,,Groundnut  (Soil Drench),soil_drench,False,False,Clothianidin 50 %WDG,White Grubs,numeric,BARE_NUMBER,per_ha,125.0,50.5848,,,g,125,unparseable,BARE_NUMBER,,,,,,,250,62,False,resolved,62,crop_out_of_scope
insecticides_20260331.pdf,18,21,,,,False,False,Coumatetralyl 0.75% w/w Gel,,empty,EMPTY,,,,,,,,empty,EMPTY,,,,,,,,,False,not_applicable,,crop_blank
insecticides_20260331.pdf,18,22,,Indoor or  outdoor,,False,False,Coumatetralyl 0.75% w/w Gel,"Rats (Rattus rattus, Rattus  norvegicus, Bandicota  bengalensis, Bandicota  indica, Tetra indica,  Meriones hurrianae)",free_text,UNSUPPORTED_UNIT,free_text,,,,,,01 mg per spot,free_text,UNSUPPORTED_UNIT,free_text,,,,,,2.50 per  spot,,False,not_applicable,-,crop_out_of_scope
insecticides_20260331.pdf,18,23,,Indoor,,False,False,Coumatetralyl 0.75% w/w Gel,Mice,numeric,BARE_NUMBER,per_ha,1.0,0.4047,,,g,01,unparseable,BARE_NUMBER,,,,,,,2.50,,False,not_applicable,-,crop_out_of_scope
insecticides_20260331.pdf,19,0,,,,False,False,Coumatetralyl 0.0375%Bait,,empty,EMPTY,,,,,,,,empty,EMPTY,,,,,,,,,False,not_applicable,,crop_blank
insecticides_20260331.pdf,19,1,,Indoor or  outdoor,,False,False,Coumatetralyl 0.0375%Bait,"Rats (Rattus rattus, Rattus  norvegicus, Bandicota  bengalensis, Bandicota  indica, Tetra indica,  Meriones hurrianae)",free_text,UNSUPPORTED_UNIT,free_text,,,,,,01 mg per spot,free_text,UNSUPPORTED_UNIT,free_text,,,,,,02.50 per  spot,,False,not_applicable,-,crop_out_of_scope
insecticides_20260331.pdf,19,2,,Indoor,,False,False,Coumatetralyl 0.0375%Bait,Mice,numeric,BARE_NUMBER,per_ha,1.0,0.4047,,,g,01,unparseable,BARE_NUMBER,,,,,,,02.50,,False,not_applicable,-,crop_out_of_scope
insecticides_20260331.pdf,19,3,,,,False,False,Cyantraniliprole 10.26% OD,,empty,EMPTY,,,,,,,,empty,EMPTY,,,,,,,,,False,not_applicable,,crop_blank
insecticides_20260331.pdf,19,7,,Cabbage,,False,False,Cyantraniliprole 10.26% OD,"Cabbage Aphid (Brevicoryne  brassicae), Mustard Aphid  (Lipaphis erysimi), Diamond  back moth (Plutella  xylostella), Tobacco  caterpillar (Spodoptera litura)",numeric,BARE_NUMBER,per_ha,60.0,24.2807,,,g,60,unparseable,BARE_NUMBER,,,,,,,600,5,False,resolved,05,crop_out_of_scope
insecticides_20260331.pdf,19,8,,Chilli,,False,False,Cyantraniliprole 10.26% OD,"Thrips (Scirtothrips dorsalis),  Fruit borer (Helicoverpa  armigera), Tobacco caterpillar  (Spodoptera litura)",numeric,BARE_NUMBER,per_ha,60.0,24.2807,,,g,60,unparseable,BARE_NUMBER,,,,,,,600,3,False,resolved,03,crop_out_of_scope
insecticides_20260331.pdf,19,10,,Gherkins,,False,False,Cyantraniliprole 10.26% OD,"Leaf miner (Liriomyza  trifolii), Red pumpkin beetle  (Aulacophora foveicollis),  Aphids(Aphis gossypi),  Thrips (Thrips palmi)  ,Whitefly (Bemesia tabaci),  Pumpkin caterpillar  (Diaphania indica), Fruit fly  (Bactrocera cucurbitae)",numeric,BARE_NUMBER,per_ha,90.0,36.421,,,g,90,unparseable,BARE_NUMBER,,,,,,,900,5,False,resolved,05,crop_out_of_scope
insecticides_20260331.pdf,20,0,,Okra,,False,False,Cyantraniliprole 10.26% OD,Whitefly- Bemisia tabaci  Aphid- Aphis gossypii Shoot  & fruit borer- Earias vitella  Tobacco caterpillar-  Spodoptera litura Fruit  borer- Helicoverpa armigera,numeric,BARE_NUMBER,per_ha,90.0,36.421,,,g,90,unparseable,BARE_NUMBER,,,,,,,900,3,False,resolved,3,crop_out_of_scope
insecticides_20260331.pdf,20,1,,Brinjal,,False,False,Cyantraniliprole 10.26% OD,Whitefly- Bemisia tabaci  Shoot and fruit borer –  Leucinodes orbonalis  Aphids- Aphis gossypii  Thrips- Thrips tabaci,numeric,BARE_NUMBER,per_ha,90.0,36.421,,,g,90,unparseable,BARE_NUMBER,,,,,,,900,3,False,resolved,3,crop_out_of_scope
insecticides_20260331.pdf,20,3,,Bitter gourd,,False,False,Cyantraniliprole 10.26% OD,"Thrips- Thrips palmi, White  fly- Bemisia tabaci Aphids-  Aphis gossypii, Pumpkin  Caterpillar- Diaphania indica,  Leaf miner- Liriomyza trifolii",numeric,BARE_NUMBER,per_ha,90.0,36.421,,,g,90,unparseable,BARE_NUMBER,,,,,,,900,5,False,resolved,5,crop_out_of_scope
insecticides_20260331.pdf,20,4,,Ridge gourd,,False,False,Cyantraniliprole 10.26% OD,Thrips- Thrips palmi White  fly- Bemisia tabaci Aphids-  Aphis gossypii Pumpkin  Caterpillar- Diaphania  indica Leaf miner- Liriomyza  trifolii,numeric,BARE_NUMBER,per_ha,90.0,36.421,,,g,90,unparseable,BARE_NUMBER,,,,,,,900,5,False,resolved,5,crop_out_of_scope
insecticides_20260331.pdf,20,5,,Watermelon,,False,False,Cyantraniliprole 10.26% OD,Thrips- Thrips palmi White  fly- Bemisia tabaci Aphids-  Aphis gossypii Leaf miner-  Liriomyza trifolii,numeric,BARE_NUMBER,per_ha,90.0,36.421,,,g,90,unparseable,BARE_NUMBER,,,,,,,900,5,False,resolved,5,crop_out_of_scope
insecticides_20260331.pdf,20,6,,Potato,,False,False,Cyantraniliprole 10.26% OD,Thrips (Thrips tabaci) &  Aphids (Aphis gossypii),numeric,BARE_NUMBER,per_ha,60.0,24.2807,,,g,60,unparseable,BARE_NUMBER,,,,,,,600,12,False,resolved,12,crop_out_of_scope
insecticides_20260331.pdf,20,7,,Capsicum,,False,False,Cyantraniliprole 10.26% OD,"Thrips (Scirtothrips dorsalis ),  Tobacco caterpillar  (Spodoptera litura) & Fruit  borer (Helicoverpa armigera)",numeric,BARE_NUMBER,per_ha,60.0,24.2807,,,g,60,unparseable,BARE_NUMBER,,,,,,,600,3,False,resolved,3,crop_out_of_scope
insecticides_20260331.pdf,20,8,,Citrus,,False,False,Cyantraniliprole 10.26% OD,Citrus Psylla (Diaphorina  citri)&  Thrips (Scirtothrips  dorsalis),numeric,BARE_NUMBER,per_ha,60.0,24.2807,,,g,60,unparseable,BARE_NUMBER,,,,,,,600,5,False,resolved,5,crop_out_of_scope
insecticides_20260331.pdf,20,9,,,,False,False,CYANTRANILIPROLE 18.41% w/w SC,,empty,EMPTY,,,,,,,,empty,EMPTY,,,,,,,,,False,not_applicable,,crop_blank
insecticides_20260331.pdf,20,10,,Chilli,,False,False,CYANTRANILIPROLE 18.41% w/w SC,"Thrips, , White fly, Tobacco  caterpillar",free_text,PROSE_METHOD,free_text,,,,,,Dosage/1000 seedlings,empty,EMPTY,,,,,,,,80,False,resolved,80,crop_out_of_scope
insecticides_20260331.pdf,20,11,,Chilli,,False,False,CYANTRANILIPROLE 18.41% w/w SC,,numeric,BARE_NUMBER,per_ha,8.75,3.5409,,,g,8.75,unparseable,BARE_NUMBER,,,,,,,43.75,,False,not_applicable,,crop_out_of_scope
insecticides_20260331.pdf,21,0,,Capsicum,,False,False,CYANTRANILIPROLE 18.41% w/w SC,"Thrips, Aphid, White fly, Leaf  miner, Tobacco caterpillar",numeric,BARE_NUMBER,per_ha,8.75,3.5409,,,g,8.75,unparseable,BARE_NUMBER,,,,,,,43.75,61,False,resolved,61,crop_out_of_scope
insecticides_20260331.pdf,21,2,,Cucumber,,False,False,CYANTRANILIPROLE 18.41% w/w SC,"Thrips, Aphid, White fly, Leaf  miner, Cucumber Moth",numeric,BARE_NUMBER,per_ha,12.5,5.0585,,,g,12.5,unparseable,BARE_NUMBER,,,,,,,62.5,42,False,resolved,42,crop_out_of_scope
insecticides_20260331.pdf,21,3,,Watermelon,,False,False,CYANTRANILIPROLE 18.41% w/w SC,"Thrips, Aphid, White fly, Leaf  miner",numeric,BARE_NUMBER,per_ha,15.0,6.0702,,,g,15,unparseable,BARE_NUMBER,,,,,,,75,47,False,resolved,47,crop_out_of_scope
insecticides_20260331.pdf,21,4,,,,False,False,Cyantraniliprole 48% w/w FS,,empty,EMPTY,,,,,,,,empty,EMPTY,,,,,,,,,False,not_applicable,,crop_blank
insecticides_20260331.pdf,21,5,,Maize,,False,False,Cyantraniliprole 48% w/w FS,Fall Army Worm,numeric,BARE_NUMBER,per_ha,1.8,0.7284,,,g,1.8,unparseable,BARE_NUMBER,,,,,,,3,,False,not_applicable,NA,crop_out_of_scope
insecticides_20260331.pdf,21,6,,Maize,,False,False,Cyantraniliprole 48% w/w FS,Stem Borer,numeric,BARE_NUMBER,per_ha,1.2,0.4856,,,g,1.2,unparseable,BARE_NUMBER,,,,,,,2,,False,not_applicable,,crop_out_of_scope
insecticides_20260331.pdf,21,7,,Maize,,False,False,Cyantraniliprole 48% w/w FS,Cut Worm,numeric,BARE_NUMBER,per_ha,1.2,0.4856,,,g,1.2,unparseable,BARE_NUMBER,,,,,,,2,,False,not_applicable,,crop_out_of_scope
insecticides_20260331.pdf,21,8,,,,False,False,Cyclaniliprole 9.3% W/W DC (Cyclaniliprole 10.0% W/V DC),,empty,EMPTY,,,,,,,,empty,EMPTY,,,,,,,,,False,not_applicable,,crop_blank
insecticides_20260331.pdf,21,9,,Rice,,False,False,Cyclaniliprole 9.3% W/W DC (Cyclaniliprole 10.0% W/V DC),Stem borer & Leaf folder,numeric,BARE_RANGE,per_ha,35.0,14.1637,40.0,16.1871,g,35-40,unparseable,BARE_RANGE,,,,,,,350-400,40,False,resolved,40,crop_out_of_scope
insecticides_20260331.pdf,21,10,,,,False,False,Cyclaniliprole 8.0 % SL,,empty,EMPTY,,,,,,,,empty,EMPTY,,,,,,,,,False,not_applicable,,crop_blank
insecticides_20260331.pdf,21,11,,Rice,,False,False,Cyclaniliprole 8.0 % SL,Stem borer and Leaf Folder,numeric,BARE_RANGE,per_ha,35.0,14.1637,40.0,16.1871,g,35- 40,unparseable,BARE_RANGE,,,,,,,437.5 - 500,30,False,resolved,30,crop_out_of_scope
insecticides_20260331.pdf,21,12,,,,False,False,Cyclobutrifluram 38.4% w/w SC (Import only),,empty,EMPTY,,,,,,,,empty,EMPTY,,,,,,,,,False,not_applicable,,crop_blank
insecticides_20260331.pdf,21,13,,Banana,,False,False,Cyclobutrifluram 38.4% w/w SC (Import only),Burrowing Nematode:  Radopholussimilis,numeric,BARE_NUMBER,per_ha,225.0,91.0526,,,g,225,unparseable,BARE_NUMBER,,,,,,,500,,False,not_applicable,-,crop_out_of_scope
insecticides_20260331.pdf,21,14,,Okra,,False,False,Cyclobutrifluram 38.4% w/w SC (Import only),Root Knot Nematode  (Meloidogyneincognita),numeric,BARE_NUMBER,per_ha,168.75,68.2894,,,g,168.75,unparseable,BARE_NUMBER,,,,,,,375,,False,not_applicable,-,crop_out_of_scope
insecticides_20260331.pdf,21,15,,Cucumber,,False,False,Cyclobutrifluram 38.4% w/w SC (Import only),Root Knot Nematode  (Meloidogyneincognita),numeric,BARE_NUMBER,per_ha,168.75,68.2894,,,g,168.75,unparseable,BARE_NUMBER,,,,,,,375,,False,not_applicable,-,crop_out_of_scope
insecticides_20260331.pdf,21,17,,,,False,False,Cyenopyrafen 30% SC,,empty,EMPTY,,,,,,,,empty,EMPTY,,,,,,,,,False,not_applicable,,crop_blank
insecticides_20260331.pdf,21,18,,Apple,,False,False,Cyenopyrafen 30% SC,Mite,numeric,BARE_RANGE,per_ha,60.0,24.2807,90.0,36.421,g,60 – 90,unparseable,BARE_RANGE,,,,,,,200 – 300,15,False,resolved,15,crop_out_of_scope
insecticides_20260331.pdf,21,19,,Chilli,,False,False,Cyenopyrafen 30% SC,Mite,numeric,BARE_RANGE,per_ha,60.0,24.2807,90.0,36.421,g,60 – 90,unparseable,BARE_RANGE,,,,,,,200 – 300,7,False,resolved,07,crop_out_of_scope
insecticides_20260331.pdf,21,20,,Rose,,False,False,Cyenopyrafen 30% SC,Mite (Tetranychus urticae),numeric,BARE_NUMBER,per_ha,90.0,36.421,,,g,90,unparseable,BARE_NUMBER,,,,,,,300,10,False,resolved,10,crop_out_of_scope
insecticides_20260331.pdf,21,21,,Brinjal,,False,False,Cyenopyrafen 30% SC,Mite (Tetranychus urticae),numeric,BARE_NUMBER,per_ha,90.0,36.421,,,g,90,unparseable,BARE_NUMBER,,,,,,,300,10,False,resolved,10,crop_out_of_scope
insecticides_20260331.pdf,21,22,,,,False,False,Cyflumetofen 20%SC,,empty,EMPTY,,,,,,,,empty,EMPTY,,,,,,,,,False,not_applicable,,crop_blank
insecticides_20260331.pdf,21,23,,Tea,,False,False,Cyflumetofen 20%SC,Red spider mite,numeric,BARE_RANGE,per_ha,125.0,50.5848,150.0,60.7017,g,125 – 150,unparseable,BARE_RANGE,,,,,,,625 – 750,5,False,resolved,05,crop_out_of_scope
insecticides_20260331.pdf,21,24,,,,False,False,Cypermethrin 00.25% DP,,empty,EMPTY,,,,,,,,empty,EMPTY,,,,,,,,,False,not_applicable,,crop_blank
insecticides_20260331.pdf,21,25,,Brinjal,,False,False,Cypermethrin 00.25% DP,Fruit & shoot borer,numeric,BARE_RANGE,per_ha,50.0,20.2339,60.0,24.2807,g,50 – 60,unparseable,BARE_RANGE,,,,,,,20000 –  24000,3,False,resolved,03,crop_out_of_scope
insecticides_20260331.pdf,22,0,,,,False,False,Cypermethrin 10% EC,,empty,EMPTY,,,,,,,,empty,EMPTY,,,,,,,,,False,not_applicable,,crop_blank
insecticides_20260331.pdf,22,2,,Cabbage,,False,False,Cypermethrin 10% EC,Diamond back moth,numeric,BARE_RANGE,per_ha,60.0,24.2807,70.0,28.3275,g,60 –70,unparseable,BARE_RANGE,,,,,,,650 –760,7,False,resolved,07,crop_out_of_scope
insecticides_20260331.pdf,22,3,,Okra (Bhindi),,False,False,Cypermethrin 10% EC,Fruit borer,numeric,BARE_RANGE,per_ha,50.0,20.2339,70.0,28.3275,g,50 –70,unparseable,BARE_RANGE,,,,,,,550 –760,3,False,resolved,03,crop_out_of_scope
insecticides_20260331.pdf,22,4,,Brinjal,,False,False,Cypermethrin 10% EC,Fruit & shoot borer,numeric,BARE_RANGE,per_ha,50.0,20.2339,70.0,28.3275,g,50 –70,unparseable,BARE_RANGE,,,,,,,550 –760,3,False,resolved,03,crop_out_of_scope
insecticides_20260331.pdf,22,5,,Wheat,,False,False,Cypermethrin 10% EC,Shoot fly,numeric,BARE_NUMBER,per_ha,50.0,20.2339,,,g,50,unparseable,BARE_NUMBER,,,,,,,550.0,14,False,resolved,14,crop_out_of_scope
insecticides_20260331.pdf,22,6,,Sunflower,,False,False,Cypermethrin 10% EC,Bihar hairy caterpillar,numeric,BARE_RANGE,per_ha,60.0,24.2807,70.0,28.3275,g,60 –70,unparseable,BARE_RANGE,,,,,,,650 –760,14,False,resolved,14,crop_out_of_scope
insecticides_20260331.pdf,22,7,,,,False,False,Cypermethrin 25% EC,,empty,EMPTY,,,,,,,,empty,EMPTY,,,,,,,,,False,not_applicable,,crop_blank
insecticides_20260331.pdf,22,10,,Bhindi (Okra),,False,False,Cypermethrin 25% EC,"Shoot & fruit borer, Jassids",numeric,BARE_RANGE,per_ha,37.0,14.9731,50.0,20.2339,g,37 –50,unparseable,BARE_RANGE,,,,,,,150 –200,3,False,resolved,03,crop_out_of_scope
insecticides_20260331.pdf,22,11,,Brinjal,,False,False,Cypermethrin 25% EC,"Shoot & fruit borer, Jassids,  Epilachna grub (Hadda  beetle)",numeric,BARE_RANGE,per_ha,37.0,14.9731,50.0,20.2339,g,37 –50,unparseable,BARE_RANGE,,,,,,,150 –200,1,False,resolved,01,crop_out_of_scope
insecticides_20260331.pdf,22,12,,,,False,False,Dazomet,,empty,EMPTY,,,,,,,,empty,EMPTY,,,,,,,,,False,not_applicable,,crop_blank
insecticides_20260331.pdf,22,13,,Tobacco  (Nursery),nursery,False,False,Dazomet,"Root knot nematode, Stunt  nematode, Reni-form  nematode",numeric,BARE_RANGE,per_ha,30.0,12.1403,40.0,16.1871,g,30 –40,unparseable,BARE_RANGE,,,,,,,30 –40,,False,not_applicable,-,crop_out_of_scope
insecticides_20260331.pdf,22,15,,Floriculture  (Carnation &  Gerbera),,False,False,Dazomet,Root-knot nematode,numeric,BARE_RANGE,per_ha,30.0,12.1403,40.0,16.1871,g,30 –40,unparseable,BARE_RANGE,,,,,,,30 –40,,False,not_applicable,-,crop_out_of_scope
insecticides_20260331.pdf,22,16,,,,False,False,Deltamethrin 11%w/w EC,,empty,EMPTY,,,,,,,,empty,EMPTY,,,,,,,,,False,not_applicable,,crop_blank
insecticides_20260331.pdf,22,18,,Rice (Paddy),,False,False,Deltamethrin 11%w/w EC,"Stem borer, Leaf folder,  Green leaf hopper, Whorl  maggot",numeric,BARE_NUMBER,per_ha,15.0,6.0702,,,g,15,unparseable,BARE_NUMBER,,,,,,,150,13,False,resolved,13,crop_out_of_scope
insecticides_20260331.pdf,22,19,,Tea,,False,False,Deltamethrin 11%w/w EC,Tea Thrips,numeric,BARE_NUMBER,per_ha,10.0,4.0468,,,g,10,unparseable,BARE_NUMBER,,,,,,,100,15,False,resolved,15,crop_out_of_scope
insecticides_20260331.pdf,22,20,,Rice,,False,False,Deltamethrin 11%w/w EC,Leaf folder,numeric,BARE_RANGE,per_ha,15.0,6.0702,18.75,7.5877,g,15 – 18.75,unparseable,BARE_RANGE,,,,,,,150 – 187.5,13,False,resolved,13,crop_out_of_scope
insecticides_20260331.pdf,22,22,,Okra,,False,False,Deltamethrin 11%w/w EC,Fruit Borers,numeric,BARE_RANGE,per_ha,10.0,4.0468,12.5,5.0585,g,10-12.5,unparseable,BARE_RANGE,,,,,,,100-125,3,False,resolved,3,crop_out_of_scope
insecticides_20260331.pdf,23,0,,Chilli,,False,False,Deltamethrin 11%w/w EC,Fruit borers,numeric,BARE_NUMBER,per_ha,17.5,7.0819,,,g,17.5,unparseable,BARE_NUMBER,,,,,,,175,5,False,resolved,5,crop_out_of_scope
insecticides_20260331.pdf,23,2,,,,False,False,Deltamethrin 25%Tablet,,empty,EMPTY,,,,,,,,empty,EMPTY,,,,,,,,,False,not_applicable,,crop_blank
insecticides_20260331.pdf,23,4,,,,False,False,Deltamethrin 01.80%EC,,empty,EMPTY,,,,,,,,empty,EMPTY,,,,,,,,,False,not_applicable,,crop_blank
insecticides_20260331.pdf,23,7,,Rice (Paddy),,False,False,Deltamethrin 01.80%EC,"Stem borer, Leaf folder",numeric,BARE_RANGE,per_ha,10.0,4.0468,12.5,5.0585,g,10 –12.50,unparseable,BARE_RANGE,,,,,,,625 –780,7,False,resolved,07,crop_out_of_scope
insecticides_20260331.pdf,23,8,,,,False,False,Deltamethrin 02.50%WP,,empty,EMPTY,,,,,,,,empty,EMPTY,,,,,,,,,False,not_applicable,,crop_blank
insecticides_20260331.pdf,23,9,,Wheat & Rice  (Grain & seed  in stacks),,False,False,Deltamethrin 02.50%WP,"Rice weevil, Leaser grain  borer, Khapra beetle, Red  flour beetle, Saw toothed  grain beetle, Rice moth,  Almond moth",numeric,BARE_NUMBER,per_ha,30.0,12.1403,,,g,30,unparseable,BARE_NUMBER,,,,,,,1200,,False,not_applicable,-,crop_out_of_scope
insecticides_20260331.pdf,23,10,,"Walls, ceilings  floors of Go  downs",,False,False,Deltamethrin 02.50%WP,"Rice weevil, Lesser grain  borer, Khapra beetle, Red flour  beetle, Saw toothed grain  beetle, Rice moth, Almond  moth",numeric,BARE_NUMBER,per_ha,30.0,12.1403,,,g,30,unparseable,BARE_NUMBER,,,,,,,1200,,False,not_applicable,-,crop_not_a_crop_cell
insecticides_20260331.pdf,23,11,,Public health,,False,False,Deltamethrin 02.50%WP,Mosquito,numeric,BARE_RANGE,per_ha,625.0,252.9238,1250.0,505.8476,g,625 – 1250,unparseable,BARE_RANGE,,,,,,,25000 –  50000,,False,not_applicable,-,crop_not_a_crop_cell
insecticides_20260331.pdf,23,12,,,,False,False,Deltamethrin 02.80 %EC,,empty,EMPTY,,,,,,,,empty,EMPTY,,,,,,,,,False,not_applicable,,crop_blank
insecticides_20260331.pdf,23,15,,Tea,,False,False,Deltamethrin 02.80 %EC,"Thrips, Caterpillar",numeric,BARE_RANGE,per_ha,3.0,1.214,4.0,1.6187,g,3-4,unparseable,BARE_RANGE,,,,,,,120 –150,3,False,resolved,03,crop_out_of_scope
insecticides_20260331.pdf,23,16,,Tea,,False,False,Deltamethrin 02.80 %EC,Leaf folder,numeric,BARE_NUMBER,per_ha,10.0,4.0468,,,g,10,unparseable,BARE_NUMBER,,,,,,,400,3,False,resolved,03,crop_out_of_scope
insecticides_20260331.pdf,23,17,,Tea,,False,False,Deltamethrin 02.80 %EC,Lopper,numeric,BARE_RANGE,per_ha,2.5,1.0117,3.75,1.5175,g,2.50 –3.75,unparseable,BARE_RANGE,,,,,,,100 –150,3,False,resolved,03,crop_out_of_scope
insecticides_20260331.pdf,23,18,,Bhindi (Okra),,False,False,Deltamethrin 02.80 %EC,Shoot & fruit borer,numeric,BARE_RANGE,per_ha,10.0,4.0468,15.0,6.0702,g,10 –15,unparseable,BARE_RANGE,,,,,,,400 –600,1,False,resolved,01,crop_out_of_scope
insecticides_20260331.pdf,23,19,,Bhindi (Okra),,False,False,Deltamethrin 02.80 %EC,Jassid,numeric,BARE_NUMBER,per_ha,10.0,4.0468,,,g,10,unparseable,BARE_NUMBER,,,,,,,400.0,1,False,resolved,01,crop_out_of_scope
insecticides_20260331.pdf,23,20,,Groundnut,,False,False,Deltamethrin 02.80 %EC,Leaf miner,numeric,BARE_NUMBER,per_ha,12.5,5.0585,,,g,12.50,unparseable,BARE_NUMBER,,,,,,,500.0,3,False,resolved,03,crop_out_of_scope
insecticides_20260331.pdf,23,21,,Mango,,False,False,Deltamethrin 02.80 %EC,Hoppers,numeric,PCT_RANGE,concentration_pct,0.03,,0.05,,%,0.03 – 0.05 %,numeric,PER_LITRE,per_litre_water,0.33,,0.5,,ml,0.33-0.5  ml/lit,1,False,resolved,01,crop_out_of_scope
insecticides_20260331.pdf,23,22,,Chilli,,False,False,Deltamethrin 02.80 %EC,Fruit borer,numeric,BARE_RANGE,per_ha,10.0,4.0468,12.5,5.0585,g,10 –12.5,unparseable,BARE_RANGE,,,,,,,400 –500,5,False,resolved,05,crop_out_of_scope
insecticides_20260331.pdf,23,23,,Brinjal,,False,False,Deltamethrin 02.80 %EC,Shoot & Fruit Borer,numeric,BARE_RANGE,per_ha,10.0,4.0468,12.5,5.0585,g,10 –12.5,unparseable,BARE_RANGE,,,,,,,400 –500,3,False,resolved,03,crop_out_of_scope
insecticides_20260331.pdf,24,1,,,,False,False,Deltamethrin 25% WDG,,empty,EMPTY,,,,,,,,empty,EMPTY,,,,,,,,,False,not_applicable,,crop_blank
insecticides_20260331.pdf,24,2,,,,False,False,,,empty,EMPTY,,,,,,,,empty,EMPTY,,,,,,,,,False,not_applicable,,crop_blank
insecticides_20260331.pdf,24,3,,,,False,False,,,empty,EMPTY,,,,,,,,empty,EMPTY,,,,,,,,,False,not_applicable,,crop_blank
insecticides_20260331.pdf,24,4,,"Mosquitoes  (Aedes  aegypti,  Anopheles  stephensi,  Culex  quinquefasciatus )  Housefly  (Musca  domestica)  Cockroaches  (Periplanata  americana,  blatella  germinica),  Bed  Bugs  (Cimex  hemipterus)",,False,False,Deltamethrin 25% WDG,Low,numeric,BARE_NUMBER,per_ha,10.0,4.0468,,,g,10,numeric,PER_LITRE,per_litre_water,0.8,,,,g,0.8 g/ litre water,,False,not_applicable,,crop_out_of_scope
insecticides_20260331.pdf,24,5,,"Mosquitoes  (Aedes  aegypti,  Anopheles  stephensi,  Culex  quinquefasciatus )  Housefly  (Musca  domestica)  Cockroaches  (Periplanata  americana,  blatella  germinica),  Bed  Bugs  (Cimex  hemipterus)",,False,False,Deltamethrin 25% WDG,Moderate,numeric,BARE_NUMBER,per_ha,20.0,8.0936,,,g,20,unparseable,PER_LITRE,,,,,,,1.6/ litre water,,False,not_applicable,,crop_out_of_scope
insecticides_20260331.pdf,24,6,,"Mosquitoes  (Aedes  aegypti,  Anopheles  stephensi,  Culex  quinquefasciatus )  Housefly  (Musca  domestica)  Cockroaches  (Periplanata  americana,  blatella  germinica),  Bed  Bugs  (Cimex  hemipterus)",,False,False,Deltamethrin 25% WDG,High,numeric,BARE_NUMBER,per_ha,25.0,10.117,,,g,25,unparseable,PER_LITRE,,,,,,,2.0/ litre water,,False,not_applicable,,crop_out_of_scope
insecticides_20260331.pdf,24,7,,,,False,False,Diafenthiuron 47.80%SC,,empty,EMPTY,,,,,,,,empty,EMPTY,,,,,,,,,False,not_applicable,,crop_blank
insecticides_20260331.pdf,24,9,,Potato,,False,False,Diafenthiuron 47.80%SC,"Whiteflies, Leaf hoppers,  Mites",numeric,BARE_NUMBER,per_ha,250.0,101.1695,,,g,250,unparseable,BARE_NUMBER,,,,,,,500,44,False,resolved,44,crop_out_of_scope
insecticides_20260331.pdf,24,11,,,,False,False,Diafenthiuron 50% WP,,empty,EMPTY,,,,,,,,empty,EMPTY,,,,,,,,,False,not_applicable,,crop_blank
insecticides_20260331.pdf,24,13,,Cabbage,,False,False,Diafenthiuron 50% WP,Diamond back moth,numeric,BARE_NUMBER,per_ha,300.0,121.4034,,,g,300,unparseable,BARE_NUMBER,,,,,,,600,7,False,resolved,07,crop_out_of_scope
insecticides_20260331.pdf,24,14,,Chilli,,False,False,Diafenthiuron 50% WP,Mites,numeric,BARE_NUMBER,per_ha,300.0,121.4034,,,g,300,unparseable,BARE_NUMBER,,,,,,,600,3,False,resolved,03,crop_out_of_scope
insecticides_20260331.pdf,24,15,,Brinjal,,False,False,Diafenthiuron 50% WP,Whitefly,numeric,BARE_NUMBER,per_ha,300.0,121.4034,,,g,300,unparseable,BARE_NUMBER,,,,,,,600,3,False,resolved,03,crop_out_of_scope
insecticides_20260331.pdf,24,16,,Cardamom,,False,False,Diafenthiuron 50% WP,"Thrips,Capsuleborer",numeric,BARE_NUMBER,per_ha,400.0,161.8712,,,g,400,unparseable,BARE_NUMBER,,,,,,,800,7,False,resolved,07,crop_out_of_scope
insecticides_20260331.pdf,24,17,,Citrus,,False,False,Diafenthiuron 50% WP,Mites,numeric,PER_LITRE,per_litre_water,1.0,,,,g,1.0 g/l,numeric,PER_LITRE,per_litre_water,2.0,,,,g,2.0 g/l,30,False,resolved,30,crop_out_of_scope
insecticides_20260331.pdf,25,0,,watermelon,,False,False,Diafenthiuron 50% WP,WhitefliesandRed  spidermites,numeric,BARE_NUMBER,per_ha,300.0,121.4034,,,g,300,unparseable,BARE_NUMBER,,,,,,,600,5,False,resolved,05,crop_out_of_scope
insecticides_20260331.pdf,25,1,,Okra,,False,False,Diafenthiuron 50% WP,"Whiteflies, RedSpidermitesand  Jassids",numeric,BARE_NUMBER,per_ha,300.0,121.4034,,,g,300,unparseable,BARE_NUMBER,,,,,,,600,5,False,resolved,05,crop_out_of_scope
insecticides_20260331.pdf,25,3,,,,False,False,Diafenthiuron 12% + Fipronil 8% + Tolfenpyrad 5% w/w SC,,empty,EMPTY,,,,,,,,empty,EMPTY,,,,,,,,,False,not_applicable,,crop_blank
insecticides_20260331.pdf,25,4,,Chili,,False,False,Diafenthiuron 12% + Fipronil 8% + Tolfenpyrad 5% w/w SC,Thrips (Scirtothrips dorsalis)  Whitefly (Bemisia tabaci) Fruit  borers (Helicoverpa armigera  and Spodoptera litura),free_text,COMPOUND,free_text,,,,,,78.75+ 52.50 +  32.81,unparseable,BARE_NUMBER,,,,,,,656.25,19,False,resolved,19,crop_out_of_scope
insecticides_20260331.pdf,25,5,,,,False,False,Diflubenzuron 25% WP,,empty,EMPTY,,,,,,,,empty,EMPTY,,,,,,,,,False,not_applicable,,crop_blank
insecticides_20260331.pdf,25,8,,,,False,False,Dimethoate 30% EC,,empty,EMPTY,,,,,,,,empty,EMPTY,,,,,,,,,False,not_applicable,,crop_blank
insecticides_20260331.pdf,25,9,,Bajra,,False,False,Dimethoate 30% EC,Milky weed bug,numeric,BARE_RANGE,per_ha,180.0,72.8421,200.0,80.9356,g,180-200,unparseable,BARE_RANGE,,,,,,,594-660,,False,not_applicable,-,crop_out_of_scope
insecticides_20260331.pdf,25,12,,Cauliflower,,False,False,Dimethoate 30% EC,"Painted bug, Mustard Aphid",numeric,BARE_NUMBER,per_ha,200.0,80.9356,,,g,200,unparseable,BARE_NUMBER,,,,,,,660,,False,not_applicable,-,crop_out_of_scope
insecticides_20260331.pdf,25,13,,Maize,,False,False,Dimethoate 30% EC,Stem borer,numeric,BARE_NUMBER,per_ha,200.0,80.9356,,,g,200,unparseable,BARE_NUMBER,,,,,,,660,,False,not_applicable,-,crop_out_of_scope
insecticides_20260331.pdf,25,14,,Maize,,False,False,Dimethoate 30% EC,Shoot fly,numeric,BARE_NUMBER,per_ha,350.0,141.6373,,,g,350,unparseable,BARE_NUMBER,,,,,,,1155,,False,not_applicable,-,crop_out_of_scope
insecticides_20260331.pdf,25,15,,Sorghum,,False,False,Dimethoate 30% EC,Midge,numeric,BARE_NUMBER,per_ha,500.0,202.339,,,g,500,unparseable,BARE_NUMBER,,,,,,,1650,,False,not_applicable,-,crop_out_of_scope
insecticides_20260331.pdf,25,16,,Castor,,False,False,Dimethoate 30% EC,"Jassids, Mites",numeric,BARE_NUMBER,per_ha,250.0,101.1695,,,g,250,unparseable,BARE_NUMBER,,,,,,,825,,False,not_applicable,-,crop_out_of_scope
insecticides_20260331.pdf,25,17,,Castor,,False,False,Dimethoate 30% EC,Semi looper,numeric,BARE_NUMBER,per_ha,350.0,141.6373,,,g,350,unparseable,BARE_NUMBER,,,,,,,1155,,False,not_applicable,-,crop_out_of_scope
insecticides_20260331.pdf,25,18,,Mustard,,False,False,Dimethoate 30% EC,"Leaf miner, Aphid, Sawfly",numeric,BARE_NUMBER,per_ha,200.0,80.9356,,,g,200,unparseable,BARE_NUMBER,,,,,,,660,,False,not_applicable,-,crop_out_of_scope
insecticides_20260331.pdf,25,19,,Safflower,,False,False,Dimethoate 30% EC,Aphid,numeric,BARE_NUMBER,per_ha,200.0,80.9356,,,g,200,unparseable,BARE_NUMBER,,,,,,,660,,False,not_applicable,-,crop_out_of_scope
insecticides_20260331.pdf,25,20,,Potato,,False,False,Dimethoate 30% EC,Thrips,numeric,BARE_NUMBER,per_ha,200.0,80.9356,,,g,200,unparseable,BARE_NUMBER,,,,,,,660,,False,not_applicable,-,crop_out_of_scope
insecticides_20260331.pdf,25,21,,Potato,,False,False,Dimethoate 30% EC,Aphid,numeric,BARE_NUMBER,per_ha,200.0,80.9356,,,g,200,unparseable,BARE_NUMBER,,,,,,,660,,False,not_applicable,-,crop_out_of_scope
insecticides_20260331.pdf,25,22,,Bhindi (okra),,False,False,Dimethoate 30% EC,Aphid,numeric,BARE_NUMBER,per_ha,700.0,283.2747,,,g,700,unparseable,BARE_NUMBER,,,,,,,2310,,False,not_applicable,-,crop_out_of_scope
insecticides_20260331.pdf,25,23,,Bhindi (okra),,False,False,Dimethoate 30% EC,"Leaf hopper, Jassids",numeric,BARE_NUMBER,per_ha,600.0,242.8068,,,g,600,unparseable,BARE_NUMBER,,,,,,,1980,,False,not_applicable,-,crop_out_of_scope
insecticides_20260331.pdf,25,24,,Brinjal,,False,False,Dimethoate 30% EC,Jassids,numeric,BARE_NUMBER,per_ha,600.0,242.8068,,,g,600,unparseable,BARE_NUMBER,,,,,,,1980,,False,not_applicable,-,crop_out_of_scope
insecticides_20260331.pdf,25,25,,Brinjal,,False,False,Dimethoate 30% EC,Shoot borer,numeric,BARE_NUMBER,per_ha,200.0,80.9356,,,g,200,unparseable,BARE_NUMBER,,,,,,,660,,False,not_applicable,-,crop_out_of_scope
insecticides_20260331.pdf,25,26,,Rose,,False,False,Dimethoate 30% EC,Scale,numeric,BARE_NUMBER,per_ha,750.0,303.5086,,,g,750,unparseable,BARE_NUMBER,,,,,,,2475,,False,not_applicable,-,crop_out_of_scope
insecticides_20260331.pdf,25,27,,Rose,,False,False,Dimethoate 30% EC,Thrips,numeric,BARE_NUMBER,per_ha,400.0,161.8712,,,g,400,unparseable,BARE_NUMBER,,,,,,,1320,,False,not_applicable,-,crop_out_of_scope
insecticides_20260331.pdf,25,28,,,,False,False,DIMPROPYRIDAZ 120 g/l SL,,empty,EMPTY,,,,,,,,empty,EMPTY,,,,,,,,,False,not_applicable,,crop_blank
insecticides_20260331.pdf,25,29,,Brinjal,,False,False,DIMPROPYRIDAZ 120 g/l SL,White fly,numeric,BARE_RANGE,per_ha,108.0,43.7052,120.0,48.5614,g,108 -120,unparseable,BARE_RANGE,,,,,,,900 –  1000,3,False,resolved,3,crop_out_of_scope
insecticides_20260331.pdf,26,0,,Brinjal,,False,False,DIMPROPYRIDAZ 120 g/l SL,"Jassids, Aphids",numeric,BARE_NUMBER,per_ha,84.0,33.993,,,g,84,unparseable,BARE_NUMBER,,,,,,,700,,False,not_applicable,,crop_out_of_scope
insecticides_20260331.pdf,26,3,,Cucumber,,False,False,DIMPROPYRIDAZ 120 g/l SL,White fly,numeric,BARE_RANGE,per_ha,108.0,43.7052,120.0,48.5614,g,108 – 120,unparseable,BARE_RANGE,,,,,,,900 –  1000,3,False,resolved,3,crop_out_of_scope
insecticides_20260331.pdf,26,4,,Cucumber,,False,False,DIMPROPYRIDAZ 120 g/l SL,"Jassids, Aphids",numeric,BARE_NUMBER,per_ha,84.0,33.993,,,g,84,unparseable,BARE_NUMBER,,,,,,,700,,False,not_applicable,,crop_out_of_scope
insecticides_20260331.pdf,26,6,,Chilli,,False,False,DIMPROPYRIDAZ 120 g/l SL,"White fly, Aphids",numeric,BARE_RANGE,per_ha,108.0,43.7052,120.0,48.5614,g,108 - 120,unparseable,BARE_RANGE,,,,,,,900 -1000,3,False,resolved,3,crop_out_of_scope
insecticides_20260331.pdf,26,7,,,,False,False,Dinotefuran 20% SG,,empty,EMPTY,,,,,,,,empty,EMPTY,,,,,,,,,False,not_applicable,,crop_blank
insecticides_20260331.pdf,26,8,,Rice (Paddy),,False,False,Dinotefuran 20% SG,Brown plant hopper,numeric,BARE_RANGE,per_ha,30.0,12.1403,40.0,16.1871,g,30 –40,unparseable,BARE_RANGE,,,,,,,150 –200,21,False,resolved,21,crop_out_of_scope
insecticides_20260331.pdf,26,10,,,,False,False,Dinotefuran 70 %WG,,empty,EMPTY,,,,,,,,empty,EMPTY,,,,,,,,,False,not_applicable,,crop_blank
insecticides_20260331.pdf,26,12,,Brinjal,,False,False,Dinotefuran 70 %WG,"Jassids, Aphids and Whitefly",numeric,BARE_NUMBER,per_ha,61.2,24.7663,,,g,61.2,unparseable,BARE_NUMBER,,,,,,,87,7,False,resolved,7,crop_out_of_scope
insecticides_20260331.pdf,26,13,,Rice,,False,False,Dinotefuran 70 %WG,"Brown Plant Hopper, White  Backed Plant Hopper and  Green leaf Hopper",numeric,BARE_NUMBER,per_ha,61.2,24.7663,,,g,61.2,unparseable,BARE_NUMBER,,,,,,,88,32,False,resolved,32,crop_out_of_scope
insecticides_20260331.pdf,26,14,,,,False,False,Emamectin benzoate 05%SG,,empty,EMPTY,,,,,,,,empty,EMPTY,,,,,,,,,False,not_applicable,,crop_blank
insecticides_20260331.pdf,26,16,,Okra (Bhindi),,False,False,Emamectin benzoate 05%SG,Fruit & Shoot Borer,numeric,BARE_RANGE,per_ha,6.75,2.7316,8.5,3.4398,g,6.75 –8.50,unparseable,BARE_RANGE,,,,,,,135 –170,5,False,resolved,05,crop_out_of_scope
insecticides_20260331.pdf,26,17,,Cabbage,,False,False,Emamectin benzoate 05%SG,Diamond back moth,numeric,BARE_RANGE,per_ha,7.5,3.0351,10.0,4.0468,g,7.5 –10,unparseable,BARE_RANGE,,,,,,,150 –200,3,False,resolved,03,crop_out_of_scope
insecticides_20260331.pdf,26,18,,Chilli,,False,False,Emamectin benzoate 05%SG,"Fruit borer, Thrips, Mites",numeric,BARE_NUMBER,per_ha,10.0,4.0468,,,g,10,unparseable,BARE_NUMBER,,,,,,,200,3,False,resolved,03,crop_out_of_scope
insecticides_20260331.pdf,26,19,,Brinjal,,False,False,Emamectin benzoate 05%SG,Fruit and Shoot borer,numeric,BARE_NUMBER,per_ha,10.0,4.0468,,,g,10,unparseable,BARE_NUMBER,,,,,,,200,3,False,resolved,03,crop_out_of_scope
insecticides_20260331.pdf,26,23,,Tea,,False,False,Emamectin benzoate 05%SG,Tea looper,numeric,BARE_NUMBER,per_ha,10.0,4.0468,,,g,10,unparseable,BARE_NUMBER,,,,,,,200,1,False,resolved,01,crop_out_of_scope
insecticides_20260331.pdf,26,24,,,,False,False,Emamectin benzoate 01.90%EC,,empty,EMPTY,,,,,,,,empty,EMPTY,,,,,,,,,False,not_applicable,,crop_blank
insecticides_20260331.pdf,27,0,,Chilli,,False,False,Emamectin benzoate 01.90%EC,"Fruit borer, Thrips",numeric,BARE_NUMBER,per_ha,7.13,2.8854,,,g,07.13,unparseable,BARE_NUMBER,,,,,,,375,3,False,resolved,03,crop_out_of_scope
insecticides_20260331.pdf,27,2,,Paddy,,False,False,Emamectin benzoate 01.90%EC,Leaf folder & Hispa,numeric,BARE_NUMBER,per_ha,8.08,3.2698,,,g,8.08,unparseable,BARE_NUMBER,,,,,,,425,48,False,resolved,48,crop_out_of_scope
insecticides_20260331.pdf,27,4,,,,False,False,Ethion 50% EC,,empty,EMPTY,,,,,,,,empty,EMPTY,,,,,,,,,False,not_applicable,,crop_blank
insecticides_20260331.pdf,27,5,,Tea,,False,False,Ethion 50% EC,"Red spider mites, Purple  mites, Yellow mite, Thrips,  Scale",numeric,BARE_NUMBER,per_ha,250.0,101.1695,,,g,250,unparseable,BARE_NUMBER,,,,,,,500,3,False,resolved,03,crop_out_of_scope
insecticides_20260331.pdf,27,8,,Chilli,,False,False,Ethion 50% EC,Mites & thrips,numeric,BARE_RANGE,per_ha,75.0,30.3509,1000.0,404.6781,g,75 –1000,unparseable,BARE_RANGE,,,,,,,1500 –2000,5,False,resolved,05,crop_out_of_scope
insecticides_20260331.pdf,27,12,,,,False,False,Ethofenoprox 10%EC,,empty,EMPTY,,,,,,,,empty,EMPTY,,,,,,,,,False,not_applicable,,crop_blank
insecticides_20260331.pdf,27,13,,Rice,,False,False,Ethofenoprox 10%EC,"Brown plant hopper, Green  leaf hopper, Stem borer,  Leaf folder, Gall midge,  Whorl maggot, White  backed plant hopper",numeric,BARE_RANGE,per_ha,50.0,20.2339,75.0,30.3509,g,50 –75,unparseable,BARE_RANGE,,,,,,,500 –750,15,False,resolved,15,crop_out_of_scope
insecticides_20260331.pdf,27,14,,,,False,False,Ethylene dichloride + Carbon tetrachloride (3:1),,empty,EMPTY,,,,,,,,empty,EMPTY,,,,,,,,,False,not_applicable,,crop_blank
insecticides_20260331.pdf,27,15,,,,False,False,,,empty,EMPTY,,,,,,,,empty,EMPTY,,,,,,,,,False,not_applicable,,crop_blank
insecticides_20260331.pdf,28,1,,,,False,False,Etoxazole 10%SC,,empty,EMPTY,,,,,,,,empty,EMPTY,,,,,,,,,False,not_applicable,,crop_blank
insecticides_20260331.pdf,28,2,,Brinjal,,False,False,Etoxazole 10%SC,Red spider mite,numeric,BARE_NUMBER,per_ha,40.0,16.1871,,,g,40,unparseable,BARE_NUMBER,,,,,,,400,5,False,resolved,05,crop_out_of_scope
insecticides_20260331.pdf,28,3,,Tea,,False,False,Etoxazole 10%SC,Red spider mite,numeric,BARE_NUMBER,per_ha,40.0,16.1871,,,g,40,unparseable,BARE_NUMBER,,,,,,,400,5,False,resolved,05,crop_out_of_scope
insecticides_20260331.pdf,28,4,,Apple,,False,False,Etoxazole 10%SC,European Red Spider Mite,numeric,BARE_NUMBER,per_ha,40.0,16.1871,,,g,40,unparseable,BARE_NUMBER,,,,,,,400,43,False,resolved,43,crop_out_of_scope
insecticides_20260331.pdf,28,5,,,,False,False,Fenazaquin 10%EC,,empty,EMPTY,,,,,,,,empty,EMPTY,,,,,,,,,False,not_applicable,,crop_blank
insecticides_20260331.pdf,28,6,,Tea,,False,False,Fenazaquin 10%EC,"Red spider mite, Pink Mite,  Purple mite",numeric,BARE_NUMBER,per_ha,100.0,40.4678,,,g,100,unparseable,BARE_NUMBER,,,,,,,1000,7,False,resolved,07,crop_out_of_scope
insecticides_20260331.pdf,28,7,,Tea,,False,False,Fenazaquin 10%EC,Scarlet mite,numeric,BARE_NUMBER,per_ha,125.0,50.5848,,,g,125,unparseable,BARE_NUMBER,,,,,,,1250,7,False,resolved,07,crop_out_of_scope
insecticides_20260331.pdf,28,8,,Chilli,,False,False,Fenazaquin 10%EC,Yellow mite,numeric,BARE_NUMBER,per_ha,125.0,50.5848,,,g,125,unparseable,BARE_NUMBER,,,,,,,1250,10,False,resolved,10,crop_out_of_scope
insecticides_20260331.pdf,28,9,,Apple,,False,False,Fenazaquin 10%EC,"Red spider mite, Two spotted  mite",numeric,BARE_NUMBER,per_ha,40.0,16.1871,,,g,40,unparseable,BARE_NUMBER,,,,,,,400,30,False,resolved,30,crop_out_of_scope
insecticides_20260331.pdf,28,10,,Okra (Bhindi),,False,False,Fenazaquin 10%EC,Red spider mite,numeric,BARE_NUMBER,per_ha,125.0,50.5848,,,g,125,unparseable,BARE_NUMBER,,,,,,,1250,7,False,resolved,07,crop_out_of_scope
insecticides_20260331.pdf,28,11,,Brinjal,,False,False,Fenazaquin 10%EC,Red spider mite,numeric,BARE_NUMBER,per_ha,125.0,50.5848,,,g,125,unparseable,BARE_NUMBER,,,,,,,1250,7,False,resolved,07,crop_out_of_scope
insecticides_20260331.pdf,28,13,,,,False,False,Fenazaquin 18.3%SC,,empty,EMPTY,,,,,,,,empty,EMPTY,,,,,,,,,False,not_applicable,,crop_blank
insecticides_20260331.pdf,28,14,,Brinjal,,False,False,Fenazaquin 18.3%SC,Red spider mite,numeric,BARE_NUMBER,per_ha,114.375,46.2851,,,g,114.375,unparseable,BARE_NUMBER,,,,,,,625,10,False,resolved,10,crop_out_of_scope
insecticides_20260331.pdf,28,15,,Tea,,False,False,Fenazaquin 18.3%SC,Red spider Mite (Oligonychus  coffeae),numeric,BARE_RANGE,per_ha,80.0,32.3742,100.0,40.4678,g,80 – 100,unparseable,BARE_RANGE,,,,,,,400-500,7,False,resolved,07,crop_out_of_scope
insecticides_20260331.pdf,28,16,,Apple,,False,False,Fenazaquin 18.3%SC,European Red mite,numeric,BARE_NUMBER,per_ha,40.0,16.1871,,,g,40,unparseable,BARE_NUMBER,,,,,,,200,30,False,resolved,30,crop_out_of_scope
insecticides_20260331.pdf,28,17,,Chilli,,False,False,Fenazaquin 18.3%SC,Yellow Mite  (Polyphagotarsonemus latus),numeric,BARE_NUMBER,per_ha,114.375,46.2851,,,g,114.375,unparseable,BARE_NUMBER,,,,,,,625,10,False,resolved,10,crop_out_of_scope
insecticides_20260331.pdf,28,18,,Okra,,False,False,Fenazaquin 18.3%SC,Red Spider Mite (Tetranychus  urticae),numeric,BARE_NUMBER,per_ha,114.375,46.2851,,,g,114.375,unparseable,BARE_NUMBER,,,,,,,625,7,False,resolved,7,crop_out_of_scope
insecticides_20260331.pdf,28,20,,,,False,False,Fenmezoditiaz 200g/L SC,,empty,EMPTY,,,,,,,,empty,EMPTY,,,,,,,,,False,not_applicable,,crop_blank
insecticides_20260331.pdf,28,21,,Rice,,False,False,Fenmezoditiaz 200g/L SC,"Brown Plant Hopper  (Nilaparvata lugens), White  Backed Plant Hopper  (Sogatella furcifera)",numeric,BARE_RANGE,per_ha,25.0,10.117,30.0,12.1403,g,25-30,unparseable,BARE_RANGE,,,,,,,125-150,37,False,resolved,37,crop_out_of_scope
insecticides_20260331.pdf,29,0,,,,False,False,Fenobucarb (BPMC) 50% EC,,empty,EMPTY,,,,,,,,empty,EMPTY,,,,,,,,,False,not_applicable,,crop_blank
insecticides_20260331.pdf,29,1,,Rice,,False,False,Fenobucarb (BPMC) 50% EC,"Brown plant hopper, Green  leaf hopper",numeric,BARE_RANGE,per_ha,250.0,101.1695,750.0,303.5086,g,250 –750,unparseable,BARE_RANGE,,,,,,,500 –1500,30,False,resolved,30,crop_out_of_scope
insecticides_20260331.pdf,29,2,,,,False,False,Fenpropathrin 10% EC,,empty,EMPTY,,,,,,,,empty,EMPTY,,,,,,,,,False,not_applicable,,crop_blank
insecticides_20260331.pdf,29,4,,,,False,False,Fenpropathrin 30%EC,,empty,EMPTY,,,,,,,,empty,EMPTY,,,,,,,,,False,not_applicable,,crop_blank
insecticides_20260331.pdf,29,6,,Chilli,,False,False,Fenpropathrin 30%EC,"Thrips, Whitefly, Mites",numeric,BARE_RANGE,per_ha,75.0,30.3509,100.0,40.4678,g,75 –100,unparseable,BARE_RANGE,,,,,,,250 –340,7,False,resolved,07,crop_out_of_scope
insecticides_20260331.pdf,29,7,,Brinjal,,False,False,Fenpropathrin 30%EC,"Whitefly, Shoot and Fruit  borer, Mites",numeric,BARE_RANGE,per_ha,75.0,30.3509,100.0,40.4678,g,75 –100,unparseable,BARE_RANGE,,,,,,,250 –340,10,False,resolved,10,crop_out_of_scope
insecticides_20260331.pdf,29,8,,Okra (Bhindi),,False,False,Fenpropathrin 30%EC,"Whitefly, Shoot and Fruit  borer, Mites",numeric,BARE_RANGE,per_ha,75.0,30.3509,100.0,40.4678,g,75 –100,unparseable,BARE_RANGE,,,,,,,250 –340,7,False,resolved,07,crop_out_of_scope
insecticides_20260331.pdf,29,9,,Tea,,False,False,Fenpropathrin 30%EC,Mites,numeric,BARE_RANGE,per_ha,50.0,20.2339,60.0,24.2807,g,50 –60,unparseable,BARE_RANGE,,,,,,,165 –200,7,False,resolved,07,crop_out_of_scope
insecticides_20260331.pdf,29,10,,Paddy(Rice),,False,False,Fenpropathrin 30%EC,"Yellow stem borer, Leaf  folder",numeric,BARE_NUMBER,per_ha,100.0,40.4678,,,g,100,unparseable,BARE_NUMBER,,,,,,,333,30,False,resolved,30,crop_out_of_scope
insecticides_20260331.pdf,29,11,,,,False,False,Fenpyroximate 05%EC,,empty,EMPTY,,,,,,,,empty,EMPTY,,,,,,,,,False,not_applicable,,crop_blank
insecticides_20260331.pdf,29,12,,Tea,,False,False,Fenpyroximate 05%EC,"Red spider mite, Pink Mite,  Purple mite",numeric,BARE_RANGE,per_ha,15.0,6.0702,30.0,12.1403,g,15–30,unparseable,BARE_RANGE,,,,,,,300 –600,7,False,resolved,07,crop_out_of_scope
insecticides_20260331.pdf,29,13,,Chilli,,False,False,Fenpyroximate 05%EC,Yellow mite,numeric,BARE_RANGE,per_ha,15.0,6.0702,30.0,12.1403,g,15-30,unparseable,BARE_RANGE,,,,,,,300 –600,7,False,resolved,07,crop_out_of_scope
insecticides_20260331.pdf,29,15,,Coconut,,False,False,Fenpyroximate 05%EC,Eriophyid mites,numeric,NUM_WITH_METHOD,per_tree,0.5,,,,g,0.50 gm/tree (Root  feeding),numeric,PER_LITRE,per_litre_water,10.0,,,,ml,10ml/lit.,,False,not_applicable,-,crop_out_of_scope
insecticides_20260331.pdf,29,16,,Coconut,,False,False,Fenpyroximate 05%EC,Eriophyid mites,numeric,PER_TREE,per_tree,0.056,,0.075,,g,0.056-0.075  gm/tree,numeric,PER_LITRE,per_litre_water,0.75,,1.0,,ml,0.75-01.0  ml/lit.,,False,not_applicable,-,crop_out_of_scope
insecticides_20260331.pdf,29,17,,,,False,False,Fenpyroximate 05% SC,,empty,EMPTY,,,,,,,,empty,EMPTY,,,,,,,,,False,not_applicable,,crop_blank
insecticides_20260331.pdf,29,18,,Chilli,,False,False,Fenpyroximate 05% SC,Yellow mite,numeric,BARE_RANGE,per_ha,15.0,6.0702,30.0,12.1403,g,15 –30,unparseable,BARE_RANGE,,,,,,,300 –600,3,False,resolved,03,crop_out_of_scope
insecticides_20260331.pdf,29,19,,Tea,,False,False,Fenpyroximate 05% SC,"Red spider mite, Pink mite,  Purple mite",numeric,BARE_RANGE,per_ha,30.0,12.1403,60.0,24.2807,g,30 –60,unparseable,BARE_RANGE,,,,,,,600 –1200,7,False,resolved,07,crop_out_of_scope
insecticides_20260331.pdf,29,20,,,,False,False,Fenpropathrin 10% EW,,empty,EMPTY,,,,,,,,empty,EMPTY,,,,,,,,,False,not_applicable,,crop_blank
insecticides_20260331.pdf,29,21,,Rice,,False,False,Fenpropathrin 10% EW,Stem borer (Scirpophaga  incertulas) and leaf folder  (Cnaphalocrocis medinalis),numeric,BARE_NUMBER,per_ha,100.0,40.4678,,,g,100,unparseable,BARE_NUMBER,,,,,,,1000,58,False,resolved,58,crop_out_of_scope
insecticides_20260331.pdf,29,22,,,,False,False,Fenvalerate 20% EC,,empty,EMPTY,,,,,,,,empty,EMPTY,,,,,,,,,False,not_applicable,,crop_blank
insecticides_20260331.pdf,30,0,,Cauliflower,,False,False,Fenvalerate 20% EC,"Diamond  back  moth,  American boll worm, Aphids,  Jassids",numeric,BARE_RANGE,per_ha,60.0,24.2807,75.0,30.3509,g,60-75,unparseable,BARE_RANGE,,,,,,,300 –375,7,False,resolved,07,crop_out_of_scope
insecticides_20260331.pdf,30,3,,Brinjal,,False,False,Fenvalerate 20% EC,"Shoot & fruit borer, Aphids",numeric,BARE_RANGE,per_ha,75.0,30.3509,100.0,40.4678,g,75 –100,unparseable,BARE_RANGE,,,,,,,375 –500,5,False,resolved,05,crop_out_of_scope
insecticides_20260331.pdf,30,4,,Okra (Bhindi),,False,False,Fenvalerate 20% EC,"Shoot & fruit borer, Jassids",numeric,BARE_RANGE,per_ha,60.0,24.2807,75.0,30.3509,g,60–75,unparseable,BARE_RANGE,,,,,,,300 –375,7,False,resolved,07,crop_out_of_scope
insecticides_20260331.pdf,30,5,,,,False,False,Fenvalerate 02%Conc.,,empty,EMPTY,,,,,,,,empty,EMPTY,,,,,,,,,False,not_applicable,,crop_blank
insecticides_20260331.pdf,30,7,,,,False,False,Fenvalerate 00.40 %DP,,empty,EMPTY,,,,,,,,empty,EMPTY,,,,,,,,,False,not_applicable,,crop_blank
insecticides_20260331.pdf,30,9,,,,False,False,Fipronil 0.6% w/w WG,,empty,EMPTY,,,,,,,,empty,EMPTY,,,,,,,,,False,not_applicable,,crop_blank
insecticides_20260331.pdf,30,10,,Rice,,False,False,Fipronil 0.6% w/w WG,Yellow stem borer  (Scirpophaga incertulas),numeric,BARE_RANGE,per_ha,50.0,20.2339,75.0,30.3509,g,50-75,unparseable,BARE_RANGE,,,,,,,8333- 12500,49,False,resolved,49,crop_out_of_scope
insecticides_20260331.pdf,30,11,,Sugarcane,,False,False,Fipronil 0.6% w/w WG,Early shoot borer (Chilo  infuscatellus) and Termites  (Odontotermes obesus),numeric,BARE_NUMBER,per_ha,80.0,32.3742,,,g,80,unparseable,BARE_NUMBER,,,,,,,13333,238,False,resolved,238,crop_out_of_scope
insecticides_20260331.pdf,30,12,,,,False,False,Fipronil 05% SC,,empty,EMPTY,,,,,,,,empty,EMPTY,,,,,,,,,False,not_applicable,,crop_blank
insecticides_20260331.pdf,30,13,,Rice,,False,False,Fipronil 05% SC,"Stem borer, Brown plant  hopper, Green leaf hopper,  Rice leaf hopper, Rice Gall  midge, Whorl maggot, White  backed plant hopper",numeric,BARE_RANGE,per_ha,50.0,20.2339,75.0,30.3509,g,50–75,unparseable,BARE_RANGE,,,,,,,1000 –1500,32,False,resolved,32,crop_out_of_scope
insecticides_20260331.pdf,30,14,,Cabbage,,False,False,Fipronil 05% SC,Diamond back moth,numeric,BARE_RANGE,per_ha,40.0,16.1871,50.0,20.2339,g,40 –50,unparseable,BARE_RANGE,,,,,,,800 –1000,7,False,resolved,07,crop_out_of_scope
insecticides_20260331.pdf,30,15,,Chilli,,False,False,Fipronil 05% SC,"Thrips, Aphids, Fruit borers",numeric,BARE_RANGE,per_ha,40.0,16.1871,50.0,20.2339,g,40–50,unparseable,BARE_RANGE,,,,,,,800 –1000,7,False,resolved,07,crop_out_of_scope
insecticides_20260331.pdf,30,16,,Sugarcane,,False,False,Fipronil 05% SC,Early shoot borer & Root borer,numeric,BARE_RANGE,per_ha,75.0,30.3509,100.0,40.4678,g,75 –100,unparseable,BARE_RANGE,,,,,,,1500 –2000,270,False,resolved,270,crop_out_of_scope
insecticides_20260331.pdf,30,19,,,,False,False,Fipronil 18.87 %w/w SC,,empty,EMPTY,,,,,,,,empty,EMPTY,,,,,,,,,False,not_applicable,,crop_blank
insecticides_20260331.pdf,30,21,,Chilli,,False,False,Fipronil 18.87 %w/w SC,"Thrips, Aphids, Helicoverpa  armigera",numeric,BARE_NUMBER,per_ha,50.0,20.2339,,,g,50,unparseable,BARE_NUMBER,,,,,,,250,5,False,resolved,5,crop_out_of_scope
insecticides_20260331.pdf,30,22,,Rice,,False,False,Fipronil 18.87 %w/w SC,"Stem Borer, Leaf Folder , Brown Plant Hopper",numeric,BARE_NUMBER,per_ha,50.0,20.2339,,,g,50,unparseable,BARE_NUMBER,,,,,,,250,46,False,resolved,46,crop_out_of_scope
insecticides_20260331.pdf,31,1,,,,False,False,Fipronil 02.92% EC,,empty,EMPTY,,,,,,,,empty,EMPTY,,,,,,,,,False,not_applicable,,crop_blank
insecticides_20260331.pdf,31,2,,Pre- construction  (Building),,False,False,Fipronil 02.92% EC,Termite,numeric,PCT_SINGLE,concentration_pct,0.25,,,,%,0.25%,unparseable,BARE_NUMBER,,,,,,,100,,False,raised,IS:6313-       2001  (Part-2),crop_not_a_crop_cell
insecticides_20260331.pdf,31,3,,Post- construction  (Building),,False,False,Fipronil 02.92% EC,Termite,numeric,PCT_SINGLE,concentration_pct,0.25,,,,%,0.25%,unparseable,BARE_NUMBER,,,,,,,100,,False,raised,IS:6313-2001  (Part-3),crop_not_a_crop_cell
insecticides_20260331.pdf,31,4,,,,False,False,Fipronil00.30% GR,,empty,EMPTY,,,,,,,,empty,EMPTY,,,,,,,,,False,not_applicable,,crop_blank
insecticides_20260331.pdf,31,5,,Rice,,False,False,Fipronil00.30% GR,"Stem  borer,  Brown  plant  hopper,  Green  leaf  hopper  Rice  leaf  hopper,  Rice  gall  midge, Whorl maggot, White  backed plant hopper",numeric,BARE_RANGE,per_ha,50.0,20.2339,75.0,30.3509,g,50 – 75,unparseable,BARE_RANGE,,,,,,,16670 – 25000,32,False,resolved,32,crop_out_of_scope
insecticides_20260331.pdf,31,6,,Sugarcane,,False,False,Fipronil00.30% GR,"Early shoot borer, Root borer",numeric,BARE_RANGE,per_ha,75.0,30.3509,100.0,40.4678,g,75.0 – 100,unparseable,BARE_RANGE,,,,,,,25000 – 33300,9,False,resolved,09,crop_out_of_scope
insecticides_20260331.pdf,31,7,,Wheat,,False,False,Fipronil00.30% GR,Termites,numeric,BARE_NUMBER,per_ha,0.06,0.0243,,,g,0.06,numeric,NUM_UNIT,per_ha,20.0,8.0936,,,kg,20 kg,91,False,resolved,91,crop_out_of_scope
insecticides_20260331.pdf,31,8,,,,False,False,Fipronil 00.60% w/w GR,,empty,EMPTY,,,,,,,,empty,EMPTY,,,,,,,,,False,not_applicable,,crop_blank
insecticides_20260331.pdf,31,9,,Rice,,False,False,Fipronil 00.60% w/w GR,Stem borer & Leaf folder,numeric,BARE_NUMBER,per_ha,60.0,24.2807,,,g,60,unparseable,BARE_NUMBER,,,,,,,10,65,False,resolved,65,crop_out_of_scope
insecticides_20260331.pdf,31,10,,Sugarcane,,False,False,Fipronil 00.60% w/w GR,"Early shoot borer, Termite",numeric,BARE_NUMBER,per_ha,75.0,30.3509,,,g,75,unparseable,BARE_NUMBER,,,,,,,12.5,229,False,resolved,229,crop_out_of_scope
insecticides_20260331.pdf,31,11,,Wheat,,False,False,Fipronil 00.60% w/w GR,"Pink Stem borer, Armyworm",numeric,BARE_NUMBER,per_ha,60.0,24.2807,,,g,60,unparseable,BARE_NUMBER,,,,,,,10,106,False,resolved,106,crop_out_of_scope
insecticides_20260331.pdf,31,12,,Wheat,,False,False,Fipronil 00.60% w/w GR,Termite,numeric,BARE_NUMBER,per_ha,60.0,24.2807,,,g,60,unparseable,BARE_NUMBER,,,,,,,10,117,False,resolved,117,crop_out_of_scope
insecticides_20260331.pdf,31,13,,,,False,False,Fipronil 80% WG,,empty,EMPTY,,,,,,,,empty,EMPTY,,,,,,,,,False,not_applicable,,crop_blank
insecticides_20260331.pdf,31,14,,Rice,,False,False,Fipronil 80% WG,"Stem borer, Leaf folder",numeric,BARE_RANGE,per_ha,40.0,16.1871,50.0,20.2339,g,40 – 50,unparseable,BARE_RANGE,,,,,,,50 – 62.50,19,False,resolved,19,crop_out_of_scope
insecticides_20260331.pdf,31,17,,Cabbage,,False,False,Fipronil 80% WG,Diamond back moth,numeric,BARE_NUMBER,per_ha,75.0,30.3509,,,g,75,unparseable,BARE_NUMBER,,,,,,,93.75,15,False,resolved,15,crop_out_of_scope
insecticides_20260331.pdf,31,18,,Chilli,,False,False,Fipronil 80% WG,Thrips,numeric,BARE_RANGE,per_ha,40.0,16.1871,50.0,20.2339,g,40 – 50,unparseable,BARE_RANGE,,,,,,,50 – 62.5,5,False,resolved,5,crop_out_of_scope
insecticides_20260331.pdf,31,20,,,,False,False,Flocoumafen 0.005% Block Bait (Strom),,empty,EMPTY,,,,,,,,empty,EMPTY,,,,,,,,,False,not_applicable,,crop_blank
insecticides_20260331.pdf,31,21,,,,False,False,,,empty,EMPTY,,,,,,,,empty,EMPTY,,,,,,,,,False,not_applicable,,crop_blank
insecticides_20260331.pdf,31,22,,"For rodent  control in  field, storage  and crops like  rice, soybean and coconut)",,False,False,Flocoumafen 0.005% Block Bait (Strom),"Rattus rattus, Bandicota  bengalensis, Tatera indica,  Mus musculus",numeric,BARE_RANGE,per_ha,0.75,0.3035,1.0,0.4047,g,0.75-1.0,unparseable,BARE_RANGE,,,,,,,15-20,,False,not_applicable,NA,crop_not_a_crop_cell
insecticides_20260331.pdf,32,1,,,,False,False,Flonicamid 50%WG,,empty,EMPTY,,,,,,,,empty,EMPTY,,,,,,,,,False,not_applicable,,crop_blank
insecticides_20260331.pdf,32,2,,Rice,,False,False,Flonicamid 50%WG,"Brown plant hopper, White  backed plant hopper, Green  leaf hopper",numeric,BARE_NUMBER,per_ha,75.0,30.3509,,,g,75,unparseable,BARE_NUMBER,,,,,,,150,36,False,resolved,36,crop_out_of_scope
insecticides_20260331.pdf,32,4,,Okra,,False,False,Flonicamid 50%WG,"Aphids (Aphis gossipy),  Jassids (Amrasca bigutulla  bigutulla), White fly (Bemisia  tabaci)",numeric,BARE_NUMBER,per_ha,100.0,40.4678,,,g,100,unparseable,BARE_NUMBER,,,,,,,200,10,False,resolved,10,crop_out_of_scope
insecticides_20260331.pdf,32,5,,Brinjal,,False,False,Flonicamid 50%WG,"Aphids (Aphis gossipy),  Jassids (Amrasca bigutulla  bigutulla), White fly (Bemisia  tabaci)",numeric,BARE_NUMBER,per_ha,100.0,40.4678,,,g,100,unparseable,BARE_NUMBER,,,,,,,200,15,False,resolved,15,crop_out_of_scope
insecticides_20260331.pdf,32,6,,Mango,,False,False,Flonicamid 50%WG,Mango Hoppers (Amritodus  atkinsoni),numeric,BARE_NUMBER,per_ha,200.0,80.9356,,,g,200,unparseable,BARE_NUMBER,,,,,,,400,15,False,resolved,15,crop_out_of_scope
insecticides_20260331.pdf,32,8,,Chilli,,False,False,Flonicamid 50%WG,"Aphids (Aphis gossipy), Jassids  (Amrasca bigutulla bigutulla),  White fly (Bemisia tabaci)",numeric,BARE_NUMBER,per_ha,100.0,40.4678,,,g,100,unparseable,BARE_NUMBER,,,,,,,200,5,False,resolved,05,crop_out_of_scope
insecticides_20260331.pdf,32,10,,Potato,,False,False,Flonicamid 50%WG,"Aphids (Aphis gossipy), Jassids  (Amrasca bigutulla bigutulla),  White fly (Bemisia tabaci)",numeric,BARE_NUMBER,per_ha,100.0,40.4678,,,g,100,unparseable,BARE_NUMBER,,,,,,,200,20,False,resolved,20,crop_out_of_scope
insecticides_20260331.pdf,32,11,,,,False,False,Flometoquin 10% SC,,empty,EMPTY,,,,,,,,empty,EMPTY,,,,,,,,,False,not_applicable,,crop_blank
insecticides_20260331.pdf,32,12,,Cabbage,,False,False,Flometoquin 10% SC,Diamond Back Moth,numeric,BARE_RANGE,per_ha,75.0,30.3509,100.0,40.4678,g,75-100,unparseable,BARE_RANGE,,,,,,,750-1000,10,False,resolved,10,crop_out_of_scope
insecticides_20260331.pdf,32,13,,Chilli,,False,False,Flometoquin 10% SC,Thrips (Scirtothrips dorsalis),numeric,BARE_RANGE,per_ha,75.0,30.3509,100.0,40.4678,g,75-100,unparseable,BARE_RANGE,,,,,,,750-1000,10,False,resolved,10,crop_out_of_scope
insecticides_20260331.pdf,32,14,,,,False,False,Flubendiamide 20% WG,,empty,EMPTY,,,,,,,,empty,EMPTY,,,,,,,,,False,not_applicable,,crop_blank
insecticides_20260331.pdf,32,15,,Rice,,False,False,Flubendiamide 20% WG,"Stem borer, Leaf folder",numeric,BARE_NUMBER,per_ha,25.0,10.117,,,g,25,unparseable,BARE_NUMBER,,,,,,,125,30,False,resolved,30,crop_out_of_scope
insecticides_20260331.pdf,33,1,,Cabbage,,False,False,Flubendiamide 20% WG,Diamond back moth,numeric,BARE_NUMBER,per_ha,18.24,7.3813,,,g,18.24,unparseable,BARE_RANGE,,,,,,,37.5 –50,7,False,resolved,07,crop_out_of_scope
insecticides_20260331.pdf,33,2,,Cabbage,,False,False,Flubendiamide 20% WG,Diamond back moth,numeric,BARE_NUMBER,per_ha,12.5,5.0585,,,g,12.5,unparseable,BARE_NUMBER,,,,,,,62.5,7,False,resolved,07,crop_out_of_scope
insecticides_20260331.pdf,33,5,,Tea,,False,False,Flubendiamide 20% WG,Semilooper,numeric,BARE_NUMBER,per_ha,30.0,12.1403,,,g,30,unparseable,BARE_NUMBER,,,,,,,150,7,False,resolved,07,crop_out_of_scope
insecticides_20260331.pdf,33,6,,Chilli,,False,False,Flubendiamide 20% WG,Fruit borer,numeric,BARE_RANGE,per_ha,50.0,20.2339,60.0,24.2807,g,50 –60,unparseable,BARE_RANGE,,,,,,,250 –300,5,False,resolved,05,crop_out_of_scope
insecticides_20260331.pdf,33,8,,Groundnut,,False,False,Flubendiamide 20% WG,Spodoptera litura,numeric,BARE_NUMBER,per_ha,60.0,24.2807,,,g,60,unparseable,BARE_NUMBER,,,,,,,300,31,False,resolved,31,crop_out_of_scope
insecticides_20260331.pdf,33,9,,Blackgram,,False,False,Flubendiamide 20% WG,"Spodoptera litura, Maruca  spp.",numeric,BARE_NUMBER,per_ha,60.0,24.2807,,,g,60,unparseable,BARE_NUMBER,,,,,,,300,23,False,resolved,23,crop_out_of_scope
insecticides_20260331.pdf,33,11,,Sugarcane,,False,False,Flubendiamide 20% WG,Early shoot borer,numeric,BARE_NUMBER,per_ha,75.0,30.3509,,,g,75,unparseable,BARE_NUMBER,,,,,,,375,204,False,resolved,204,crop_out_of_scope
insecticides_20260331.pdf,33,12,,Maize,,False,False,Flubendiamide 20% WG,Fall Armyworm (Spodoptera  frugiperda),numeric,BARE_NUMBER,per_ha,50.0,20.2339,,,g,50,unparseable,BARE_NUMBER,,,,,,,250,55,False,resolved,55,crop_out_of_scope
insecticides_20260331.pdf,33,13,,,,False,False,Flubendiamide 39.35%w/w SC,,empty,EMPTY,,,,,,,,empty,EMPTY,,,,,,,,,False,not_applicable,,crop_blank
insecticides_20260331.pdf,33,14,,Rice,,False,False,Flubendiamide 39.35%w/w SC,"Stem borer, Leaf folder",numeric,BARE_NUMBER,per_ha,24.0,9.7123,,,g,24.0,unparseable,BARE_NUMBER,,,,,,,50.0,40,False,resolved,40,crop_out_of_scope
insecticides_20260331.pdf,33,17,,Blackgram,,False,False,Flubendiamide 39.35%w/w SC,Fruit borer,numeric,BARE_NUMBER,per_ha,48.0,19.4245,,,g,48,unparseable,BARE_NUMBER,,,,,,,100,11,False,resolved,11,crop_out_of_scope
insecticides_20260331.pdf,33,18,,Chilli,,False,False,Flubendiamide 39.35%w/w SC,Fruit borer,numeric,BARE_RANGE,per_ha,48.0,19.4245,60.0,24.2807,g,48 –60,unparseable,BARE_RANGE,,,,,,,100 –125,7,False,resolved,07,crop_out_of_scope
insecticides_20260331.pdf,33,20,,Cabbage,,False,False,Flubendiamide 39.35%w/w SC,Diamond moth back,numeric,BARE_NUMBER,per_ha,18.24,7.3813,,,g,18.24,unparseable,BARE_RANGE,,,,,,,37.5 –50,7,False,resolved,07,crop_out_of_scope
insecticides_20260331.pdf,33,21,,Brinjal,,False,False,Flubendiamide 39.35%w/w SC,Shoot and fruit borer,numeric,BARE_RANGE,per_ha,72.0,29.1368,90.0,36.421,g,72 – 90,unparseable,BARE_RANGE,,,,,,,150 – 187.5,5,False,resolved,05,crop_out_of_scope
insecticides_20260331.pdf,33,23,,Okra,,False,False,Flubendiamide 39.35%w/w SC,Shoot & fruit borer,numeric,BARE_RANGE,per_ha,48.0,19.4245,60.0,24.2807,g,48 – 60,unparseable,BARE_RANGE,,,,,,,100 – 125,3,False,resolved,03,crop_out_of_scope
insecticides_20260331.pdf,34,0,,Gherkin,,False,False,Flubendiamide 39.35%w/w SC,Fruit borer,numeric,BARE_RANGE,per_ha,36.0,14.5684,48.0,19.4245,g,36-48,unparseable,BARE_RANGE,,,,,,,75-100,5,False,resolved,5,crop_out_of_scope
insecticides_20260331.pdf,34,1,,Cardamom,,False,False,Flubendiamide 39.35%w/w SC,Capsule borer,numeric,BARE_NUMBER,per_ha,72.0,29.1368,,,g,72,numeric,PER_N_LITRE,per_litre_water,0.15,,,,ml,15ml/100  ltr water,15,False,resolved,15,crop_out_of_scope
insecticides_20260331.pdf,34,2,,,,False,False,Flubendiamide 00.70%GR,,empty,EMPTY,,,,,,,,empty,EMPTY,,,,,,,,,False,not_applicable,,crop_blank
insecticides_20260331.pdf,34,3,,Paddy (Rice),,False,False,Flubendiamide 00.70%GR,Stem borer,numeric,BARE_RANGE,per_ha,85.0,34.3976,100.0,40.4678,g,85 –100,unparseable,BARE_RANGE,,,,,,,12.14- 14.28,25,False,resolved,25,crop_out_of_scope
insecticides_20260331.pdf,34,4,,,,False,False,Fluensulfone 2% GR,,empty,EMPTY,,,,,,,,empty,EMPTY,,,,,,,,,False,not_applicable,,crop_blank
insecticides_20260331.pdf,34,6,,Cucumber,,False,False,Fluensulfone 2% GR,,free_text,MULTI_BASIS,free_text,,,,,,0.02 g/plant & 160  to 200 g/ha,free_text,MULTI_BASIS,free_text,,,,,,1.0 g/plant  & 8.0 to  10 Kg/ha,55,False,resolved,55,crop_out_of_scope
insecticides_20260331.pdf,34,7,,Okra,,False,False,Fluensulfone 2% GR,,free_text,MULTI_BASIS,free_text,,,,,,0.02 g/plant & 800  to 910 g/ha,free_text,MULTI_BASIS,free_text,,,,,,1.0 g/plant  & 40.0 to  45.5  Kg/ha,7,False,resolved,7,crop_out_of_scope
insecticides_20260331.pdf,34,9,,,,False,False,Flufenoxuron 10%DC,,empty,EMPTY,,,,,,,,empty,EMPTY,,,,,,,,,False,not_applicable,,crop_blank
insecticides_20260331.pdf,34,10,,Rose,,False,False,Flufenoxuron 10%DC,Mites,numeric,BARE_NUMBER,per_ha,50.0,20.2339,,,g,50,unparseable,BARE_NUMBER,,,,,,,500,6,False,resolved,06,crop_out_of_scope
insecticides_20260331.pdf,34,11,,,,False,False,Flumite20 %SC / Flufenzine 20% SC,,empty,EMPTY,,,,,,,,empty,EMPTY,,,,,,,,,False,not_applicable,,crop_blank
insecticides_20260331.pdf,34,12,,Brinjal,,False,False,Flumite20 %SC / Flufenzine 20% SC,Mite,numeric,BARE_RANGE,per_ha,80.0,32.3742,100.0,40.4678,g,80 –100,unparseable,BARE_RANGE,,,,,,,400-500,5,False,resolved,05,crop_out_of_scope
insecticides_20260331.pdf,34,13,,Tea,,False,False,Flumite20 %SC / Flufenzine 20% SC,"Pink mite, Purple mite",numeric,BARE_RANGE,per_ha,80.0,32.3742,100.0,40.4678,g,80 –100,unparseable,BARE_RANGE,,,,,,,400-500,7,False,resolved,07,crop_out_of_scope
insecticides_20260331.pdf,34,14,,Tea,,False,False,Flumite20 %SC / Flufenzine 20% SC,Red spider mite,numeric,BARE_RANGE,per_ha,100.0,40.4678,120.0,48.5614,g,100 –120,unparseable,BARE_RANGE,,,,,,,500-600,7,False,resolved,07,crop_out_of_scope
insecticides_20260331.pdf,34,15,,,,False,False,Fluopyram 34.48%w/w SC,,empty,EMPTY,,,,,,,,empty,EMPTY,,,,,,,,,False,not_applicable,,crop_blank
insecticides_20260331.pdf,34,17,,Cucumber,,False,False,Fluopyram 34.48%w/w SC,Root knot nematode  (Meloidogyne incognita),free_text,ALTERNATIVE_VALUES,free_text,,,,,,250  (2 application)  or  500 (Single  application),free_text,ALTERNATIVE_VALUES,free_text,,,,,,625  (2  application)    or 1250  (Single  application),5,False,resolved,05,crop_out_of_scope
insecticides_20260331.pdf,34,18,,,,False,False,Flupyradifurone 17.09%w/w SL,,empty,EMPTY,,,,,,,,empty,EMPTY,,,,,,,,,False,not_applicable,,crop_blank
insecticides_20260331.pdf,35,0,,Okra (Bhindi),,False,False,Flupyradifurone 17.09%w/w SL,"Jassids, Whitefly",numeric,BARE_NUMBER,per_ha,250.0,101.1695,,,g,250,unparseable,BARE_NUMBER,,,,,,,1250,3,False,resolved,03,crop_out_of_scope
insecticides_20260331.pdf,35,1,,Tea,,False,False,Flupyradifurone 17.09%w/w SL,Mosquito bug,numeric,BARE_NUMBER,per_ha,150.0,60.7017,,,g,150,unparseable,BARE_NUMBER,,,,,,,750,7,False,resolved,7,crop_out_of_scope
insecticides_20260331.pdf,35,2,,,,False,False,Flupyrimin 2% GR,,empty,EMPTY,,,,,,,,empty,EMPTY,,,,,,,,,False,not_applicable,,crop_blank
insecticides_20260331.pdf,35,3,,Rice,,False,False,Flupyrimin 2% GR,"Stem Borer, Brown Plant  Hopper",numeric,BARE_RANGE,per_ha,100.0,40.4678,150.0,60.7017,g,100-150,unparseable,BARE_RANGE,,,,,,,5000-7500,77,False,resolved,77,crop_out_of_scope
insecticides_20260331.pdf,35,4,,,,False,False,Flupyrimin 10 % SC,,empty,EMPTY,,,,,,,,empty,EMPTY,,,,,,,,,False,not_applicable,,crop_blank
insecticides_20260331.pdf,35,5,,Paddy,,False,False,Flupyrimin 10 % SC,Brown Plant Hopper  (Nilparvata lugens),numeric,BARE_RANGE,per_ha,75.0,30.3509,100.0,40.4678,g,75-100,unparseable,BARE_RANGE,,,,,,,750-1000,7,False,resolved,7,crop_out_of_scope
insecticides_20260331.pdf,35,6,,,,False,False,Flupyrimin 41.32% FS,,empty,EMPTY,,,,,,,,empty,EMPTY,,,,,,,,,False,not_applicable,,crop_blank
insecticides_20260331.pdf,35,7,,Sugarcane,,False,False,Flupyrimin 41.32% FS,Early shoot borer Termites &  White grub,numeric,PCT_EQUIV_FIRST,concentration_pct,0.25,,,,%,25 (0.25%),numeric,PCT_EQUIV_FIRST,concentration_pct,0.5,,,,%,50  (0.50%),,False,not_applicable,NA,crop_out_of_scope
insecticides_20260331.pdf,35,8,,Groundnut,,False,False,Flupyrimin 41.32% FS,"Jassids, White grub & Termites",numeric,PER_N_KG_SEED,per_kg_seed,1.5,,,,g,15 per 10 kg seed,unparseable,PER_N_KG_SEED,,,,,,,30 per 10  kg seed,,False,not_applicable,NA,crop_out_of_scope
insecticides_20260331.pdf,35,9,,,,False,False,Fluvalinate 25% EC,,empty,EMPTY,,,,,,,,empty,EMPTY,,,,,,,,,False,not_applicable,,crop_blank
insecticides_20260331.pdf,35,12,,,,False,False,Fluxametamide 10% w/w EC,,empty,EMPTY,,,,,,,,empty,EMPTY,,,,,,,,,False,not_applicable,,crop_blank
insecticides_20260331.pdf,35,13,,Brinjal,,False,False,Fluxametamide 10% w/w EC,"Leaf hopper, Thrips, Fruit and  Shoot Borer",numeric,BARE_NUMBER,per_ha,40.0,16.1871,,,g,40,unparseable,BARE_NUMBER,,,,,,,400,5,False,resolved,5,crop_out_of_scope
insecticides_20260331.pdf,35,14,,Cabbage,,False,False,Fluxametamide 10% w/w EC,"Diamond Back Moth, Tobacco  caterpillar, Semi looper",numeric,BARE_NUMBER,per_ha,40.0,16.1871,,,g,40,unparseable,BARE_NUMBER,,,,,,,400,5,False,resolved,5,crop_out_of_scope
insecticides_20260331.pdf,35,15,,Chilli,,False,False,Fluxametamide 10% w/w EC,"Thrips, Fruit Borer, Tobacco  caterpillar",numeric,BARE_NUMBER,per_ha,40.0,16.1871,,,g,40,unparseable,BARE_NUMBER,,,,,,,400,5,False,resolved,5,crop_out_of_scope
insecticides_20260331.pdf,35,16,,Okra,,False,False,Fluxametamide 10% w/w EC,"Leaf hopper, thrips, Fruit borer",numeric,BARE_NUMBER,per_ha,40.0,16.1871,,,g,40,unparseable,BARE_NUMBER,,,,,,,400,5,False,resolved,5,crop_out_of_scope
insecticides_20260331.pdf,35,19,,,,False,False,Hexythiazox 05.45 %w/w EC,,empty,EMPTY,,,,,,,,empty,EMPTY,,,,,,,,,False,not_applicable,,crop_blank
insecticides_20260331.pdf,35,20,,Tea,,False,False,Hexythiazox 05.45 %w/w EC,Scarlet mite (Brevipalpus  phoenicis) Red spider mite  (Oligonychus cofeeaea),numeric,BARE_RANGE,per_ha,15.0,6.0702,25.0,10.117,g,15-25,unparseable,BARE_RANGE,,,,,,,300 – 500,5,False,resolved,05,crop_out_of_scope
insecticides_20260331.pdf,35,21,,Chilli,,False,False,Hexythiazox 05.45 %w/w EC,Yellow mites  (Polyphagotarsonemus latus),numeric,BARE_RANGE,per_ha,15.0,6.0702,25.0,10.117,g,15 – 25,unparseable,BARE_RANGE,,,,,,,300 – 500,3,False,resolved,03,crop_out_of_scope
insecticides_20260331.pdf,35,22,,Apple,,False,False,Hexythiazox 05.45 %w/w EC,European Red Mite  (Panonychus ulmi),numeric,PCT_SINGLE,concentration_pct,0.002,,,,%,0.002%,numeric,PCT_SINGLE,concentration_pct,0.04,,,,%,0.04%,15,False,resolved,15,crop_out_of_scope
insecticides_20260331.pdf,36,0,,Rose,,False,False,Hexythiazox 05.45 %w/w EC,Red spider mite,numeric,BARE_RANGE,per_ha,20.0,8.0936,25.0,10.117,g,20-25,unparseable,BARE_RANGE,,,,,,,400 – 500,5,False,resolved,05,crop_out_of_scope
insecticides_20260331.pdf,36,1,,Brinjal,,False,False,Hexythiazox 05.45 %w/w EC,Red spider mite,numeric,BARE_NUMBER,per_ha,25.0,10.117,,,g,25,unparseable,BARE_NUMBER,,,,,,,500,7,False,resolved,07,crop_out_of_scope
insecticides_20260331.pdf,36,2,,Okra,,False,False,Hexythiazox 05.45 %w/w EC,Red spider mite,numeric,BARE_NUMBER,per_ha,25.0,10.117,,,g,25,unparseable,BARE_NUMBER,,,,,,,500,7,False,resolved,07,crop_out_of_scope
insecticides_20260331.pdf,36,3,,,,False,False,Imidacloprid 70%WG,,empty,EMPTY,,,,,,,,empty,EMPTY,,,,,,,,,False,not_applicable,,crop_blank
insecticides_20260331.pdf,36,5,,Rice (Paddy),,False,False,Imidacloprid 70%WG,"Brown plant hoppers, White  backed plant hoppers",numeric,BARE_RANGE,per_ha,21.0,8.4982,24.5,9.9146,g,21 –24.5,unparseable,BARE_RANGE,,,,,,,30 –35,7,False,resolved,07,crop_out_of_scope
insecticides_20260331.pdf,36,6,,Okra (Bhindi),,False,False,Imidacloprid 70%WG,"Jassids, Aphids, Thrips",numeric,BARE_RANGE,per_ha,21.0,8.4982,24.5,9.9146,g,21 –24.5,unparseable,BARE_RANGE,,,,,,,30 –35,3,False,resolved,03,crop_out_of_scope
insecticides_20260331.pdf,36,7,,Cucumber,,False,False,Imidacloprid 70%WG,Aphids & Jassids,numeric,BARE_NUMBER,per_ha,24.5,9.9146,,,g,24.5,unparseable,BARE_NUMBER,,,,,,,35.0,5,False,resolved,05,crop_out_of_scope
insecticides_20260331.pdf,36,9,,Potato,,False,False,Imidacloprid 70%WG,Aphids & White fly,numeric,BARE_NUMBER,per_ha,63.0,25.4947,,,g,63,unparseable,BARE_NUMBER,,,,,,,90,30,False,resolved,30,crop_out_of_scope
insecticides_20260331.pdf,36,10,,,,False,False,Imidacloprid 48% FS (dosage per 100 kg of seeds),,empty,EMPTY,,,,,,,,empty,EMPTY,,,,,,,,,False,not_applicable,,crop_blank
insecticides_20260331.pdf,36,12,,Okra (Bhindi),,False,False,Imidacloprid 48% FS (dosage per 100 kg of seeds),"Jassid, Aphid",numeric,BARE_RANGE,per_ha,300.0,121.4034,540.0,218.5262,g,300 - 540,unparseable,BARE_RANGE,,,,,,,500 - 900,,False,not_applicable,-,crop_out_of_scope
insecticides_20260331.pdf,36,13,,Sunflower,,False,False,Imidacloprid 48% FS (dosage per 100 kg of seeds),"Jassid, Whitefly",numeric,BARE_RANGE,per_ha,300.0,121.4034,540.0,218.5262,g,300 - 540,unparseable,BARE_RANGE,,,,,,,500 - 900,,False,not_applicable,-,crop_out_of_scope
insecticides_20260331.pdf,36,14,,Sorghum,,False,False,Imidacloprid 48% FS (dosage per 100 kg of seeds),Shoot fly,numeric,BARE_NUMBER,per_ha,720.0,291.3682,,,g,720,unparseable,BARE_NUMBER,,,,,,,1200,,False,not_applicable,-,crop_out_of_scope
insecticides_20260331.pdf,36,15,,Pearl millet,,False,False,Imidacloprid 48% FS (dosage per 100 kg of seeds),Shoot fly and termites,numeric,BARE_NUMBER,per_ha,720.0,291.3682,,,g,720,unparseable,BARE_NUMBER,,,,,,,1200,,False,not_applicable,-,crop_out_of_scope
insecticides_20260331.pdf,36,17,,Maize,,False,False,Imidacloprid 48% FS (dosage per 100 kg of seeds),Shoot fly,numeric,BARE_NUMBER,per_ha,0.6,0.2428,,,g,0.6,unparseable,BARE_NUMBER,,,,,,,1.0,,False,not_applicable,-,crop_out_of_scope
insecticides_20260331.pdf,36,18,,Potato,,False,False,Imidacloprid 48% FS (dosage per 100 kg of seeds),Aphid &Jassids,numeric,BARE_NUMBER,per_ha,0.0105,0.0042,,,g,0.0105,unparseable,BARE_NUMBER,,,,,,,0.0175,,False,not_applicable,-,crop_out_of_scope
insecticides_20260331.pdf,36,19,,Rice,,False,False,Imidacloprid 48% FS (dosage per 100 kg of seeds),Thrips,numeric,BARE_NUMBER,per_ha,0.15,0.0607,,,g,0.15,unparseable,BARE_NUMBER,,,,,,,0.25,,False,not_applicable,-,crop_out_of_scope
insecticides_20260331.pdf,36,20,,Wheat,,False,False,Imidacloprid 48% FS (dosage per 100 kg of seeds),"Aphids, Termite",numeric,BARE_NUMBER,per_ha,0.21,0.085,,,g,0.21,unparseable,BARE_NUMBER,,,,,,,0.35,,False,not_applicable,-,crop_out_of_scope
insecticides_20260331.pdf,36,21,,Green Pea,,False,False,Imidacloprid 48% FS (dosage per 100 kg of seeds),"Aphids, Jassids",numeric,BARE_RANGE,per_ha,0.12,0.0486,0.18,0.0728,g,0.12-0.18,unparseable,BARE_RANGE,,,,,,,0.2-0.3,,False,not_applicable,-,crop_out_of_scope
insecticides_20260331.pdf,36,23,,Black gram,,False,False,Imidacloprid 48% FS (dosage per 100 kg of seeds),"Aphids, Jassids, Whitefly",numeric,BARE_NUMBER,per_ha,0.42,0.17,,,g,0.42,unparseable,BARE_NUMBER,,,,,,,0.7,,False,not_applicable,-,crop_out_of_scope
insecticides_20260331.pdf,36,24,,Cumin,,False,False,Imidacloprid 48% FS (dosage per 100 kg of seeds),"Aphids, Jassids, Thrips",numeric,BARE_RANGE,per_ha,0.36,0.1457,0.42,0.17,g,0.36-0.42,unparseable,BARE_RANGE,,,,,,,0.6-0.7,,False,not_applicable,-,crop_out_of_scope
insecticides_20260331.pdf,36,25,,Groundnut,,False,False,Imidacloprid 48% FS (dosage per 100 kg of seeds),Termite,numeric,BARE_NUMBER,per_ha,0.12,0.0486,,,g,0.12,unparseable,BARE_NUMBER,,,,,,,0.2,,False,not_applicable,-,crop_out_of_scope
insecticides_20260331.pdf,36,26,,Chilli,,False,False,Imidacloprid 48% FS (dosage per 100 kg of seeds),"Aphids, Jassids, Thrips",numeric,BARE_RANGE,per_ha,0.72,0.2914,0.9,0.3642,g,0.72-0.90,unparseable,BARE_RANGE,,,,,,,1.2-1.5,,False,not_applicable,-,crop_out_of_scope
insecticides_20260331.pdf,36,27,,,,False,False,Imidacloprid 70%WS,,empty,EMPTY,,,,,,,,empty,EMPTY,,,,,,,,,False,not_applicable,,crop_blank
insecticides_20260331.pdf,37,0,,Okra(Bhindi),,False,False,Imidacloprid 70%WS,"Jassid, Aphid",numeric,BARE_RANGE,per_ha,350.0,141.6373,700.0,283.2747,g,350 -700,unparseable,BARE_RANGE,,,,,,,500 -1000,,False,not_applicable,-,crop_out_of_scope
insecticides_20260331.pdf,37,1,,Chilli,,False,False,Imidacloprid 70%WS,"Jassid, Aphid, Thrips",numeric,BARE_RANGE,per_ha,700.0,283.2747,1050.0,424.912,g,700 -1050,unparseable,BARE_RANGE,,,,,,,1000 -1500,,False,not_applicable,-,crop_out_of_scope
insecticides_20260331.pdf,37,2,,Sunflower,,False,False,Imidacloprid 70%WS,"Jassid, Whitefly",numeric,BARE_NUMBER,per_ha,490.0,198.2923,,,g,490,unparseable,BARE_NUMBER,,,,,,,700,,False,not_applicable,-,crop_out_of_scope
insecticides_20260331.pdf,37,3,,Sugarcane,,False,False,Imidacloprid 70%WS,Termite,numeric,BARE_RANGE,per_ha,70.0,28.3275,105.0,42.4912,g,70 -105,unparseable,BARE_RANGE,,,,,,,100 -150,,False,not_applicable,-,crop_out_of_scope
insecticides_20260331.pdf,37,4,,Sorghum,,False,False,Imidacloprid 70%WS,Shoot fly,numeric,BARE_NUMBER,per_ha,700.0,283.2747,,,g,700,unparseable,BARE_NUMBER,,,,,,,1000,,False,not_applicable,-,crop_out_of_scope
insecticides_20260331.pdf,37,5,,Pearl millet,,False,False,Imidacloprid 70%WS,Termites and shoot fly,numeric,BARE_NUMBER,per_ha,700.0,283.2747,,,g,700,unparseable,BARE_NUMBER,,,,,,,1000,,False,not_applicable,-,crop_out_of_scope
insecticides_20260331.pdf,37,6,,Mustard,,False,False,Imidacloprid 70%WS,"Mustard sawfly, Painted bug",numeric,BARE_NUMBER,per_ha,490.0,198.2923,,,g,490,unparseable,BARE_NUMBER,,,,,,,700,,False,not_applicable,-,crop_out_of_scope
insecticides_20260331.pdf,37,7,,,,False,False,Imidacloprid 30.50%m/m SC,,empty,EMPTY,,,,,,,,empty,EMPTY,,,,,,,,,False,not_applicable,,crop_blank
insecticides_20260331.pdf,37,9,,Rice(Paddy),,False,False,Imidacloprid 30.50%m/m SC,"Brown plant hopper,  White backed plant  hopper",numeric,BARE_RANGE,per_ha,21.0,8.4982,26.25,10.6228,g,21 -26.25,unparseable,BARE_RANGE,,,,,,,60 -75,37,False,resolved,37,crop_out_of_scope
insecticides_20260331.pdf,37,10,,Chilli,,False,False,Imidacloprid 30.50%m/m SC,"Aphids, Thrips",numeric,BARE_RANGE,per_ha,43.75,17.7047,52.5,21.2456,g,43.75 – 52.5,unparseable,BARE_RANGE,,,,,,,125 - 150,5,False,resolved,5,crop_out_of_scope
insecticides_20260331.pdf,37,11,,,,False,False,"For non-agricultural use:- For protecting building from termite attack at pre and post construction stages,  apply  Imidacloprid 30.5% m/m SC @ 0.075% a.i. concentration.",,empty,EMPTY,,,,,,,,empty,EMPTY,,,,,,,,,False,not_applicable,,crop_blank
insecticides_20260331.pdf,37,12,,,,False,False,Imidacloprid 17.80%SL,,empty,EMPTY,,,,,,,,empty,EMPTY,,,,,,,,,False,not_applicable,,crop_blank
insecticides_20260331.pdf,37,14,,Paddy(Rice),,False,False,Imidacloprid 17.80%SL,"Brown plant hopper,  White backed plant  hopper, Green leafhopper",numeric,BARE_RANGE,per_ha,20.0,8.0936,25.0,10.117,g,20 -25,unparseable,BARE_RANGE,,,,,,,100 -125,40,False,resolved,40,crop_out_of_scope
insecticides_20260331.pdf,37,15,,Chilli,,False,False,Imidacloprid 17.80%SL,"Jassid, Aphid, Thrips",numeric,BARE_RANGE,per_ha,25.0,10.117,50.0,20.2339,g,25 -50,unparseable,BARE_RANGE,,,,,,,125 -250,40,False,resolved,40,crop_out_of_scope
insecticides_20260331.pdf,37,16,,Sugarcane,,False,False,Imidacloprid 17.80%SL,Termite,numeric,BARE_NUMBER,per_ha,70.0,28.3275,,,g,70,unparseable,BARE_NUMBER,,,,,,,350,45,False,resolved,45,crop_out_of_scope
insecticides_20260331.pdf,37,17,,Mango,,False,False,Imidacloprid 17.80%SL,Hopper,numeric,PER_TREE,per_tree,0.4,,0.8,,g,0.40-0.80g/tree,numeric,PER_TREE,per_tree,2.0,,4.0,,ml,2-4ml/tree,45,False,resolved,45,crop_out_of_scope
insecticides_20260331.pdf,37,18,,Sunflower,,False,False,Imidacloprid 17.80%SL,"Whitefly, Jassid, Thrips,",numeric,BARE_NUMBER,per_ha,20.0,8.0936,,,g,20,unparseable,BARE_NUMBER,,,,,,,100,30,False,resolved,30,crop_out_of_scope
insecticides_20260331.pdf,37,19,,Okra (Bhindi),,False,False,Imidacloprid 17.80%SL,"Aphid, Jassid, Thrips",numeric,BARE_NUMBER,per_ha,20.0,8.0936,,,g,20,unparseable,BARE_NUMBER,,,,,,,100,3,False,resolved,03,crop_out_of_scope
insecticides_20260331.pdf,37,20,,Citrus,,False,False,Imidacloprid 17.80%SL,"Leafminer, Psylla",numeric,BARE_NUMBER,per_ha,10.0,4.0468,,,g,10,unparseable,BARE_NUMBER,,,,,,,50,15,False,resolved,15,crop_out_of_scope
insecticides_20260331.pdf,37,21,,Groundnut,,False,False,Imidacloprid 17.80%SL,"Aphid, Jassid",numeric,BARE_RANGE,per_ha,20.0,8.0936,25.0,10.117,g,20 -25,unparseable,BARE_RANGE,,,,,,,100 -125,40,False,resolved,40,crop_out_of_scope
insecticides_20260331.pdf,37,24,,Tea,,False,False,Imidacloprid 17.80%SL,Tea mosquito bug  (Helopeltis theivora),numeric,BARE_NUMBER,per_ha,24.0,9.7123,,,g,24,unparseable,BARE_NUMBER,,,,,,,120,7,False,resolved,07,crop_out_of_scope
insecticides_20260331.pdf,38,0,,,,False,False,Imidacloprid 00.30%GR,,empty,EMPTY,,,,,,,,empty,EMPTY,,,,,,,,,False,not_applicable,,crop_blank
insecticides_20260331.pdf,38,1,,Paddy (Rice),,False,False,Imidacloprid 00.30%GR,Stem borer,numeric,BARE_NUMBER,per_ha,0.045,0.0182,,,g,0.045,numeric,NUM_UNIT,per_ha,15.0,6.0702,,,kg,15.0 kg,26,False,resolved,26,crop_out_of_scope
insecticides_20260331.pdf,38,2,,,,False,False,Imidacloprid 17.1 % w/w SL,,empty,EMPTY,,,,,,,,empty,EMPTY,,,,,,,,,False,not_applicable,,crop_blank
insecticides_20260331.pdf,38,4,,Rice,,False,False,Imidacloprid 17.1 % w/w SL,"Brown Plant Hopper,  White Backed Plant  Hopper and Green Leaf  Hopper",numeric,BARE_NUMBER,per_ha,60.0,24.2807,,,g,60,unparseable,BARE_NUMBER,,,,,,,300,39,False,resolved,39,crop_out_of_scope
insecticides_20260331.pdf,38,5,,,,False,False,Indoxacarb 14.50% SC,,empty,EMPTY,,,,,,,,empty,EMPTY,,,,,,,,,False,not_applicable,,crop_blank
insecticides_20260331.pdf,38,7,,Cabbage,,False,False,Indoxacarb 14.50% SC,Diamond back moth,numeric,BARE_RANGE,per_ha,30.0,12.1403,40.0,16.1871,g,30 -40,unparseable,BARE_RANGE,,,,,,,200 -266,7,False,resolved,07,crop_out_of_scope
insecticides_20260331.pdf,38,8,,Chilli,,False,False,Indoxacarb 14.50% SC,Fruit borer,numeric,BARE_RANGE,per_ha,50.0,20.2339,60.0,24.2807,g,50-60,unparseable,BARE_RANGE,,,,,,,333 -400,5,False,resolved,05,crop_out_of_scope
insecticides_20260331.pdf,38,11,,Rice,,False,False,Indoxacarb 14.50% SC,"Yellow Stem Borer  (Scirpophaga incertulas),  Leaf Folder  (Cnaphalocrosis  medinalis)",numeric,BARE_RANGE,per_ha,30.0,12.1403,50.0,20.2339,g,30-50,unparseable,BARE_RANGE,,,,,,,200-333,37,False,resolved,37,crop_out_of_scope
insecticides_20260331.pdf,38,14,,,,False,False,Indoxacarb15.80%EC,,empty,EMPTY,,,,,,,,empty,EMPTY,,,,,,,,,False,not_applicable,,crop_blank
insecticides_20260331.pdf,38,16,,Cabbage,,False,False,Indoxacarb15.80%EC,Diamond back moth  (Plutella xylostella),numeric,BARE_NUMBER,per_ha,40.0,16.1871,,,g,40,unparseable,BARE_NUMBER,,,,,,,266,5,False,resolved,05,crop_out_of_scope
insecticides_20260331.pdf,38,18,,Rice,,False,False,Indoxacarb15.80%EC,"Leaf folder  (Cnephalocrosis  medinalis), Green  Semilooper, Stem fly",numeric,BARE_NUMBER,per_ha,30.0,12.1403,,,g,30,unparseable,BARE_NUMBER,,,,,,,200,14,False,resolved,14,crop_out_of_scope
insecticides_20260331.pdf,39,1,,,,False,False,Isocycloseram 9.2% W/W Dc (10% W/V) DC,,empty,EMPTY,,,,,,,,empty,EMPTY,,,,,,,,,False,not_applicable,,crop_blank
insecticides_20260331.pdf,39,2,,Brinjal,,False,False,Isocycloseram 9.2% W/W Dc (10% W/V) DC,Jassids and Red Spider  mite,numeric,BARE_NUMBER,per_ha,20.0,8.0936,,,g,20,unparseable,BARE_NUMBER,,,,,,,200,5,False,resolved,5,crop_out_of_scope
insecticides_20260331.pdf,39,3,,Brinjal,,False,False,Isocycloseram 9.2% W/W Dc (10% W/V) DC,Shoot and Fruit Borer,numeric,BARE_NUMBER,per_ha,60.0,24.2807,,,g,60,unparseable,BARE_NUMBER,,,,,,,600,,False,not_applicable,,crop_out_of_scope
insecticides_20260331.pdf,39,4,,Cabbage,,False,False,Isocycloseram 9.2% W/W Dc (10% W/V) DC,"Leaf Feeder, DBM",numeric,BARE_RANGE,per_ha,20.0,8.0936,30.0,12.1403,g,20-30,unparseable,BARE_RANGE,,,,,,,200-300,10,False,resolved,10,crop_out_of_scope
insecticides_20260331.pdf,39,5,,Chilli,,False,False,Isocycloseram 9.2% W/W Dc (10% W/V) DC,Yellow Mites,numeric,BARE_NUMBER,per_ha,20.0,8.0936,,,g,20,unparseable,BARE_NUMBER,,,,,,,200,7,False,resolved,7,crop_out_of_scope
insecticides_20260331.pdf,39,6,,Chilli,,False,False,Isocycloseram 9.2% W/W Dc (10% W/V) DC,Thrips and Fruit borer,numeric,BARE_NUMBER,per_ha,60.0,24.2807,,,g,60,unparseable,BARE_NUMBER,,,,,,,600,,False,not_applicable,,crop_out_of_scope
insecticides_20260331.pdf,39,10,,Groundnut,,False,False,Isocycloseram 9.2% W/W Dc (10% W/V) DC,"Leaf miner, Leaf feeder,  thrips and Jassids",numeric,BARE_RANGE,per_ha,50.0,20.2339,60.0,24.2807,g,50-60,unparseable,BARE_RANGE,,,,,,,500-600,48,False,resolved,48,crop_out_of_scope
insecticides_20260331.pdf,39,12,,,,False,False,Isocycloseram 18.1% W/W SC (20 % W/V Sc),,empty,EMPTY,,,,,,,,empty,EMPTY,,,,,,,,,False,not_applicable,,crop_blank
insecticides_20260331.pdf,39,13,,Rice,,False,False,Isocycloseram 18.1% W/W SC (20 % W/V Sc),Leaf Folder,numeric,BARE_NUMBER,per_ha,20.0,8.0936,,,g,20,unparseable,BARE_NUMBER,,,,,,,100,29,False,resolved,29,crop_out_of_scope
insecticides_20260331.pdf,39,14,,Rice,,False,False,Isocycloseram 18.1% W/W SC (20 % W/V Sc),Stem Borer,numeric,BARE_NUMBER,per_ha,60.0,24.2807,,,g,60,unparseable,BARE_NUMBER,,,,,,,300,,False,not_applicable,,crop_out_of_scope
insecticides_20260331.pdf,39,15,,Maize,,False,False,Isocycloseram 18.1% W/W SC (20 % W/V Sc),"Fall Armyworm, Stem  Borer",numeric,BARE_NUMBER,per_ha,60.0,24.2807,,,g,60,unparseable,BARE_NUMBER,,,,,,,300,48,False,resolved,48,crop_out_of_scope
insecticides_20260331.pdf,39,16,,,,False,False,Lambda-cyhalothrin 04.90%CS,,empty,EMPTY,,,,,,,,empty,EMPTY,,,,,,,,,False,not_applicable,,crop_blank
insecticides_20260331.pdf,39,18,,Paddy(Rice),,False,False,Lambda-cyhalothrin 04.90%CS,"Stem borer, Leaf folder",numeric,BARE_NUMBER,per_ha,12.5,5.0585,,,g,12.50,unparseable,BARE_NUMBER,,,,,,,250,15,False,resolved,15,crop_out_of_scope
insecticides_20260331.pdf,39,19,,Brinjal,,False,False,Lambda-cyhalothrin 04.90%CS,Shoot &fruit borer,numeric,BARE_NUMBER,per_ha,15.0,6.0702,,,g,15,unparseable,BARE_NUMBER,,,,,,,300,5,False,resolved,05,crop_out_of_scope
insecticides_20260331.pdf,39,20,,Okra(Bhindi),,False,False,Lambda-cyhalothrin 04.90%CS,Fruit borer,numeric,BARE_NUMBER,per_ha,15.0,6.0702,,,g,15,unparseable,BARE_NUMBER,,,,,,,300,5,False,resolved,05,crop_out_of_scope
insecticides_20260331.pdf,39,23,,Chilli,,False,False,Lambda-cyhalothrin 04.90%CS,"Thrips, Pod borer",numeric,BARE_NUMBER,per_ha,25.0,10.117,,,g,25,unparseable,BARE_NUMBER,,,,,,,500,5,False,resolved,05,crop_out_of_scope
insecticides_20260331.pdf,39,26,,Cardamom,,False,False,Lambda-cyhalothrin 04.90%CS,Shoot and Capsule Borer and  Thrips,numeric,BARE_NUMBER,per_ha,20.0,8.0936,,,g,20,unparseable,BARE_NUMBER,,,,,,,400,34,False,resolved,34,crop_out_of_scope
insecticides_20260331.pdf,39,27,,,,False,False,Lambda-cyhalothrin 02.50%EC,,empty,EMPTY,,,,,,,,empty,EMPTY,,,,,,,,,False,not_applicable,,crop_blank
insecticides_20260331.pdf,40,0,,Rice(Paddy),,False,False,Lambda-cyhalothrin 02.50%EC,"Leaf folder, Stem borer,  Green leafhopper, Gall midge,  Hispa, Thrips",numeric,BARE_NUMBER,per_ha,12.5,5.0585,,,g,12.50,unparseable,BARE_NUMBER,,,,,,,500,15,False,resolved,15,crop_out_of_scope
insecticides_20260331.pdf,40,1,,,,False,False,Lambda-cyhalothrin 05% EC,,empty,EMPTY,,,,,,,,empty,EMPTY,,,,,,,,,False,not_applicable,,crop_blank
insecticides_20260331.pdf,40,3,,Rice(Paddy),,False,False,Lambda-cyhalothrin 05% EC,"Leaf folder, Stem borer,  Green leaf hopper, Gall  Midge,  Thrips",numeric,BARE_NUMBER,per_ha,12.5,5.0585,,,g,12.50,unparseable,BARE_NUMBER,,,,,,,250,15,False,resolved,15,crop_out_of_scope
insecticides_20260331.pdf,40,4,,Brinjal,,False,False,Lambda-cyhalothrin 05% EC,Shoot & fruit borer,numeric,BARE_NUMBER,per_ha,15.0,6.0702,,,g,15,unparseable,BARE_NUMBER,,,,,,,300,4,False,resolved,04,crop_out_of_scope
insecticides_20260331.pdf,40,6,,Chilli,,False,False,Lambda-cyhalothrin 05% EC,"Thrips , mite, pod borer",numeric,BARE_NUMBER,per_ha,15.0,6.0702,,,g,15,unparseable,BARE_NUMBER,,,,,,,300,5,False,resolved,05,crop_out_of_scope
insecticides_20260331.pdf,40,9,,Bhindi (Okra),,False,False,Lambda-cyhalothrin 05% EC,"Jassids, Shoot borer",numeric,BARE_NUMBER,per_ha,15.0,6.0702,,,g,15,unparseable,BARE_NUMBER,,,,,,,300,4,False,resolved,04,crop_out_of_scope
insecticides_20260331.pdf,40,11,,Groundnut,,False,False,Lambda-cyhalothrin 05% EC,"Thrips, Leafhopper, Leaf  miner",numeric,BARE_RANGE,per_ha,10.0,4.0468,15.0,6.0702,g,10 –15,unparseable,BARE_RANGE,,,,,,,200 –300,10,False,resolved,10,crop_out_of_scope
insecticides_20260331.pdf,40,12,,Mango,,False,False,Lambda-cyhalothrin 05% EC,Hoppers,numeric,PCT_RANGE,concentration_pct,0.0025,,0.005,,%,0.0025-0.005%,numeric,PER_LITRE,per_litre_water,0.5,,1.0,,ml,0.5-1.0    ml/l of water,7,False,resolved,07,crop_out_of_scope
insecticides_20260331.pdf,40,13,,,,False,False,Lambda cyhalothrin 24% w/w WDG,,empty,EMPTY,,,,,,,,empty,EMPTY,,,,,,,,,False,not_applicable,,crop_blank
insecticides_20260331.pdf,40,14,,Rice,,False,False,Lambda cyhalothrin 24% w/w WDG,"Yellow stem borer  (Scirpophaga incertulas),  Leaf folder (Cnaphalocrocis  medinalis) Brown plant  hopper (Nilaparvata lugens)",numeric,BARE_NUMBER,per_ha,12.5,5.0585,,,g,12.5,unparseable,BARE_NUMBER,,,,,,,52.0,29,False,resolved,29,crop_out_of_scope
insecticides_20260331.pdf,40,15,,Mango,,False,False,Lambda cyhalothrin 24% w/w WDG,"Mango Hopper (Idioscopus  clypealis), I. niveosparsus &  I. nitidulus)",numeric,BARE_NUMBER,per_ha,72.0,29.1368,,,g,72.0,unparseable,BARE_NUMBER,,,,,,,300.0,7,False,resolved,7,crop_out_of_scope
insecticides_20260331.pdf,40,16,,,,False,False,LAMBDACYHALOTHRIN 22.8% CS,,empty,EMPTY,,,,,,,,empty,EMPTY,,,,,,,,,False,not_applicable,,crop_blank
insecticides_20260331.pdf,40,17,,,,False,False,Lambda-cyhalothrin 22.8% CS is a manufacturing concentrate that will be used for the manufacture of Lambda- cyhalothrin 4.9% CS and is not intended to be used directly on crops.,,empty,EMPTY,,,,,,,,empty,EMPTY,,,,,,,,,False,not_applicable,,crop_blank
insecticides_20260331.pdf,40,18,,,,False,False,Lufenuron05.40%EC,,empty,EMPTY,,,,,,,,empty,EMPTY,,,,,,,,,False,not_applicable,,crop_blank
insecticides_20260331.pdf,40,19,,Cabbage,,False,False,Lufenuron05.40%EC,Diamond back moth,numeric,BARE_NUMBER,per_ha,30.0,12.1403,,,g,30,unparseable,BARE_NUMBER,,,,,,,600,14,False,resolved,14,crop_out_of_scope
insecticides_20260331.pdf,40,20,,Cauliflower,,False,False,Lufenuron05.40%EC,Diamond back moth,numeric,BARE_NUMBER,per_ha,30.0,12.1403,,,g,30,unparseable,BARE_NUMBER,,,,,,,600,5,False,resolved,05,crop_out_of_scope
insecticides_20260331.pdf,41,2,,Blackgram,,False,False,Lufenuron05.40%EC,Pod borer,numeric,BARE_NUMBER,per_ha,30.0,12.1403,,,g,30,unparseable,BARE_NUMBER,,,,,,,600,10,False,resolved,10,crop_out_of_scope
insecticides_20260331.pdf,41,3,,Chilli,,False,False,Lufenuron05.40%EC,Fruit borer,numeric,BARE_NUMBER,per_ha,30.0,12.1403,,,g,30,unparseable,BARE_NUMBER,,,,,,,600,5,False,resolved,05,crop_out_of_scope
insecticides_20260331.pdf,41,4,,,,False,False,"Magnesium Phosphide Degesch plates recommended for fumigation of un-manufactured tobacco for export, as per  importing country requirement.",,empty,EMPTY,,,,,,,,empty,EMPTY,,,,,,,,,False,not_applicable,,crop_blank
insecticides_20260331.pdf,41,5,,,,False,False,Malathion 05 % DP,,empty,EMPTY,,,,,,,,empty,EMPTY,,,,,,,,,False,not_applicable,,crop_blank
insecticides_20260331.pdf,41,6,,Paddy(Rice),,False,False,Malathion 05 % DP,Rice Hispa,numeric,BARE_NUMBER,per_ha,1250.0,505.8476,,,g,1250,unparseable,BARE_NUMBER,,,,,,,25000,,False,not_applicable,-,crop_out_of_scope
insecticides_20260331.pdf,41,7,,,,False,False,Malathion 50.00% EC,,empty,EMPTY,,,,,,,,empty,EMPTY,,,,,,,,,False,not_applicable,,crop_blank
insecticides_20260331.pdf,41,8,,Paddy(Rice),,False,False,Malathion 50.00% EC,Rice Hispa,numeric,BARE_NUMBER,per_ha,575.0,232.6899,,,g,575,unparseable,BARE_NUMBER,,,,,,,1150,,False,not_applicable,-,crop_out_of_scope
insecticides_20260331.pdf,41,9,,Cabbage,,False,False,Malathion 50.00% EC,Mustard aphid,numeric,BARE_NUMBER,per_ha,750.0,303.5086,,,g,750,unparseable,BARE_NUMBER,,,,,,,1500,,False,not_applicable,-,crop_out_of_scope
insecticides_20260331.pdf,41,10,,,,False,False,Metaflumizone 22%SC,,empty,EMPTY,,,,,,,,empty,EMPTY,,,,,,,,,False,not_applicable,,crop_blank
insecticides_20260331.pdf,41,11,,Cabbage,,False,False,Metaflumizone 22%SC,Diamond back moth,numeric,BARE_RANGE,per_ha,165.0,66.7719,220.0,89.0292,g,165 –220,unparseable,BARE_RANGE,,,,,,,750 –1000,3,False,resolved,03,crop_out_of_scope
insecticides_20260331.pdf,41,12,,,,False,False,Metaldehyde 2.5% DP,,empty,EMPTY,,,,,,,,empty,EMPTY,,,,,,,,,False,not_applicable,,crop_blank
insecticides_20260331.pdf,41,13,,"Citrus,  Rubber,  Paddy  (Rice),Tea,  Vegetables",,False,False,Metaldehyde 2.5% DP,"Snails, Slugs, Giant,  African snails",empty,EMPTY,,,,,,,,free_text,PROSE_METHOD,free_text,,,,,,Available in ready to use 2.5%Dust,,False,not_applicable,,crop_out_of_scope
insecticides_20260331.pdf,41,14,,,,False,False,Methoxyfenozide 21.8% w/w SC,,empty,EMPTY,,,,,,,,empty,EMPTY,,,,,,,,,False,not_applicable,,crop_blank
insecticides_20260331.pdf,41,15,,Groundnut,,False,False,Methoxyfenozide 21.8% w/w SC,Leaf eating caterpillar  (Spodopotera litura),numeric,BARE_NUMBER,per_ha,210.0,84.9824,,,g,210,unparseable,BARE_NUMBER,,,,,,,875,26,False,resolved,26,crop_out_of_scope
insecticides_20260331.pdf,41,16,,Groundnut,,False,False,Methoxyfenozide 21.8% w/w SC,Groundnut leaf minor  (Aproaerema modicella),numeric,BARE_NUMBER,per_ha,210.0,84.9824,,,g,210,unparseable,BARE_NUMBER,,,,,,,875,,False,not_applicable,,crop_out_of_scope
insecticides_20260331.pdf,41,17,,Groundnut,,False,False,Methoxyfenozide 21.8% w/w SC,Pod borer  (Helicoverpa armigera),numeric,BARE_NUMBER,per_ha,210.0,84.9824,,,g,210,unparseable,BARE_NUMBER,,,,,,,875,,False,not_applicable,,crop_out_of_scope
insecticides_20260331.pdf,41,18,,Sugarcane,,False,False,Methoxyfenozide 21.8% w/w SC,Early shoot borer(Chilo  infuscatellus),numeric,BARE_RANGE,per_ha,120.0,48.5614,150.0,60.7017,g,120-150,unparseable,NUM_WITH_METHOD,,,,,,,500-625  (depending    upon stage of                  crop),161,False,resolved,161,crop_out_of_scope
insecticides_20260331.pdf,41,19,,,,False,False,Methyl Bromide 98 %w/w,,empty,EMPTY,,,,,,,,empty,EMPTY,,,,,,,,,False,not_applicable,,crop_blank
insecticides_20260331.pdf,41,20,,"Stored  Whole  Cereals  and Seed,  Millet,  Pulses",,False,False,Methyl Bromide 98 %w/w,"Rice Weevil, Lesser  Grain Borer, Khapra  Beetle, Rust Red Flour  Beetle, Saw Drug  Store Beetle",free_text,PROSE_NO_NUMBER,free_text,,,,,,Air tight cover,free_text,UNSUPPORTED_UNIT,free_text,,,,,,24 gm/m3,,False,raised,As when  residues not  to exceed 25  ppm,crop_out_of_scope
insecticides_20260331.pdf,42,0,,Milled  Products :Flour,,False,False,Methyl Bromide 98 %w/w,"Khapra Beetle, Rust  Red Flour Beetle,  Lesser grain borer",free_text,PROSE_NO_NUMBER,free_text,,,,,,Air tight cover,free_text,UNSUPPORTED_UNIT,free_text,,,,,,24-32  gm/m3,,False,raised,As when  residues not  to exceed 25  ppm,crop_out_of_scope
insecticides_20260331.pdf,42,1,,"Dry Fruits,  Nuts Spices  & Oil Seeds",,False,False,Methyl Bromide 98 %w/w,Rust Red Flour  Beetle,free_text,PROSE_NO_NUMBER,free_text,,,,,,Air tight cover,free_text,UNSUPPORTED_UNIT,free_text,,,,,,24-32  gm/m3,,False,raised,As when  residues not  to exceed 25  ppm,crop_out_of_scope
insecticides_20260331.pdf,42,2,,,,False,False,Milbemectin 01%EC,,empty,EMPTY,,,,,,,,empty,EMPTY,,,,,,,,,False,not_applicable,,crop_blank
insecticides_20260331.pdf,42,3,,Rose,,False,False,Milbemectin 01%EC,"Two spotted, Spider  mite",numeric,BARE_NUMBER,per_ha,4.5,1.8211,,,g,04.50,unparseable,BARE_NUMBER,,,,,,,450,5,False,resolved,05,crop_out_of_scope
insecticides_20260331.pdf,42,4,,Chilli,,False,False,Milbemectin 01%EC,"Yellow, White mite",numeric,BARE_NUMBER,per_ha,3.25,1.3152,,,g,03.25,unparseable,BARE_NUMBER,,,,,,,325,7,False,resolved,07,crop_out_of_scope
insecticides_20260331.pdf,42,5,,,,False,False,Monocrotophos 15%SG,,empty,EMPTY,,,,,,,,empty,EMPTY,,,,,,,,,False,not_applicable,,crop_blank
insecticides_20260331.pdf,42,7,,,,False,False,Nitenpyram 25% w/w SP,,empty,EMPTY,,,,,,,,empty,EMPTY,,,,,,,,,False,not_applicable,,crop_blank
insecticides_20260331.pdf,42,9,,Paddy,,False,False,Nitenpyram 25% w/w SP,Brown Plant hoppers &  White backed plant  hoppers,numeric,BARE_NUMBER,per_ha,150.0,60.7017,,,g,150,unparseable,BARE_NUMBER,,,,,,,600,37,False,resolved,37,crop_out_of_scope
insecticides_20260331.pdf,42,10,,,,False,False,Novaluron 10 % EC,,empty,EMPTY,,,,,,,,empty,EMPTY,,,,,,,,,False,not_applicable,,crop_blank
insecticides_20260331.pdf,42,12,,Cabbage,,False,False,Novaluron 10 % EC,Diamond back moth,numeric,BARE_NUMBER,per_ha,75.0,30.3509,,,g,75,unparseable,BARE_NUMBER,,,,,,,750,5,False,resolved,05,crop_out_of_scope
insecticides_20260331.pdf,42,14,,Chilli,,False,False,Novaluron 10 % EC,"Fruit borer, Tobacco  Caterpillar",numeric,BARE_NUMBER,per_ha,33.5,13.5567,,,g,33.50,unparseable,BARE_NUMBER,,,,,,,375,3,False,resolved,03,crop_out_of_scope
insecticides_20260331.pdf,42,16,,,,False,False,Novaluron 8.8 w/w % SC,,empty,EMPTY,,,,,,,,empty,EMPTY,,,,,,,,,False,not_applicable,,crop_blank
insecticides_20260331.pdf,42,18,,,,False,False,Oxydemeton-methyl 25% EC,,empty,EMPTY,,,,,,,,empty,EMPTY,,,,,,,,,False,not_applicable,,crop_blank
insecticides_20260331.pdf,42,19,,Paddy(Rice),,False,False,Oxydemeton-methyl 25% EC,Blue leaf hopper,numeric,BARE_NUMBER,per_ha,125.0,50.5848,,,g,125,unparseable,BARE_NUMBER,,,,,,,500,,False,not_applicable,-,crop_out_of_scope
insecticides_20260331.pdf,42,20,,Paddy(Rice),,False,False,Oxydemeton-methyl 25% EC,White leaf hopper,numeric,BARE_NUMBER,per_ha,250.0,101.1695,,,g,250,unparseable,BARE_NUMBER,,,,,,,1000,,False,not_applicable,-,crop_out_of_scope
insecticides_20260331.pdf,43,0,,Maize,,False,False,Oxydemeton-methyl 25% EC,Shoot fly,numeric,BARE_NUMBER,per_ha,250.0,101.1695,,,g,250,unparseable,BARE_NUMBER,,,,,,,1000,,False,not_applicable,-,crop_out_of_scope
insecticides_20260331.pdf,43,1,,Sorghum,,False,False,Oxydemeton-methyl 25% EC,Shoot fly,numeric,BARE_NUMBER,per_ha,250.0,101.1695,,,g,250,unparseable,BARE_NUMBER,,,,,,,1000,,False,not_applicable,-,crop_out_of_scope
insecticides_20260331.pdf,43,3,,Groundnut,,False,False,Oxydemeton-methyl 25% EC,"Aphid, Leaf miner",numeric,BARE_NUMBER,per_ha,250.0,101.1695,,,g,250,unparseable,BARE_NUMBER,,,,,,,1000,,False,not_applicable,-,crop_out_of_scope
insecticides_20260331.pdf,43,4,,Mustard,,False,False,Oxydemeton-methyl 25% EC,Aphid,numeric,BARE_NUMBER,per_ha,250.0,101.1695,,,g,250,unparseable,BARE_NUMBER,,,,,,,1000,,False,not_applicable,-,crop_out_of_scope
insecticides_20260331.pdf,43,5,,Sesamum,,False,False,Oxydemeton-methyl 25% EC,Leafhopper,numeric,BARE_NUMBER,per_ha,300.0,121.4034,,,g,300,unparseable,BARE_NUMBER,,,,,,,1200,,False,not_applicable,-,crop_out_of_scope
insecticides_20260331.pdf,43,6,,Bhindi (Okra),,False,False,Oxydemeton-methyl 25% EC,Whitefly,numeric,BARE_NUMBER,per_ha,250.0,101.1695,,,g,250,unparseable,BARE_NUMBER,,,,,,,1000,,False,not_applicable,-,crop_out_of_scope
insecticides_20260331.pdf,43,7,,Bhindi (Okra),,False,False,Oxydemeton-methyl 25% EC,"Jassid, Leaf beetle",numeric,BARE_NUMBER,per_ha,400.0,161.8712,,,g,400,unparseable,BARE_NUMBER,,,,,,,1600,,False,not_applicable,-,crop_out_of_scope
insecticides_20260331.pdf,43,8,,Chilli,,False,False,Oxydemeton-methyl 25% EC,Aphid,numeric,BARE_NUMBER,per_ha,400.0,161.8712,,,g,400,unparseable,BARE_NUMBER,,,,,,,1600,,False,not_applicable,-,crop_out_of_scope
insecticides_20260331.pdf,43,9,,Chilli,,False,False,Oxydemeton-methyl 25% EC,Mites,numeric,BARE_NUMBER,per_ha,500.0,202.339,,,g,500,unparseable,BARE_NUMBER,,,,,,,2000,,False,not_applicable,-,crop_out_of_scope
insecticides_20260331.pdf,43,10,,Chilli,,False,False,Oxydemeton-methyl 25% EC,Thrips,numeric,BARE_NUMBER,per_ha,250.0,101.1695,,,g,250,unparseable,BARE_NUMBER,,,,,,,1000,,False,not_applicable,-,crop_out_of_scope
insecticides_20260331.pdf,43,13,,Potato,,False,False,Oxydemeton-methyl 25% EC,Aphids,numeric,BARE_NUMBER,per_ha,250.0,101.1695,,,g,250,unparseable,BARE_NUMBER,,,,,,,1000,,False,not_applicable,-,crop_out_of_scope
insecticides_20260331.pdf,43,14,,Apple,,False,False,Oxydemeton-methyl 25% EC,San jose scale,numeric,PCT_SINGLE,concentration_pct,0.07,,,,%,0.07%,unparseable,BARE_RANGE,,,,,,,4200-5600,,False,not_applicable,-,crop_out_of_scope
insecticides_20260331.pdf,43,15,,Apple,,False,False,Oxydemeton-methyl 25% EC,Wooly Aphid,numeric,PCT_SINGLE,concentration_pct,0.025,,,,%,0.025%,unparseable,BARE_RANGE,,,,,,,1500-2000,,False,not_applicable,-,crop_out_of_scope
insecticides_20260331.pdf,43,16,,Banana,,False,False,Oxydemeton-methyl 25% EC,Tingid bug,numeric,PCT_SINGLE,concentration_pct,0.025,,,,%,0.025%,unparseable,BARE_RANGE,,,,,,,1500-2000,,False,not_applicable,-,crop_out_of_scope
insecticides_20260331.pdf,43,17,,Banana,,False,False,Oxydemeton-methyl 25% EC,Aphids,numeric,PCT_SINGLE,concentration_pct,0.05,,,,%,0.05%,unparseable,BARE_RANGE,,,,,,,3000-4000,,False,not_applicable,-,crop_out_of_scope
insecticides_20260331.pdf,43,18,,Mango,,False,False,Oxydemeton-methyl 25% EC,Hoppers,numeric,PCT_SINGLE,concentration_pct,0.025,,,,%,0.025%,unparseable,BARE_RANGE,,,,,,,1500-2000,,False,not_applicable,-,crop_out_of_scope
insecticides_20260331.pdf,43,19,,Peaches,,False,False,Oxydemeton-methyl 25% EC,Leaf curl aphids,numeric,PCT_SINGLE,concentration_pct,0.025,,,,%,0.025%,unparseable,BARE_RANGE,,,,,,,1500-2000,,False,not_applicable,-,crop_out_of_scope
insecticides_20260331.pdf,43,20,,Coffee,,False,False,Oxydemeton-methyl 25% EC,Green bug,numeric,BARE_NUMBER,per_ha,625.0,252.9238,,,g,625,unparseable,BARE_NUMBER,,,,,,,2500,,False,not_applicable,-,crop_out_of_scope
insecticides_20260331.pdf,43,21,,Coffee,,False,False,Oxydemeton-methyl 25% EC,Leaf minor,numeric,BARE_NUMBER,per_ha,1000.0,404.6781,,,g,1000,unparseable,BARE_NUMBER,,,,,,,4000,,False,not_applicable,-,crop_out_of_scope
insecticides_20260331.pdf,43,22,,Tobacco,,False,False,Oxydemeton-methyl 25% EC,"Whitefly, Aphids",numeric,BARE_NUMBER,per_ha,250.0,101.1695,,,g,250,unparseable,BARE_NUMBER,,,,,,,1000,,False,not_applicable,-,crop_out_of_scope
insecticides_20260331.pdf,43,23,,,,False,False,Permethrin 25%EC,,empty,EMPTY,,,,,,,,empty,EMPTY,,,,,,,,,False,not_applicable,,crop_blank
insecticides_20260331.pdf,43,25,,,,False,False,Phenthoate 02 % DP,,empty,EMPTY,,,,,,,,empty,EMPTY,,,,,,,,,False,not_applicable,,crop_blank
insecticides_20260331.pdf,43,26,,Sorghum,,False,False,Phenthoate 02 % DP,"Red spider mite, Pink  mite, Purple mite,  Scarlet mite",numeric,BARE_NUMBER,per_ha,400.0,161.8712,,,g,400,unparseable,BARE_NUMBER,,,,,,,20000,,False,raised,90 %  Emergence  of earhead,crop_out_of_scope
insecticides_20260331.pdf,44,0,,Safflower,,False,False,Phenthoate 02 % DP,Aphid,numeric,BARE_NUMBER,per_ha,400.0,161.8712,,,g,400,unparseable,BARE_NUMBER,,,,,,,20000,,False,not_applicable,-,crop_out_of_scope
insecticides_20260331.pdf,44,1,,,,False,False,Phenthoate 50 % EC,,empty,EMPTY,,,,,,,,empty,EMPTY,,,,,,,,,False,not_applicable,,crop_blank
insecticides_20260331.pdf,44,2,,Paddy(Rice),,False,False,Phenthoate 50 % EC,Rice case worm,numeric,BARE_NUMBER,per_ha,500.0,202.339,,,g,500,unparseable,BARE_NUMBER,,,,,,,1000,,False,not_applicable,-,crop_out_of_scope
insecticides_20260331.pdf,44,3,,Groundnut,,False,False,Phenthoate 50 % EC,Leaf Webber,numeric,BARE_NUMBER,per_ha,500.0,202.339,,,g,500,unparseable,BARE_NUMBER,,,,,,,1000,,False,not_applicable,-,crop_out_of_scope
insecticides_20260331.pdf,44,4,,,,False,False,Phosalone 35 % EC,,empty,EMPTY,,,,,,,,empty,EMPTY,,,,,,,,,False,not_applicable,,crop_blank
insecticides_20260331.pdf,44,5,,Barely,,False,False,Phosalone 35 % EC,Aphid,numeric,BARE_NUMBER,per_ha,500.0,202.339,,,g,500,unparseable,BARE_NUMBER,,,,,,,1428,,False,not_applicable,-,crop_out_of_scope
insecticides_20260331.pdf,44,6,,Sorghum,,False,False,Phosalone 35 % EC,Ear head midge,numeric,BARE_NUMBER,per_ha,400.0,161.8712,,,g,400,unparseable,BARE_NUMBER,,,,,,,1143,,False,not_applicable,-,crop_out_of_scope
insecticides_20260331.pdf,44,7,,Jute,,False,False,Phosalone 35 % EC,Red spider mite,numeric,BARE_NUMBER,per_ha,350.0,141.6373,,,g,350,unparseable,BARE_NUMBER,,,,,,,1000,,False,not_applicable,-,crop_out_of_scope
insecticides_20260331.pdf,44,8,,Brinjal,,False,False,Phosalone 35 % EC,Fruit borer,numeric,BARE_NUMBER,per_ha,500.0,202.339,,,g,500,unparseable,BARE_NUMBER,,,,,,,1428,,False,not_applicable,-,crop_out_of_scope
insecticides_20260331.pdf,44,9,,Cabbage,,False,False,Phosalone 35 % EC,Aphid,numeric,BARE_NUMBER,per_ha,500.0,202.339,,,g,500,unparseable,BARE_NUMBER,,,,,,,1428,,False,not_applicable,-,crop_out_of_scope
insecticides_20260331.pdf,44,11,,Tea,,False,False,Phosalone 35 % EC,"Aphid, Pink mite, Purple  mite",numeric,BARE_NUMBER,per_ha,360.0,145.6841,,,g,360,unparseable,BARE_NUMBER,,,,,,,1028,,False,not_applicable,-,crop_out_of_scope
insecticides_20260331.pdf,44,12,,,,False,False,Phosalone 04 % DP,,empty,EMPTY,,,,,,,,empty,EMPTY,,,,,,,,,False,not_applicable,,crop_blank
insecticides_20260331.pdf,44,13,,Sorghum,,False,False,Phosalone 04 % DP,Earhead midge,numeric,BARE_NUMBER,per_ha,1000.0,404.6781,,,g,1000,unparseable,BARE_NUMBER,,,,,,,25000,,False,not_applicable,-,crop_out_of_scope
insecticides_20260331.pdf,44,14,,,,False,False,Phosmet 50% WP,,empty,EMPTY,,,,,,,,empty,EMPTY,,,,,,,,,False,not_applicable,,crop_blank
insecticides_20260331.pdf,44,15,,Chilli,,False,False,Phosmet 50% WP,"Aphids, Thrips & Fruit  borer",numeric,BARE_NUMBER,per_ha,500.0,202.339,,,g,500,unparseable,BARE_NUMBER,,,,,,,1000,10,False,resolved,10,crop_out_of_scope
insecticides_20260331.pdf,44,16,,Rice,,False,False,Phosmet 50% WP,Yellow stem borer & Leaf  folder,numeric,BARE_NUMBER,per_ha,600.0,242.8068,,,g,600,unparseable,BARE_NUMBER,,,,,,,1200,45,False,resolved,45,crop_out_of_scope
insecticides_20260331.pdf,44,18,,Apple,,False,False,Phosmet 50% WP,"Wolly apple aphid  (Eriosomalanigerum),  Green Aphid (Aphis  pomi), Tortricid moth",numeric,PER_LITRE,per_litre_water,0.5,,,,ml,0.5ml/l,unparseable,BARE_NUMBER,,,,,,,1,31,False,resolved,31,crop_out_of_scope
insecticides_20260331.pdf,44,19,,,,False,False,Profenofos 50%EC,,empty,EMPTY,,,,,,,,empty,EMPTY,,,,,,,,,False,not_applicable,,crop_blank
insecticides_20260331.pdf,45,0,,Chilli,,False,False,Profenofos 50%EC,"Fruit borer, Tobacco  caterpillar, Thrips,  Aphids",numeric,BARE_NUMBER,per_ha,500.0,202.339,,,g,500,unparseable,BARE_NUMBER,,,,,,,1000,3,False,resolved,3,crop_out_of_scope
insecticides_20260331.pdf,45,2,,,,False,False,Propargite 57%EC,,empty,EMPTY,,,,,,,,empty,EMPTY,,,,,,,,,False,not_applicable,,crop_blank
insecticides_20260331.pdf,45,3,,Tea,,False,False,Propargite 57%EC,"Red spider mite, Pink  mite, Purple mite,  Scarlet mite",numeric,BARE_RANGE,per_ha,430.0,174.0116,612.0,247.663,g,430-612,unparseable,BARE_RANGE,,,,,,,750-1250,7,False,resolved,07,crop_out_of_scope
insecticides_20260331.pdf,45,4,,Chilli,,False,False,Propargite 57%EC,Mite,numeric,BARE_NUMBER,per_ha,850.0,343.9764,,,g,850,unparseable,BARE_NUMBER,,,,,,,1500,7,False,resolved,07,crop_out_of_scope
insecticides_20260331.pdf,45,5,,Apple,,False,False,Propargite 57%EC,"European red mite, Two  spotted mite",numeric,PER_TREE,per_tree,2.85,,5.7,,g,2.85-5.7/tree,numeric,PER_TREE,per_tree,5.0,,10.0,,ml,5-10ml/tree,9,False,resolved,09,crop_out_of_scope
insecticides_20260331.pdf,45,6,,Brinjal,,False,False,Propargite 57%EC,Two spotted spider  mite,numeric,BARE_NUMBER,per_ha,570.0,230.6665,,,g,570,unparseable,BARE_NUMBER,,,,,,,1000,6,False,resolved,06,crop_out_of_scope
insecticides_20260331.pdf,45,7,,,,False,False,Pymetrozine 50 %WG,,empty,EMPTY,,,,,,,,empty,EMPTY,,,,,,,,,False,not_applicable,,crop_blank
insecticides_20260331.pdf,45,8,,Paddy (Rice),,False,False,Pymetrozine 50 %WG,Brown plant hopper,numeric,BARE_NUMBER,per_ha,150.0,60.7017,,,g,150,unparseable,BARE_NUMBER,,,,,,,300,19,False,resolved,19,crop_out_of_scope
insecticides_20260331.pdf,45,9,,Mango,,False,False,Pymetrozine 50 %WG,Hoppers,numeric,BARE_NUMBER,per_ha,150.0,60.7017,,,g,150,unparseable,BARE_NUMBER,,,,,,,300,36,False,resolved,36,crop_out_of_scope
insecticides_20260331.pdf,45,10,,,,False,False,Pyrifluinazon 20% WG,,empty,EMPTY,,,,,,,,empty,EMPTY,,,,,,,,,False,not_applicable,,crop_blank
insecticides_20260331.pdf,45,12,,,,False,False,Pyriproxyfen 10%EC,,empty,EMPTY,,,,,,,,empty,EMPTY,,,,,,,,,False,not_applicable,,crop_blank
insecticides_20260331.pdf,45,13,,Brinjal,,False,False,Pyriproxyfen 10%EC,Whitefly & Jassids,numeric,BARE_NUMBER,per_ha,50.0,20.2339,,,g,50,unparseable,BARE_NUMBER,,,,,,,500,7,False,resolved,07,crop_out_of_scope
insecticides_20260331.pdf,45,16,,Chilli,,False,False,Pyriproxyfen 10%EC,"Whitefly, Aphids",numeric,BARE_NUMBER,per_ha,50.0,20.2339,,,g,50,unparseable,BARE_NUMBER,,,,,,,500,7,False,resolved,07,crop_out_of_scope
insecticides_20260331.pdf,45,17,,Okra,,False,False,Pyriproxyfen 10%EC,Whitefly &Jassids,numeric,BARE_NUMBER,per_ha,50.0,20.2339,,,g,50,unparseable,BARE_NUMBER,,,,,,,500,7,False,resolved,07,crop_out_of_scope
insecticides_20260331.pdf,45,18,,,,False,False,Pyriproxyfen 10% EW,,empty,EMPTY,,,,,,,,empty,EMPTY,,,,,,,,,False,not_applicable,,crop_blank
insecticides_20260331.pdf,45,20,,,,False,False,Pyridaben 20%w/w WP,,empty,EMPTY,,,,,,,,empty,EMPTY,,,,,,,,,False,not_applicable,,crop_blank
insecticides_20260331.pdf,45,21,,Tea,,False,False,Pyridaben 20%w/w WP,Red spider mite,numeric,BARE_NUMBER,per_ha,100.0,40.4678,,,g,100,unparseable,BARE_NUMBER,,,,,,,500,7,False,resolved,07,crop_out_of_scope
insecticides_20260331.pdf,45,23,,Chilli,,False,False,Pyridaben 20%w/w WP,Yellow mite,numeric,BARE_RANGE,per_ha,75.0,30.3509,100.0,40.4678,g,75 – 100,unparseable,BARE_RANGE,,,,,,,375 – 500,5,False,resolved,5,crop_out_of_scope
insecticides_20260331.pdf,45,24,,Brinjal,,False,False,Pyridaben 20%w/w WP,Red Spider Mite,numeric,BARE_NUMBER,per_ha,100.0,40.4678,,,g,100,unparseable,BARE_NUMBER,,,,,,,500,3,False,resolved,3,crop_out_of_scope
insecticides_20260331.pdf,46,0,,Apple,,False,False,Pyridaben 20%w/w WP,European Red Mite,numeric,BARE_NUMBER,per_ha,1.0,0.4047,,,g,1,unparseable,BARE_NUMBER,,,,,,,5,5,False,resolved,5,crop_out_of_scope
insecticides_20260331.pdf,46,1,,,,False,False,Pyridalyl 10 % EC,,empty,EMPTY,,,,,,,,empty,EMPTY,,,,,,,,,False,not_applicable,,crop_blank
insecticides_20260331.pdf,46,3,,Okra,,False,False,Pyridalyl 10 % EC,Fruit & shoot borer,numeric,BARE_RANGE,per_ha,50.0,20.2339,75.0,30.3509,g,50 –75,unparseable,BARE_RANGE,,,,,,,500 –750,3,False,resolved,03,crop_out_of_scope
insecticides_20260331.pdf,46,4,,Cabbage,,False,False,Pyridalyl 10 % EC,Diamond back moth,numeric,BARE_RANGE,per_ha,50.0,20.2339,75.0,30.3509,g,50 –75,unparseable,BARE_RANGE,,,,,,,500 –750,3,False,resolved,03,crop_out_of_scope
insecticides_20260331.pdf,46,5,,Maize,,False,False,Pyridalyl 10 % EC,Fall armyworm,numeric,BARE_NUMBER,per_ha,100.0,40.4678,,,g,100,unparseable,BARE_NUMBER,,,,,,,1000,27,False,resolved,27,crop_out_of_scope
insecticides_20260331.pdf,46,6,,,,False,False,Quinalphos 25 % Gel,,empty,EMPTY,,,,,,,,empty,EMPTY,,,,,,,,,False,not_applicable,,crop_blank
insecticides_20260331.pdf,46,7,,Chilli,,False,False,Quinalphos 25 % Gel,Aphid,numeric,BARE_NUMBER,per_ha,250.0,101.1695,,,g,250,unparseable,BARE_NUMBER,,,,,,,1000,,False,not_applicable,-,crop_out_of_scope
insecticides_20260331.pdf,46,8,,Paddy (Rice),,False,False,Quinalphos 25 % Gel,"Brown plant hopper,  Leaf folder, Stem  borer, Hispa",numeric,BARE_NUMBER,per_ha,250.0,101.1695,,,g,250,unparseable,BARE_NUMBER,,,,,,,1000,,False,not_applicable,-,crop_out_of_scope
insecticides_20260331.pdf,46,9,,,,False,False,Quinalphos 05% Granules,,empty,EMPTY,,,,,,,,empty,EMPTY,,,,,,,,,False,not_applicable,,crop_blank
insecticides_20260331.pdf,46,10,,Paddy(Rice),,False,False,Quinalphos 05% Granules,"Gall midge, Stem borer",numeric,BARE_NUMBER,per_ha,250.0,101.1695,,,g,250,unparseable,BARE_NUMBER,,,,,,,5000,,False,not_applicable,-,crop_out_of_scope
insecticides_20260331.pdf,46,11,,,,False,False,Quinalphos 20% AF,,empty,EMPTY,,,,,,,,empty,EMPTY,,,,,,,,,False,not_applicable,,crop_blank
insecticides_20260331.pdf,46,12,,Rice (Paddy),,False,False,Quinalphos 20% AF,"Brown plant hopper,  Green leaf hopper, Leaf  folder, Stem borer",numeric,BARE_RANGE,per_ha,250.0,101.1695,300.0,121.4034,g,250 –300,unparseable,BARE_RANGE,,,,,,,1250 –1500,40,False,resolved,40,crop_out_of_scope
insecticides_20260331.pdf,46,13,,Okra (Bhindi),,False,False,Quinalphos 20% AF,Shoot/Fruit borer,numeric,BARE_RANGE,per_ha,250.0,101.1695,300.0,121.4034,g,250 –300,unparseable,BARE_RANGE,,,,,,,1250 –1500,7,False,resolved,07,crop_out_of_scope
insecticides_20260331.pdf,46,16,,Tea,,False,False,Quinalphos 20% AF,Hopper caterpillar,numeric,PCT_SINGLE,concentration_pct,0.05,,,,%,0.05%,unparseable,BARE_NUMBER,,,,,,,1000,7,False,resolved,07,crop_out_of_scope
insecticides_20260331.pdf,46,18,,Groundnut,,False,False,Quinalphos 20% AF,Spodoptera,numeric,BARE_RANGE,per_ha,250.0,101.1695,375.0,151.7543,g,250 –375,unparseable,BARE_RANGE,,,,,,,1250 –1775,30,False,resolved,30,crop_out_of_scope
insecticides_20260331.pdf,46,19,,,,False,False,Quinalphos 25 %EC,,empty,EMPTY,,,,,,,,empty,EMPTY,,,,,,,,,False,not_applicable,,crop_blank
insecticides_20260331.pdf,46,20,,Paddy (Rice),,False,False,Quinalphos 25 %EC,Brown plant hopper,numeric,BARE_NUMBER,per_ha,375.0,151.7543,,,g,375,unparseable,BARE_NUMBER,,,,,,,1500,40,False,resolved,40,crop_out_of_scope
insecticides_20260331.pdf,46,21,,Paddy (Rice),,False,False,Quinalphos 25 %EC,Hispa/blue beetle,numeric,BARE_NUMBER,per_ha,500.0,202.339,,,g,500,unparseable,BARE_NUMBER,,,,,,,2000,40,False,resolved,40,crop_out_of_scope
insecticides_20260331.pdf,46,22,,Paddy (Rice),,False,False,Quinalphos 25 %EC,Leaf folder,numeric,BARE_NUMBER,per_ha,250.0,101.1695,,,g,250,unparseable,BARE_NUMBER,,,,,,,1000,40,False,resolved,40,crop_out_of_scope
insecticides_20260331.pdf,46,23,,Paddy (Rice),,False,False,Quinalphos 25 %EC,Stem borer,numeric,BARE_NUMBER,per_ha,325.0,131.5204,,,g,325,unparseable,BARE_NUMBER,,,,,,,1300,40,False,resolved,40,crop_out_of_scope
insecticides_20260331.pdf,46,24,,Wheat,,False,False,Quinalphos 25 %EC,Aphid,numeric,BARE_NUMBER,per_ha,250.0,101.1695,,,g,250,unparseable,BARE_NUMBER,,,,,,,1000,,False,not_applicable,-,crop_out_of_scope
insecticides_20260331.pdf,47,0,,Wheat,,False,False,Quinalphos 25 %EC,"Ear head Caterpillar,  Mite",numeric,BARE_NUMBER,per_ha,400.0,161.8712,,,g,400,unparseable,BARE_NUMBER,,,,,,,1600,,False,not_applicable,-,crop_out_of_scope
insecticides_20260331.pdf,47,2,,Blackgram,,False,False,Quinalphos 25 %EC,Bihar hairy  caterpillar,numeric,BARE_NUMBER,per_ha,375.0,151.7543,,,g,375,unparseable,BARE_NUMBER,,,,,,,1500,,False,not_applicable,-,crop_out_of_scope
insecticides_20260331.pdf,47,3,,French bean,,False,False,Quinalphos 25 %EC,Stem fly,numeric,BARE_NUMBER,per_ha,250.0,101.1695,,,g,250,unparseable,BARE_NUMBER,,,,,,,1000,,False,not_applicable,-,crop_out_of_scope
insecticides_20260331.pdf,47,6,,Groundnut,,False,False,Quinalphos 25 %EC,"Leaf Hopper, Thrips",numeric,BARE_NUMBER,per_ha,350.0,141.6373,,,g,350,unparseable,BARE_NUMBER,,,,,,,1400,30,False,resolved,30,crop_out_of_scope
insecticides_20260331.pdf,47,7,,Groundnut,,False,False,Quinalphos 25 %EC,Leaf miner,numeric,BARE_NUMBER,per_ha,250.0,101.1695,,,g,250,unparseable,BARE_NUMBER,,,,,,,1000,30,False,resolved,30,crop_out_of_scope
insecticides_20260331.pdf,47,8,,Mustard,,False,False,Quinalphos 25 %EC,Sawfly,numeric,BARE_NUMBER,per_ha,300.0,121.4034,,,g,300,unparseable,BARE_NUMBER,,,,,,,1200,,False,not_applicable,-,crop_out_of_scope
insecticides_20260331.pdf,47,9,,Sesamum,,False,False,Quinalphos 25 %EC,"Leaf Webber, Jassids",numeric,BARE_NUMBER,per_ha,500.0,202.339,,,g,500,unparseable,BARE_NUMBER,,,,,,,2000,,False,not_applicable,-,crop_out_of_scope
insecticides_20260331.pdf,47,10,,Bhindi (Okra),,False,False,Quinalphos 25 %EC,Fruit borer,numeric,BARE_NUMBER,per_ha,200.0,80.9356,,,g,200,unparseable,BARE_NUMBER,,,,,,,800,,False,not_applicable,-,crop_out_of_scope
insecticides_20260331.pdf,47,11,,Bhindi (Okra),,False,False,Quinalphos 25 %EC,"Leaf hopper, Mite",numeric,BARE_NUMBER,per_ha,250.0,101.1695,,,g,250,unparseable,BARE_NUMBER,,,,,,,1000,,False,not_applicable,-,crop_out_of_scope
insecticides_20260331.pdf,47,12,,Cauliflower,,False,False,Quinalphos 25 %EC,Stem borer,numeric,BARE_NUMBER,per_ha,500.0,202.339,,,g,500,unparseable,BARE_NUMBER,,,,,,,2000,,False,not_applicable,-,crop_out_of_scope
insecticides_20260331.pdf,47,13,,Chilli,,False,False,Quinalphos 25 %EC,Aphid,numeric,BARE_NUMBER,per_ha,250.0,101.1695,,,g,250,unparseable,BARE_NUMBER,,,,,,,1000,,False,not_applicable,-,crop_out_of_scope
insecticides_20260331.pdf,47,14,,Chilli,,False,False,Quinalphos 25 %EC,Mite,numeric,BARE_NUMBER,per_ha,375.0,151.7543,,,g,375,unparseable,BARE_NUMBER,,,,,,,1500,,False,not_applicable,-,crop_out_of_scope
insecticides_20260331.pdf,47,16,,Apple,,False,False,Quinalphos 25 %EC,Wooly Aphid,numeric,PCT_SINGLE,concentration_pct,0.05,,,,%,0.05%,unparseable,BARE_RANGE,,,,,,,3000 –4000,,False,not_applicable,-,crop_out_of_scope
insecticides_20260331.pdf,47,17,,Banana,,False,False,Quinalphos 25 %EC,Tingid bug,numeric,PCT_SINGLE,concentration_pct,0.05,,,,%,0.05%,unparseable,BARE_RANGE,,,,,,,3000 –4000,,False,not_applicable,-,crop_out_of_scope
insecticides_20260331.pdf,47,18,,Citrus,,False,False,Quinalphos 25 %EC,Scale,numeric,PCT_SINGLE,concentration_pct,0.07,,,,%,0.07%,unparseable,BARE_RANGE,,,,,,,4200 –5600,,False,not_applicable,-,crop_out_of_scope
insecticides_20260331.pdf,47,19,,Citrus,,False,False,Quinalphos 25 %EC,Citrus butterfly,numeric,PCT_SINGLE,concentration_pct,0.025,,,,%,0.025%,unparseable,BARE_RANGE,,,,,,,1500 –2000,,False,not_applicable,-,crop_out_of_scope
insecticides_20260331.pdf,47,21,,Tea,,False,False,Quinalphos 25 %EC,Thrips,numeric,BARE_NUMBER,per_ha,190.0,76.8888,,,g,190,unparseable,BARE_NUMBER,,,,,,,760,7,False,resolved,07,crop_out_of_scope
insecticides_20260331.pdf,47,22,,,,False,False,Quinalphos 01.50%DP,,empty,EMPTY,,,,,,,,empty,EMPTY,,,,,,,,,False,not_applicable,,crop_blank
insecticides_20260331.pdf,47,23,,Paddy (Rice),,False,False,Quinalphos 01.50%DP,Brown plant hopper,numeric,BARE_NUMBER,per_ha,300.0,121.4034,,,g,300,unparseable,BARE_NUMBER,,,,,,,20000,40,False,resolved,40,crop_out_of_scope
insecticides_20260331.pdf,48,0,,French bean,,False,False,Quinalphos 01.50%DP,Stem fly,numeric,BARE_NUMBER,per_ha,30.0,12.1403,,,g,30,unparseable,BARE_NUMBER,,,,,,,20000,,False,not_applicable,-,crop_out_of_scope
insecticides_20260331.pdf,48,3,,Groundnut,,False,False,Quinalphos 01.50%DP,"Thrips, Jassids",numeric,BARE_NUMBER,per_ha,350.0,141.6373,,,g,350,unparseable,BARE_NUMBER,,,,,,,23300,30,False,resolved,30,crop_out_of_scope
insecticides_20260331.pdf,48,4,,Groundnut,,False,False,Quinalphos 01.50%DP,Red hairy caterpillar,numeric,BARE_NUMBER,per_ha,375.0,151.7543,,,g,375,unparseable,BARE_NUMBER,,,,,,,25000,30,False,resolved,30,crop_out_of_scope
insecticides_20260331.pdf,48,5,,Safflower,,False,False,Quinalphos 01.50%DP,Aphid,numeric,BARE_NUMBER,per_ha,300.0,121.4034,,,g,300,unparseable,BARE_NUMBER,,,,,,,20000,,False,not_applicable,-,crop_out_of_scope
insecticides_20260331.pdf,48,6,,Chilli,,False,False,Quinalphos 01.50%DP,Aphid,numeric,BARE_NUMBER,per_ha,300.0,121.4034,,,g,300,unparseable,BARE_NUMBER,,,,,,,20000,,False,not_applicable,-,crop_out_of_scope
insecticides_20260331.pdf,48,7,,,,False,False,Spinetoram 11.70 %SC,,empty,EMPTY,,,,,,,,empty,EMPTY,,,,,,,,,False,not_applicable,,crop_blank
insecticides_20260331.pdf,48,13,,Chilli,,False,False,Spinetoram 11.70 %SC,"Thrips, Fruit borer,  Tobacco caterpillar",numeric,BARE_RANGE,per_ha,56.0,22.662,60.0,24.2807,g,56-60,unparseable,BARE_RANGE,,,,,,,470-500,7,False,resolved,07,crop_out_of_scope
insecticides_20260331.pdf,48,14,,Okra,,False,False,Spinetoram 11.70 %SC,"Fruit borer (Helicoverpa  armigera), Shoot and  Fruit borer (Earias  vittella)",numeric,BARE_RANGE,per_ha,45.0,18.2105,54.0,21.8526,g,45-54,unparseable,BARE_RANGE,,,,,,,375-450,3,False,resolved,3,crop_out_of_scope
insecticides_20260331.pdf,48,15,,Brinjal,,False,False,Spinetoram 11.70 %SC,Shoot and Fruit borer,numeric,BARE_RANGE,per_ha,45.0,18.2105,54.0,21.8526,g,45-54,unparseable,BARE_RANGE,,,,,,,375-450,3,False,resolved,3,crop_out_of_scope
insecticides_20260331.pdf,48,19,,Rice,,False,False,Spinetoram 11.70 %SC,"Yellow Stem Borer  (Scirpophaga  incertulas),",numeric,BARE_RANGE,per_ha,42.0,16.9965,45.0,18.2105,g,42-45,unparseable,BARE_RANGE,,,,,,,350-375,20,False,resolved,20,crop_out_of_scope
insecticides_20260331.pdf,48,20,,Rice,,False,False,Spinetoram 11.70 %SC,Leaf Folder  (Cnaphalocrosis  medinalis),numeric,BARE_NUMBER,per_ha,30.0,12.1403,,,g,30,unparseable,BARE_NUMBER,,,,,,,250,,False,not_applicable,,crop_out_of_scope
insecticides_20260331.pdf,49,1,,Mango,,False,False,Spinetoram 11.70 %SC,Thrips,numeric,PER_LITRE,per_litre_water,0.05,,,,ml,0.05 ml/L,numeric,PER_LITRE,per_litre_water,0.4,,,,ml,0.4 ml/L,21,False,resolved,21,crop_out_of_scope
insecticides_20260331.pdf,49,2,,Maize,,False,False,Spinetoram 11.70 %SC,Fall Armyworm  (Spodoptera frugiperda),numeric,BARE_NUMBER,per_ha,30.0,12.1403,,,g,30,unparseable,BARE_NUMBER,,,,,,,250,32,False,resolved,32,crop_out_of_scope
insecticides_20260331.pdf,49,3,,,,False,False,Spinetoram 0.1% w/w RB,,empty,EMPTY,,,,,,,,empty,EMPTY,,,,,,,,,False,not_applicable,,crop_blank
insecticides_20260331.pdf,49,4,,Maize,,False,False,Spinetoram 0.1% w/w RB,Fall Army Worm  (Spodoptera frugiperda),numeric,BARE_RANGE,per_ha,5.0,2.0234,7.5,3.0351,g,5 -7.5,unparseable,BARE_RANGE,,,,,,,5000 - 7500,21,False,resolved,21,crop_out_of_scope
insecticides_20260331.pdf,49,5,,,,False,False,Spinosad 45% SC,,empty,EMPTY,,,,,,,,empty,EMPTY,,,,,,,,,False,not_applicable,,crop_blank
insecticides_20260331.pdf,49,7,,Chilli,,False,False,Spinosad 45% SC,"Fruit borer, Thrips",numeric,BARE_NUMBER,per_ha,73.0,29.5415,,,g,73,unparseable,BARE_NUMBER,,,,,,,160,3,False,resolved,03,crop_out_of_scope
insecticides_20260331.pdf,49,8,,Chilli,,False,False,Spinosad 45% SC,Fruit borer (H. armigera)  (Scirtothrips dorsalis),numeric,BARE_RANGE,per_ha,56.0,22.662,73.0,29.5415,g,56-73,unparseable,BARE_RANGE,,,,,,,124-162,3,False,resolved,03,crop_out_of_scope
insecticides_20260331.pdf,49,10,,Brinjal,,False,False,Spinosad 45% SC,Fruit & Shoot borer,numeric,BARE_RANGE,per_ha,73.0,29.5415,84.0,33.993,g,73 –84,unparseable,BARE_RANGE,,,,,,,162 –187,3,False,resolved,03,crop_out_of_scope
insecticides_20260331.pdf,49,12,,,,False,False,Spinosad 02.50%SC,,empty,EMPTY,,,,,,,,empty,EMPTY,,,,,,,,,False,not_applicable,,crop_blank
insecticides_20260331.pdf,49,13,,Cabbage &  Cauliflower,,False,False,Spinosad 02.50%SC,Diamond back moth,numeric,BARE_RANGE,per_ha,15.0,6.0702,17.5,7.0819,g,15 –17.50,unparseable,BARE_RANGE,,,,,,,600 –700,3,False,resolved,03,crop_out_of_scope
insecticides_20260331.pdf,49,14,,,,False,False,Spiromesifen 22.90% SC,,empty,EMPTY,,,,,,,,empty,EMPTY,,,,,,,,,False,not_applicable,,crop_blank
insecticides_20260331.pdf,49,15,,Brinjal,,False,False,Spiromesifen 22.90% SC,Red spider mite,numeric,BARE_NUMBER,per_ha,96.0,38.8491,,,g,96,unparseable,BARE_NUMBER,,,,,,,400,5,False,resolved,05,crop_out_of_scope
insecticides_20260331.pdf,49,17,,Apple,,False,False,Spiromesifen 22.90% SC,European Red Mite &  Red spider mite,numeric,PCT_EQUIV_FIRST,concentration_pct,0.03,,,,%,72 (0.03%),unparseable,BARE_NUMBER,,,,,,,300,30,False,resolved,30,crop_out_of_scope
insecticides_20260331.pdf,49,18,,Chilli,,False,False,Spiromesifen 22.90% SC,Chilli Yellow Mite,numeric,BARE_NUMBER,per_ha,96.0,38.8491,,,g,96,unparseable,BARE_NUMBER,,,,,,,400,7,False,resolved,07,crop_out_of_scope
insecticides_20260331.pdf,49,19,,Tea,,False,False,Spiromesifen 22.90% SC,Red spider mite,numeric,BARE_NUMBER,per_ha,96.0,38.8491,,,g,96,unparseable,BARE_NUMBER,,,,,,,400,7,False,resolved,07,crop_out_of_scope
insecticides_20260331.pdf,49,20,,Okra (Bhindi),,False,False,Spiromesifen 22.90% SC,Red spider mite,numeric,BARE_RANGE,per_ha,96.0,38.8491,120.0,48.5614,g,96 –120,unparseable,BARE_RANGE,,,,,,,400 –500,3,False,resolved,03,crop_out_of_scope
insecticides_20260331.pdf,49,22,,,,False,False,Spirotetramat 15.31%w/w OD,,empty,EMPTY,,,,,,,,empty,EMPTY,,,,,,,,,False,not_applicable,,crop_blank
insecticides_20260331.pdf,50,0,,Chilli,,False,False,Spirotetramat 15.31%w/w OD,Thrips & Aphids,numeric,BARE_NUMBER,per_ha,60.0,24.2807,,,g,60,unparseable,BARE_NUMBER,,,,,,,400,5,False,resolved,05,crop_out_of_scope
insecticides_20260331.pdf,50,1,,Okra,,False,False,Spirotetramat 15.31%w/w OD,"Aphid, Whitefly, Mites",numeric,BARE_NUMBER,per_ha,90.0,36.421,,,g,90,unparseable,BARE_NUMBER,,,,,,,600,3,False,resolved,03,crop_out_of_scope
insecticides_20260331.pdf,50,4,,Citrus,,False,False,Spirotetramat 15.31%w/w OD,Psylla and Mites,numeric,PER_N_LITRE,per_litre_water,0.09,,,,g,0.90/10 Lit water,numeric,PER_N_LITRE,per_litre_water,0.6,,,,ml,6 ml/10  litres water,30,False,resolved,30,crop_out_of_scope
insecticides_20260331.pdf,50,5,,Cabbage,,False,False,Spirotetramat 15.31%w/w OD,Diamond back moth  (Plutella xylostella),numeric,BARE_NUMBER,per_ha,90.0,36.421,,,g,90,unparseable,BARE_NUMBER,,,,,,,600,7,False,resolved,7,crop_out_of_scope
insecticides_20260331.pdf,50,6,,,,False,False,Sulfoxaflor 21.8%w/w SC,,empty,EMPTY,,,,,,,,empty,EMPTY,,,,,,,,,False,not_applicable,,crop_blank
insecticides_20260331.pdf,50,7,,,,False,False,,,empty,EMPTY,,,,,,,,empty,EMPTY,,,,,,,,,False,not_applicable,,crop_blank
insecticides_20260331.pdf,50,8,,,,False,False,,,empty,EMPTY,,,,,,,,empty,EMPTY,,,,,,,,,False,not_applicable,,crop_blank
insecticides_20260331.pdf,50,9,,Rice,,False,False,Sulfoxaflor 21.8%w/w SC,Brown Plant Hopper  (Nilaparvatha lugens),numeric,BARE_NUMBER,per_ha,90.0,36.421,,,g,90,unparseable,BARE_NUMBER,,,,,,,375,14,False,resolved,14,crop_out_of_scope
insecticides_20260331.pdf,50,10,,Rice,,False,False,Sulfoxaflor 21.8%w/w SC,White backed plant hopper  (Sogatella furcifera),numeric,BARE_NUMBER,per_ha,90.0,36.421,,,g,90,unparseable,BARE_NUMBER,,,,,,,375,,False,not_applicable,,crop_out_of_scope
insecticides_20260331.pdf,50,15,,,,False,False,Tebufenpyrad 20% WP,,empty,EMPTY,,,,,,,,empty,EMPTY,,,,,,,,,False,not_applicable,,crop_blank
insecticides_20260331.pdf,50,16,,Tea,,False,False,Tebufenpyrad 20% WP,Red Spider Mites,numeric,BARE_RANGE,per_ha,75.0,30.3509,100.0,40.4678,g,75-100,unparseable,BARE_RANGE,,,,,,,375-500,7,False,resolved,7,crop_out_of_scope
insecticides_20260331.pdf,50,18,,,,False,False,Tetraniliprole 18.18% w/w SC,,empty,EMPTY,,,,,,,,empty,EMPTY,,,,,,,,,False,not_applicable,,crop_blank
insecticides_20260331.pdf,50,19,,Rice,,False,False,Tetraniliprole 18.18% w/w SC,Yellow stem borer  (Scripophaga incertulas)  Leaf folder  (Cnaphalocrocis  medinalis),numeric,BARE_RANGE,per_ha,50.0,20.2339,60.0,24.2807,g,50 – 60,unparseable,BARE_RANGE,,,,,,,250 – 300,43,False,resolved,43,crop_out_of_scope
insecticides_20260331.pdf,51,1,,Maize,,False,False,Tetraniliprole 18.18% w/w SC,Fall Armyworm  Spodopetra frugiperda,numeric,BARE_NUMBER,per_ha,50.0,20.2339,,,g,50,unparseable,BARE_NUMBER,,,,,,,250,27,False,resolved,27,crop_out_of_scope
insecticides_20260331.pdf,51,2,,,,False,False,Tetraniliprole 40.34% FS,,empty,EMPTY,,,,,,,,empty,EMPTY,,,,,,,,,False,not_applicable,,crop_blank
insecticides_20260331.pdf,51,3,,Rice,,False,False,Tetraniliprole 40.34% FS,Stem borer and leaf folder,numeric,BARE_RANGE,per_ha,4.8,1.9425,6.0,2.4281,g,4.8-6.0,unparseable,BARE_RANGE,,,,,,,10.0-12.5,,False,not_applicable,NA,crop_out_of_scope
insecticides_20260331.pdf,51,4,,Maize,,False,False,Tetraniliprole 40.34% FS,Stem borer,numeric,BARE_RANGE,per_ha,2.4,0.9712,3.6,1.4568,g,2.4-3.6,unparseable,BARE_RANGE,,,,,,,5.0-7.5,,False,not_applicable,NA,crop_out_of_scope
insecticides_20260331.pdf,51,5,,,,False,False,Thiacloprid 21.70%SC,,empty,EMPTY,,,,,,,,empty,EMPTY,,,,,,,,,False,not_applicable,,crop_blank
insecticides_20260331.pdf,51,8,,Paddy (Rice),,False,False,Thiacloprid 21.70%SC,Stem borer,numeric,BARE_NUMBER,per_ha,120.0,48.5614,,,g,120,unparseable,BARE_NUMBER,,,,,,,500,30,False,resolved,30,crop_out_of_scope
insecticides_20260331.pdf,51,9,,Chilli,,False,False,Thiacloprid 21.70%SC,Thrips,numeric,BARE_RANGE,per_ha,54.0,21.8526,72.0,29.1368,g,54 –72,unparseable,BARE_RANGE,,,,,,,225 –300,5,False,resolved,05,crop_out_of_scope
insecticides_20260331.pdf,51,10,,Tea,,False,False,Thiacloprid 21.70%SC,Mosquito bug,numeric,BARE_NUMBER,per_ha,90.0,36.421,,,g,90,unparseable,BARE_NUMBER,,,,,,,375,7,False,resolved,07,crop_out_of_scope
insecticides_20260331.pdf,51,11,,Brinjal,,False,False,Thiacloprid 21.70%SC,Shoot &fruit borer,numeric,BARE_NUMBER,per_ha,180.0,72.8421,,,g,180,unparseable,BARE_NUMBER,,,,,,,750,5,False,resolved,05,crop_out_of_scope
insecticides_20260331.pdf,51,13,,Apple,,False,False,Thiacloprid 21.70%SC,Thrips,numeric,PCT_RANGE,concentration_pct,0.01,,0.012,,%,0.01-0.012%,numeric,PCT_RANGE,concentration_pct,0.04,,0.05,,%,0.04-0.05%,30,False,resolved,30,crop_out_of_scope
insecticides_20260331.pdf,51,14,,,,False,False,Thiocyclam Hydrogen Oxalate 50% SP,,empty,EMPTY,,,,,,,,empty,EMPTY,,,,,,,,,False,not_applicable,,crop_blank
insecticides_20260331.pdf,51,15,,Rice,,False,False,Thiocyclam Hydrogen Oxalate 50% SP,"Stem borer, Leaf folder",numeric,BARE_NUMBER,per_ha,500.0,202.339,,,g,500,unparseable,BARE_NUMBER,,,,,,,1000,30,False,resolved,30,crop_out_of_scope
insecticides_20260331.pdf,51,16,,,,False,False,Thiodicarb 75 % WP,,empty,EMPTY,,,,,,,,empty,EMPTY,,,,,,,,,False,not_applicable,,crop_blank
insecticides_20260331.pdf,51,17,,Cabbage,,False,False,Thiodicarb 75 % WP,Diamond back moth,numeric,BARE_RANGE,per_ha,750.0,303.5086,1000.0,404.6781,g,750 –1000,unparseable,BARE_RANGE,,,,,,,1000 –1330,7,False,resolved,07,crop_out_of_scope
insecticides_20260331.pdf,51,19,,Brinjal,,False,False,Thiodicarb 75 % WP,Shoot & Fruit borer,numeric,BARE_RANGE,per_ha,470.0,190.1987,750.0,303.5086,g,470 –750,unparseable,BARE_RANGE,,,,,,,625 –1000,6,False,resolved,06,crop_out_of_scope
insecticides_20260331.pdf,51,20,,Chilli,,False,False,Thiodicarb 75 % WP,Fruit borer,numeric,BARE_RANGE,per_ha,470.0,190.1987,750.0,303.5086,g,470–750,unparseable,BARE_RANGE,,,,,,,626 –1000,6,False,resolved,06,crop_out_of_scope
insecticides_20260331.pdf,51,21,,Blackgram,,False,False,Thiodicarb 75 % WP,Pod borer (Maruca spp.)  & (Helicoverpa spp.),numeric,BARE_RANGE,per_ha,468.0,189.3893,562.0,227.4291,g,468–562,unparseable,BARE_RANGE,,,,,,,625 –750,17,False,resolved,17,crop_out_of_scope
insecticides_20260331.pdf,51,23,,,,False,False,Thiamethoxam 1.2% W/W G.R,,empty,EMPTY,,,,,,,,empty,EMPTY,,,,,,,,,False,not_applicable,,crop_blank
insecticides_20260331.pdf,51,24,,Rice,,False,False,Thiamethoxam 1.2% W/W G.R,"Yellow stem borer ,Leaf  folder, Brown plant  hopper",numeric,BARE_NUMBER,per_ha,120.0,48.5614,,,g,120,unparseable,BARE_NUMBER,,,,,,,10000,52,False,resolved,52,crop_out_of_scope
insecticides_20260331.pdf,51,25,,Groundnut,,False,False,Thiamethoxam 1.2% W/W G.R,"White grub ,Termites",numeric,BARE_NUMBER,per_ha,120.0,48.5614,,,g,120,unparseable,BARE_NUMBER,,,,,,,10000,53,False,resolved,53,crop_out_of_scope
insecticides_20260331.pdf,51,26,,Sugarcane,,False,False,Thiamethoxam 1.2% W/W G.R,"Early shoot borer ,White grub, Termites",numeric,BARE_NUMBER,per_ha,120.0,48.5614,,,g,120,unparseable,BARE_NUMBER,,,,,,,1000,237,False,resolved,237,crop_out_of_scope
insecticides_20260331.pdf,52,1,,,,False,False,Thiamethoxam30%FS,,empty,EMPTY,,,,,,,,empty,EMPTY,,,,,,,,,False,not_applicable,,crop_blank
insecticides_20260331.pdf,52,3,,Sorghum,,False,False,Thiamethoxam30%FS,Shoot fly,numeric,BARE_NUMBER,per_ha,3.0,1.214,,,g,03,unparseable,BARE_NUMBER,,,,,,,10,,False,not_applicable,,crop_out_of_scope
insecticides_20260331.pdf,52,4,,Wheat,,False,False,Thiamethoxam30%FS,Termites,numeric,BARE_NUMBER,per_ha,1.0,0.4047,,,g,01,unparseable,BARE_NUMBER,,,,,,,3.3,,False,not_applicable,,crop_out_of_scope
insecticides_20260331.pdf,52,6,,Chilli,,False,False,Thiamethoxam30%FS,Thrips,numeric,BARE_NUMBER,per_ha,2.1,0.8498,,,g,02.1,unparseable,BARE_NUMBER,,,,,,,7.0,,False,not_applicable,,crop_out_of_scope
insecticides_20260331.pdf,52,7,,Okra(Bhindi),,False,False,Thiamethoxam30%FS,Jassids,numeric,BARE_NUMBER,per_ha,1.7,0.688,,,g,01.7,unparseable,BARE_NUMBER,,,,,,,5.7,,False,not_applicable,,crop_out_of_scope
insecticides_20260331.pdf,52,8,,Maize,,False,False,Thiamethoxam30%FS,StemFly,numeric,BARE_NUMBER,per_ha,2.4,0.9712,,,g,02.4,unparseable,BARE_NUMBER,,,,,,,8,,False,not_applicable,,crop_out_of_scope
insecticides_20260331.pdf,52,9,,Sunflower,,False,False,Thiamethoxam30%FS,"Jassids, Thrips",numeric,BARE_NUMBER,per_ha,3.0,1.214,,,g,03,unparseable,BARE_NUMBER,,,,,,,10,,False,not_applicable,,crop_out_of_scope
insecticides_20260331.pdf,52,10,,Maize,,False,False,Thiamethoxam30%FS,Aphids,numeric,PER_KG_SEED,per_kg_seed,1.8,,,,g,1.8 g a i/kg seed,empty,EMPTY,,,,,,,,,False,not_applicable,,crop_out_of_scope
insecticides_20260331.pdf,52,11,,Maize,,False,False,Thiamethoxam30%FS,Shoofly,numeric,PER_KG_SEED,per_kg_seed,2.4,,,,g,2.4 g a i/kg seed,empty,EMPTY,,,,,,,,,False,not_applicable,,crop_out_of_scope
insecticides_20260331.pdf,52,15,,Groundnut,,False,False,Thiamethoxam30%FS,Jassids,numeric,PER_KG_SEED,per_kg_seed,0.9,,,,g,0.9 g a i/kg seed,empty,EMPTY,,,,,,,,,False,not_applicable,,crop_out_of_scope
insecticides_20260331.pdf,52,16,,Groundnut,,False,False,Thiamethoxam30%FS,Aphids and Thrips,numeric,PER_KG_SEED,per_kg_seed,1.5,,,,g,1.5 g a i/kg seed,empty,EMPTY,,,,,,,,,False,not_applicable,,crop_out_of_scope
insecticides_20260331.pdf,52,17,,,,False,False,Thiamethoxam 30%WS (Seed treatment),,empty,EMPTY,,,,,,,,empty,EMPTY,,,,,,,,,False,not_applicable,,crop_blank
insecticides_20260331.pdf,52,18,,,,False,False,,,empty,EMPTY,,,,,,,,empty,EMPTY,,,,,,,,,False,not_applicable,,crop_blank
insecticides_20260331.pdf,52,19,,Maize,,False,False,Thiamethoxam 30%WS (Seed treatment),Aphids,numeric,PER_KG_SEED,per_kg_seed,1.8,,,,g,1.8 g ai/kg seed,numeric,PER_KG_SEED,per_kg_seed,6.0,,,,ml,6 ml/kg seed,,False,not_applicable,,crop_out_of_scope
insecticides_20260331.pdf,52,20,,Maize,,False,False,Thiamethoxam 30%WS (Seed treatment),Shoot fly,numeric,PER_KG_SEED,per_kg_seed,2.4,,,,g,2.4 g ai/kg seed,numeric,PER_KG_SEED,per_kg_seed,8.0,,,,ml,8 ml/kg seed,,False,not_applicable,,crop_out_of_scope
insecticides_20260331.pdf,53,2,,Groundnut,,False,False,Thiamethoxam 30%WS (Seed treatment),Jassids,numeric,PER_KG_SEED,per_kg_seed,0.9,,,,g,0.9 g ai/kg seed,numeric,PER_KG_SEED,per_kg_seed,3.0,,,,ml,3 ml/kg seed,,False,not_applicable,,crop_out_of_scope
insecticides_20260331.pdf,53,3,,Groundnut,,False,False,Thiamethoxam 30%WS (Seed treatment),Aphids and Thrips,numeric,PER_KG_SEED,per_kg_seed,1.5,,,,g,1.5 g ai/kg seed,numeric,PER_KG_SEED,per_kg_seed,5.0,,,,ml,5 ml/kg seed,,False,not_applicable,,crop_out_of_scope
insecticides_20260331.pdf,53,4,,,,False,False,Thiamethoxam 70%WS,,empty,EMPTY,,,,,,,,empty,EMPTY,,,,,,,,,False,not_applicable,,crop_blank
insecticides_20260331.pdf,53,6,,Okra (Bhindi),,False,False,Thiamethoxam 70%WS,"Aphids, Jassids",numeric,BARE_NUMBER,per_ha,200.0,80.9356,,,g,200,unparseable,BARE_NUMBER,,,,,,,286,,False,not_applicable,,crop_out_of_scope
insecticides_20260331.pdf,53,8,,Sunflower,,False,False,Thiamethoxam 70%WS,"Jassids, Thrips",numeric,BARE_NUMBER,per_ha,280.0,113.3099,,,g,280,unparseable,BARE_NUMBER,,,,,,,400,,False,not_applicable,,crop_out_of_scope
insecticides_20260331.pdf,53,9,,Wheat,,False,False,Thiamethoxam 70%WS,"Termite,Aphids",numeric,BARE_NUMBER,per_ha,121.0,48.966,,,g,121,unparseable,BARE_NUMBER,,,,,,,175,,False,not_applicable,,crop_out_of_scope
insecticides_20260331.pdf,53,10,,Maize,,False,False,Thiamethoxam 70%WS,"Shoot fly, Aphids",numeric,BARE_NUMBER,per_ha,245.0,99.1461,,,g,245,unparseable,BARE_NUMBER,,,,,,,350,,False,not_applicable,,crop_out_of_scope
insecticides_20260331.pdf,53,11,,Rice(Paddy),,False,False,Thiamethoxam 70%WS,"Thrips,Greenleafhopper",numeric,BARE_NUMBER,per_ha,105.0,42.4912,,,g,105,unparseable,BARE_NUMBER,,,,,,,150,,False,not_applicable,,crop_out_of_scope
insecticides_20260331.pdf,53,12,,,,False,False,Thiamethoxam 75% w/w SG,,empty,EMPTY,,,,,,,,empty,EMPTY,,,,,,,,,False,not_applicable,,crop_blank
insecticides_20260331.pdf,53,13,,Groundnut,,False,False,Thiamethoxam 75% w/w SG,Termite,numeric,BARE_NUMBER,per_ha,94.0,38.0397,,,g,94,unparseable,BARE_NUMBER,,,,,,,125,57,False,resolved,57,crop_out_of_scope
insecticides_20260331.pdf,53,14,,Sugarcane,,False,False,Thiamethoxam 75% w/w SG,"Termite, Early shoot borer",numeric,BARE_NUMBER,per_ha,120.0,48.5614,,,g,120,unparseable,BARE_NUMBER,,,,,,,160,230,False,resolved,230,crop_out_of_scope
insecticides_20260331.pdf,53,15,,Rice (Paddy),,False,False,Thiamethoxam 75% w/w SG,"Green leaf hopper, Brown  plant hopper",numeric,BARE_NUMBER,per_ha,113.0,45.7286,,,g,113,unparseable,BARE_NUMBER,,,,,,,150,60,False,resolved,60,crop_out_of_scope
insecticides_20260331.pdf,53,17,,,,False,False,Thiamethoxam 25%WG,,empty,EMPTY,,,,,,,,empty,EMPTY,,,,,,,,,False,not_applicable,,crop_blank
insecticides_20260331.pdf,54,0,,Rice(Paddy),,False,False,Thiamethoxam 25%WG,"Stem borer, Gall midge, Leaf  folder, White backed plant  hopper, Brown plant hopper,  Green leaf hopper, Thrips",numeric,BARE_NUMBER,per_ha,25.0,10.117,,,g,25,unparseable,BARE_NUMBER,,,,,,,100,14,False,resolved,14,crop_out_of_scope
insecticides_20260331.pdf,54,3,,Okra (Bhindi),,False,False,Thiamethoxam 25%WG,"Jassid, Aphid, Whitefly",numeric,BARE_NUMBER,per_ha,25.0,10.117,,,g,25,unparseable,BARE_NUMBER,,,,,,,100,5,False,resolved,05,crop_out_of_scope
insecticides_20260331.pdf,54,4,,Mango,,False,False,Thiamethoxam 25%WG,Hoppers,numeric,BARE_NUMBER,per_ha,25.0,10.117,,,g,25,unparseable,BARE_NUMBER,,,,,,,100,30,False,resolved,30,crop_out_of_scope
insecticides_20260331.pdf,54,5,,Wheat,,False,False,Thiamethoxam 25%WG,Aphid,numeric,BARE_NUMBER,per_ha,12.5,5.0585,,,g,12.5,unparseable,BARE_NUMBER,,,,,,,50,21,False,resolved,21,crop_out_of_scope
insecticides_20260331.pdf,54,6,,Mustard,,False,False,Thiamethoxam 25%WG,Aphid,numeric,BARE_RANGE,per_ha,12.5,5.0585,25.0,10.117,g,12.5 –25,unparseable,BARE_RANGE,,,,,,,50-100,21,False,resolved,21,crop_out_of_scope
insecticides_20260331.pdf,54,9,,Brinjal  Foliar  application,foliar,False,False,Thiamethoxam 25%WG,Whitefly,numeric,BARE_NUMBER,per_ha,50.0,20.2339,,,g,50,unparseable,BARE_NUMBER,,,,,,,200,3,False,resolved,03,crop_out_of_scope
insecticides_20260331.pdf,54,11,,Tea,,False,False,Thiamethoxam 25%WG,Mosquito bug,numeric,BARE_NUMBER,per_ha,25.0,10.117,,,g,25,unparseable,BARE_NUMBER,,,,,,,100,7,False,resolved,07,crop_out_of_scope
insecticides_20260331.pdf,54,12,,Potato,,False,False,Thiamethoxam 25%WG,Aphids:  Foliar  Application    S oil drench,unparseable,COLUMN_COLLAPSE,,,,,,,25    50,unparseable,COLUMN_COLLAPSE,,,,,,,100    200,,False,raised,77    77,crop_out_of_scope
insecticides_20260331.pdf,54,13,,Citrus,,False,False,Thiamethoxam 25%WG,Psylla,numeric,BARE_NUMBER,per_ha,25.0,10.117,,,g,25,unparseable,BARE_NUMBER,,,,,,,100,20,False,resolved,20,crop_out_of_scope
insecticides_20260331.pdf,54,15,,Rice-Nursery  (Soil  Drenching),soil_drench,False,False,Thiamethoxam 25%WG,"Green leaf hopper, Thrips,  Whorl Maggot",numeric,BARE_NUMBER,per_ha,500.0,202.339,,,g,500,unparseable,BARE_NUMBER,,,,,,,2000,86,False,resolved,86,crop_out_of_scope
insecticides_20260331.pdf,54,18,,Cumin,,False,False,Thiamethoxam 25%WG,Aphids,numeric,BARE_NUMBER,per_ha,25.0,10.117,,,g,25,unparseable,BARE_NUMBER,,,,,,,100,5,False,resolved,05,crop_out_of_scope
insecticides_20260331.pdf,55,0,,,,False,False,Foliar  application,,empty,EMPTY,,,,,,,,empty,EMPTY,,,,,,,,,False,not_applicable,,crop_blank
insecticides_20260331.pdf,55,1,,,,False,False,Foliar  application,,empty,EMPTY,,,,,,,,empty,EMPTY,,,,,,,,,False,not_applicable,,crop_blank
insecticides_20260331.pdf,55,2,,,,False,False,Tolfenpyrad 15% EC,,empty,EMPTY,,,,,,,,empty,EMPTY,,,,,,,,,False,not_applicable,,crop_blank
insecticides_20260331.pdf,55,3,,Cabbage,,False,False,Tolfenpyrad 15% EC,"Diamond back moth, Aphids",numeric,BARE_NUMBER,per_ha,150.0,60.7017,,,g,150,unparseable,BARE_NUMBER,,,,,,,1000,5,False,resolved,05,crop_out_of_scope
insecticides_20260331.pdf,55,4,,Okra (Bhindi),,False,False,Tolfenpyrad 15% EC,"Aphids, Jassids, Thrips,  Whitefly",numeric,BARE_NUMBER,per_ha,150.0,60.7017,,,g,150,unparseable,BARE_NUMBER,,,,,,,1000,3,False,resolved,03,crop_out_of_scope
insecticides_20260331.pdf,55,6,,Cumin,,False,False,Tolfenpyrad 15% EC,"Aphids, Thrips",numeric,BARE_NUMBER,per_ha,150.0,60.7017,,,g,150,unparseable,BARE_NUMBER,,,,,,,1000,29,False,resolved,29,crop_out_of_scope
insecticides_20260331.pdf,55,7,,Chilli,,False,False,Tolfenpyrad 15% EC,"Aphids, Thrips",numeric,BARE_NUMBER,per_ha,150.0,60.7017,,,g,150,unparseable,BARE_NUMBER,,,,,,,1000,7,False,resolved,7,crop_out_of_scope
insecticides_20260331.pdf,55,8,,Mango,,False,False,Tolfenpyrad 15% EC,"Hoppers, Thrips",numeric,BARE_NUMBER,per_ha,150.0,60.7017,,,g,150.0,unparseable,BARE_NUMBER,,,,,,,1000,7,False,resolved,7,crop_out_of_scope
insecticides_20260331.pdf,55,11,,,,False,False,Triflumezopyrim 10% w/w SC,,empty,EMPTY,,,,,,,,empty,EMPTY,,,,,,,,,False,not_applicable,,crop_blank
insecticides_20260331.pdf,55,12,,Paddy,,False,False,Triflumezopyrim 10% w/w SC,Brown plant hopper & White  backed plant hopper,numeric,BARE_NUMBER,per_ha,25.0,10.117,,,g,25,unparseable,BARE_NUMBER,,,,,,,236,21,False,resolved,21,crop_out_of_scope
insecticides_20260331.pdf,55,13,,Mango,,False,False,Triflumezopyrim 10% w/w SC,Hoppers (Idioscopus spp.),numeric,BARE_NUMBER,per_ha,25.0,10.117,,,g,25,numeric,PER_N_LITRE,per_litre_water,0.236,,,,ml,23.6 ml/100  L water,30,False,resolved,30,crop_out_of_scope
insecticides_20260331.pdf,55,14,,,,False,False,Triflumezopyrim 20% w/w WG,,empty,EMPTY,,,,,,,,empty,EMPTY,,,,,,,,,False,not_applicable,,crop_blank
insecticides_20260331.pdf,55,15,,Rice,,False,False,Triflumezopyrim 20% w/w WG,"Brown Plant Hopper  (Nilaparvata lugens), White  Backed Plant Hopper  (Sogatella furcifera)",numeric,BARE_NUMBER,per_ha,25.0,10.117,,,g,25,unparseable,BARE_NUMBER,,,,,,,125,21,False,resolved,21,crop_out_of_scope
insecticides_20260331.pdf,55,16,,,,False,False,ZincPhosphide80% Powder,,empty,EMPTY,,,,,,,,empty,EMPTY,,,,,,,,,False,not_applicable,,crop_blank
insecticides_20260331.pdf,55,17,,,,False,False,,,empty,EMPTY,,,,,,,,empty,EMPTY,,,,,,,,,False,not_applicable,,crop_blank
insecticides_20260331.pdf,55,18,,For rodent  control in  field and  residential  premises(to  be used under  the  supervision  of trained  personal),,False,False,ZincPhosphide80% Powder,"Rattus rattus, Bandicota  bengalensis, Rattus meltade,  Tatera indica, Meriones  hurrianae, Mus platythrix,  Musmusculus, Rattus  norvegicus, Mus booduga,  Suncus caeruleus",free_text,UNSUPPORTED_UNIT,free_text,,,,,,1.5-2.5%  Active ingredient in bait,empty,EMPTY,,,,,,,,,False,not_applicable,,crop_not_a_crop_cell
insecticides_20260331.pdf,56,0,,,,False,False,Combination Product,,empty,EMPTY,,,,,,,,empty,EMPTY,,,,,,,,,False,not_applicable,,crop_blank
insecticides_20260331.pdf,56,1,,,,False,False,Acephate 50% +Bifenthrin 10% WDG,,empty,EMPTY,,,,,,,,empty,EMPTY,,,,,,,,,False,not_applicable,,crop_blank
insecticides_20260331.pdf,56,3,,,,False,False,Acephate45%+ Cypermethrin5%DF,,empty,EMPTY,,,,,,,,empty,EMPTY,,,,,,,,,False,not_applicable,,crop_blank
insecticides_20260331.pdf,56,5,,Maize,,False,False,Acephate45%+ Cypermethrin5%DF,Stem borer (Chilo  partellus) Fall  armyworm  (Spodoptera  frugiperda),numeric,BARE_NUMBER,per_ha,625.0,252.9238,,,g,625,unparseable,BARE_NUMBER,,,,,,,1250,52,False,resolved,52,crop_out_of_scope
insecticides_20260331.pdf,56,6,,,,False,False,Acephate 25%+Fenvalerate 03%w/w EC,,empty,EMPTY,,,,,,,,empty,EMPTY,,,,,,,,,False,not_applicable,,crop_blank
insecticides_20260331.pdf,56,8,,,,False,False,Acephate 50%+ Fipronil 5% WDG,,empty,EMPTY,,,,,,,,empty,EMPTY,,,,,,,,,False,not_applicable,,crop_blank
insecticides_20260331.pdf,56,9,,Paddy,,False,False,Acephate 50%+ Fipronil 5% WDG,"Stem borer, Leaf  folder, Brown  Plant Hopper",free_text,COMPOUND,free_text,,,,,,500 +  50,unparseable,BARE_NUMBER,,,,,,,1000,27,False,resolved,27,crop_out_of_scope
insecticides_20260331.pdf,56,10,,,,False,False,Acephate 50% +Imidacloprid 01.80 %SP,,empty,EMPTY,,,,,,,,empty,EMPTY,,,,,,,,,False,not_applicable,,crop_blank
insecticides_20260331.pdf,56,12,,Paddy(Rice),,False,False,Acephate 50% +Imidacloprid 01.80 %SP,"Brown Plant Hopper,  Green Leaf Hopper,  Stem borer & Leaf  folder",numeric,BARE_NUMBER,per_ha,518.0,209.6232,,,g,518,unparseable,BARE_NUMBER,,,,,,,1000,,False,not_applicable,--,crop_out_of_scope
insecticides_20260331.pdf,56,13,,Sugarcane,,False,False,Acephate 50% +Imidacloprid 01.80 %SP,"Termite, White  grubs, Early Shoot  borer, Black bug,  Pyrilla",free_text,COMPOUND,free_text,,,,,,1250 +   45,unparseable,BARE_NUMBER,,,,,,,2500,123,False,resolved,123,crop_out_of_scope
insecticides_20260331.pdf,56,14,,Chilli,,False,False,Acephate 50% +Imidacloprid 01.80 %SP,"Jassids (Amrasca  biguttula biguttula),  Aphid (Aphis  gossypii), Whitefly  (Bemisia tabaci), Thrips (Scirtothrips  dorsalis), Fruit borer  (Helicoverpa  armigera), Tobacco  caterpillar  (Spodoptera litura)",numeric,BARE_NUMBER,per_ha,518.0,209.6232,,,g,518,unparseable,BARE_NUMBER,,,,,,,1000,3,False,resolved,03,crop_out_of_scope
insecticides_20260331.pdf,57,1,,,,False,False,Acephate 50% +Imidacloprid5 %WG,,empty,EMPTY,,,,,,,,empty,EMPTY,,,,,,,,,False,not_applicable,,crop_blank
insecticides_20260331.pdf,57,3,,,,False,False,Acetamiprid 20% + Chlorantraniliprole 20% WG,,empty,EMPTY,,,,,,,,empty,EMPTY,,,,,,,,,False,not_applicable,,crop_blank
insecticides_20260331.pdf,57,4,,Cabbage,,False,False,Acetamiprid 20% + Chlorantraniliprole 20% WG,"Diamond back  moth (Plutella  xylostella), Tobacco  caterpillar  (Spodoptera litura)  and Aphid  (Lipaphis erysimi)",free_text,COMPOUND,free_text,,,,,,15+15,unparseable,BARE_NUMBER,,,,,,,75,3,False,resolved,3,crop_out_of_scope
insecticides_20260331.pdf,57,6,,,,False,False,Acetamiprid 19.50 % + Chlorantraniliprole 19.50% w/w FS,,empty,EMPTY,,,,,,,,empty,EMPTY,,,,,,,,,False,not_applicable,,crop_blank
insecticides_20260331.pdf,57,7,,Maize,,False,False,Acetamiprid 19.50 % + Chlorantraniliprole 19.50% w/w FS,"Shoot fly  (Atherigonasoccatt a), Fall armyworm  (Spodoptera  frugiperda) Stem  borer (Chilo  partellus) and  Aphid  (Rhopalosiphummai dis)",free_text,COMPOUND,free_text,,,,,,22+22  g per 10  kg seed,numeric,PER_N_KG_SEED,per_kg_seed,10.0,,,,ml,100 ml per10 kg seed,,False,not_applicable,-,crop_out_of_scope
insecticides_20260331.pdf,57,8,,,,False,False,Acetamiprid 00.40% +Chlorpyriphos 20%EC,,empty,EMPTY,,,,,,,,empty,EMPTY,,,,,,,,,False,not_applicable,,crop_blank
insecticides_20260331.pdf,58,0,,Paddy (Rice),,False,False,Acetamiprid 00.40% +Chlorpyriphos 20%EC,"Stem Borer,  Brown plant  hopper &  White backed  plant hopper",free_text,COMPOUND,free_text,,,,,,10 +500,unparseable,BARE_NUMBER,,,,,,,2.5,10,False,resolved,10,crop_out_of_scope
insecticides_20260331.pdf,58,1,,,,False,False,Acetamiprid 01.10% +Cypermethrin 05.50%EC,,empty,EMPTY,,,,,,,,empty,EMPTY,,,,,,,,,False,not_applicable,,crop_blank
insecticides_20260331.pdf,58,3,,,,False,False,Azoxystrobin 10.0% + Fipronil 5% SC,,empty,EMPTY,,,,,,,,empty,EMPTY,,,,,,,,,False,not_applicable,,crop_blank
insecticides_20260331.pdf,58,4,,Chilli,,False,False,Azoxystrobin 10.0% + Fipronil 5% SC,Thrips and fruit  borer,free_text,COMPOUND,free_text,,,,,,50+100,unparseable,BARE_NUMBER,,,,,,,1000,5,False,resolved,5,crop_out_of_scope
insecticides_20260331.pdf,58,5,,Rice,,False,False,Azoxystrobin 10.0% + Fipronil 5% SC,"Yellow stem  borer, leaf folder,  brown plant  hopper",free_text,COMPOUND,free_text,,,,,,62.5+  125,unparseable,BARE_NUMBER,,,,,,,1250,53,False,resolved,53,crop_out_of_scope
insecticides_20260331.pdf,58,6,,,,False,False,Azoxystrobin 1.3% + Tebuconazole 0.22% + Thiamethoxam 25.9% FS,,empty,EMPTY,,,,,,,,empty,EMPTY,,,,,,,,,False,not_applicable,,crop_blank
insecticides_20260331.pdf,58,7,,Okra (seed  treatment),seed_treatment,False,False,Azoxystrobin 1.3% + Tebuconazole 0.22% + Thiamethoxam 25.9% FS,Aphids and  Jassids,free_text,COMPOUND,free_text,,,,,,0.9+0.15+18. 0,unparseable,BARE_NUMBER,,,,,,,60,,False,not_applicable,NA,crop_out_of_scope
insecticides_20260331.pdf,58,8,,,,False,False,Azoxystrobin 12% + Fenpyroximate 2.5% + Emamectin Benzoate 1% WG,,empty,EMPTY,,,,,,,,empty,EMPTY,,,,,,,,,False,not_applicable,,crop_blank
insecticides_20260331.pdf,58,9,,Chilli,,False,False,Azoxystrobin 12% + Fenpyroximate 2.5% + Emamectin Benzoate 1% WG,"Fruit borer  (Helicoverpa  armigera),  Thrips  (Scirtothrips  dorsalis), Mites  (Polyphagotarso nemus latus)  Fruit rot  /Anthracnose  (Colletotrichum  capsici) Powdery  mildew  (Leveillula  taurica) """,free_text,COMPOUND,free_text,,,,,,120+25+10  (155),unparseable,BARE_NUMBER,,,,,,,1000,7,False,resolved,7,crop_out_of_scope
insecticides_20260331.pdf,58,10,,,,False,False,Azoxystrobin 1.5% + Carbendazim 8.0% + Thiamethoxam 30% FS w/w,,empty,EMPTY,,,,,,,,empty,EMPTY,,,,,,,,,False,not_applicable,,crop_blank
insecticides_20260331.pdf,59,1,,Groundnut,,False,False,Azoxystrobin 1.5% + Carbendazim 8.0% + Thiamethoxam 30% FS w/w,"Collar rot  (Aspergillus  niger), Stem rot  (Sclerotium  rolfsii), Root rot  (Macrophominap haseolina),  White grub  (Holotrichia  spp.) and Termite  (Odontotermes  spp.)",free_text,COMPOUND,free_text,,,,,,1.5+8+30,unparseable,BARE_NUMBER,,,,,,,100,,False,not_applicable,NA,crop_out_of_scope
insecticides_20260331.pdf,59,2,,,,False,False,Sedaxane 12.61% w/w + Azoxystrobin 3.15% w/w + Thiamethoxam 22.06%w/w FS,,empty,EMPTY,,,,,,,,empty,EMPTY,,,,,,,,,False,not_applicable,,crop_blank
insecticides_20260331.pdf,59,3,,Rice,,False,False,Sedaxane 12.61% w/w + Azoxystrobin 3.15% w/w + Thiamethoxam 22.06%w/w FS,"Sheath Blight,  Leaf Blast, Brown  spot, Green Leaf  Hopper, Thrips,  Whorl Maggot",numeric,PER_KG_SEED,per_kg_seed,1.35,,,,g,1.35 g per  kg seed,numeric,PER_KG_SEED,per_kg_seed,3.0,,,,ml,3 ml per kg seed,,True,not_applicable,"Use as seed  treatment,  hence waiting  period is not  applicable.",crop_out_of_scope
insecticides_20260331.pdf,59,4,,,,False,False,Benzpyrimoxan 10% + Pymetrozine 20% WG,,empty,EMPTY,,,,,,,,empty,EMPTY,,,,,,,,,False,not_applicable,,crop_blank
insecticides_20260331.pdf,59,5,,Rice,,False,False,Benzpyrimoxan 10% + Pymetrozine 20% WG,"Brown Plant  Hopper, White  Backed Plant  Hopper and  Green Leaf  Hopper",free_text,COMPOUND,free_text,,,,,,50+100 – 70+140,unparseable,BARE_RANGE,,,,,,,500-700,36,False,resolved,36,crop_out_of_scope
insecticides_20260331.pdf,59,6,,,,False,False,Benzpyrimoxan 10% + Thiamethoxam 3.3% SC,,empty,EMPTY,,,,,,,,empty,EMPTY,,,,,,,,,False,not_applicable,,crop_blank
insecticides_20260331.pdf,59,7,,Rice,,False,False,Benzpyrimoxan 10% + Thiamethoxam 3.3% SC,"Brown Plant  Hopper, White  Backed Plant  Hopper",free_text,COMPOUND,free_text,,,,,,75 + 25,unparseable,BARE_NUMBER,,,,,,,750,30,False,resolved,30,crop_out_of_scope
insecticides_20260331.pdf,59,8,,,,False,False,Benzpyrimoxan 15% + Fipronil 10% SC,,empty,EMPTY,,,,,,,,empty,EMPTY,,,,,,,,,False,not_applicable,,crop_blank
insecticides_20260331.pdf,59,9,,Rice,,False,False,Benzpyrimoxan 15% + Fipronil 10% SC,"Brown Plant  Hopper, White  Backed Plant  Hopper and leaf  folder",free_text,COMPOUND,free_text,,,,,,60-75 + 40-50,unparseable,BARE_RANGE,,,,,,,400-500,22,False,resolved,22,crop_out_of_scope
insecticides_20260331.pdf,59,10,,,,False,False,Beta- cyfluthrin 08.49%+  Imidacloprid 19.81% w/w OD,,empty,EMPTY,,,,,,,,empty,EMPTY,,,,,,,,,False,not_applicable,,crop_blank
insecticides_20260331.pdf,59,11,,Brinjal,,False,False,Beta- cyfluthrin 08.49%+  Imidacloprid 19.81% w/w OD,"Aphids,  Jassids,  Shoot & fruit borer",free_text,COMPOUND,free_text,,,,,,15.75 +36.75-  18 +42,unparseable,BARE_RANGE,,,,,,,175 – 200,,False,raised,0 7,crop_out_of_scope
insecticides_20260331.pdf,60,1,soybean,Soybean,,False,False,Beta- cyfluthrin 08.49%+  Imidacloprid 19.81% w/w OD,Girdle beetle  Semilooper,free_text,COMPOUND,free_text,,,,,,31.5 +73.5,unparseable,BARE_NUMBER,,,,,,,350,,False,raised,1 7,phi_defect
insecticides_20260331.pdf,60,2,cotton,Cotton,,False,False,Beta- cyfluthrin 08.49%+  Imidacloprid 19.81% w/w OD,Jassid  Whitefly,free_text,COMPOUND,free_text,,,,,,18 + 42,unparseable,BARE_NUMBER,,,,,,,200,,False,raised,2 1,phi_defect
insecticides_20260331.pdf,60,3,,Chilli,,False,False,Beta- cyfluthrin 08.49%+  Imidacloprid 19.81% w/w OD,"Thrips, Aphids,  Whitefly",free_text,COMPOUND,free_text,,,,,,27.9 + 65.1,unparseable,BARE_NUMBER,,,,,,,310,5,False,resolved,5,crop_out_of_scope
insecticides_20260331.pdf,60,4,,Cucumber,,False,False,Beta- cyfluthrin 08.49%+  Imidacloprid 19.81% w/w OD,Whitefly,free_text,COMPOUND,free_text,,,,,,45 + 105,unparseable,BARE_NUMBER,,,,,,,500,5,False,resolved,5,crop_out_of_scope
insecticides_20260331.pdf,60,5,,Wheat,,False,False,Beta- cyfluthrin 08.49%+  Imidacloprid 19.81% w/w OD,Aphids,free_text,COMPOUND,free_text,,,,,,36 + 84,unparseable,BARE_NUMBER,,,,,,,400,,False,raised,3 1,crop_out_of_scope
insecticides_20260331.pdf,60,6,,Cashew,,False,False,Beta- cyfluthrin 08.49%+  Imidacloprid 19.81% w/w OD,Tea mosquito  bug and Thrips,free_text,COMPOUND,free_text,,,,,,22.5 + 52.5,unparseable,BARE_NUMBER,,,,,,,250,,False,raised,4 5,crop_out_of_scope
insecticides_20260331.pdf,60,7,,Tea,,False,False,Beta- cyfluthrin 08.49%+  Imidacloprid 19.81% w/w OD,Mosquito bug  and Looper,free_text,COMPOUND,free_text,,,,,,27 + 63,unparseable,BARE_NUMBER,,,,,,,300,7,False,resolved,7,crop_out_of_scope
insecticides_20260331.pdf,60,8,,,,False,False,Bifenthrin 03 % + Chlorpyriphos 30 % w/w EC,,empty,EMPTY,,,,,,,,empty,EMPTY,,,,,,,,,False,not_applicable,,crop_blank
insecticides_20260331.pdf,60,9,,Paddy(Rice),,False,False,Bifenthrin 03 % + Chlorpyriphos 30 % w/w EC,"Stem borer,  Leaf folder",free_text,COMPOUND,free_text,,,,,,24 +240-  30 +300,unparseable,BARE_RANGE,,,,,,,800 –1000,,False,raised,2 1,crop_out_of_scope
insecticides_20260331.pdf,60,10,,,,False,False,Bifenthrin 8% + Clothianidin 10% SC,,empty,EMPTY,,,,,,,,empty,EMPTY,,,,,,,,,False,not_applicable,,crop_blank
insecticides_20260331.pdf,60,11,,Ground nut,,False,False,Bifenthrin 8% + Clothianidin 10% SC,"White grub,  thrips and aphids",free_text,COMPOUND,free_text,,,,,,80+100,unparseable,BARE_NUMBER,,,,,,,1000,83,False,resolved,83,crop_out_of_scope
insecticides_20260331.pdf,60,13,,Sugarcane,,False,False,Bifenthrin 8% + Clothianidin 10% SC,Termites and  early shoot borer,free_text,COMPOUND,free_text,,,,,,80+100,unparseable,BARE_NUMBER,,,,,,,1000,300,False,resolved,300,crop_out_of_scope
insecticides_20260331.pdf,60,14,,,,False,False,Bifenthrin 32 % + Chlorantraniliprole 12% WG,,empty,EMPTY,,,,,,,,empty,EMPTY,,,,,,,,,False,not_applicable,,crop_blank
insecticides_20260331.pdf,60,16,,,,False,False,Bifenthrin 10% + Thiamethoxam 5% SE,,empty,EMPTY,,,,,,,,empty,EMPTY,,,,,,,,,False,not_applicable,,crop_blank
insecticides_20260331.pdf,61,0,,Paddy,,False,False,Bifenthrin 10% + Thiamethoxam 5% SE,"Stem Borer ,  Leaf Folder, Gall  Midge & Brown  Plant Hopper",free_text,COMPOUND,free_text,,,,,,50 + 25,unparseable,BARE_NUMBER,,,,,,,500,39,False,resolved,39,crop_out_of_scope
insecticides_20260331.pdf,61,1,,,,False,False,Bifenthrin 25% + Thiamethoxam 25% WG,,empty,EMPTY,,,,,,,,empty,EMPTY,,,,,,,,,False,not_applicable,,crop_blank
insecticides_20260331.pdf,61,3,,Paddy,,False,False,Bifenthrin 25% + Thiamethoxam 25% WG,"Stem borer, Leaf  folder, Hispa,  Brown plant  hopper, Green  leaf hopper.",free_text,COMPOUND,free_text,,,,,,50 + 50,unparseable,BARE_NUMBER,,,,,,,200,25,False,resolved,25,crop_out_of_scope
insecticides_20260331.pdf,61,4,,,,False,False,Buprofezin 09%+ Acephate 24%w/w WP,,empty,EMPTY,,,,,,,,empty,EMPTY,,,,,,,,,False,not_applicable,,crop_blank
insecticides_20260331.pdf,61,5,,Rice (Paddy),,False,False,Buprofezin 09%+ Acephate 24%w/w WP,Brown plant  hopper,free_text,COMPOUND,free_text,,,,,,54 +144,unparseable,BARE_NUMBER,,,,,,,600,20,False,resolved,20,crop_out_of_scope
insecticides_20260331.pdf,61,6,,,,False,False,Buprofezin 15%+ Acephate 35%w/w WP,,empty,EMPTY,,,,,,,,empty,EMPTY,,,,,,,,,False,not_applicable,,crop_blank
insecticides_20260331.pdf,61,8,,Okra,,False,False,Buprofezin 15%+ Acephate 35%w/w WP,Jassids&  Whitefly,free_text,COMPOUND,free_text,,,,,,112.5 +262.5,unparseable,BARE_NUMBER,,,,,,,750,7,False,resolved,07,crop_out_of_scope
insecticides_20260331.pdf,61,9,,Paddy (Rice),,False,False,Buprofezin 15%+ Acephate 35%w/w WP,"Brown plant  hopper, White  backed plant  hopper",free_text,COMPOUND,free_text,,,,,,187.5 +437.5,unparseable,BARE_NUMBER,,,,,,,1250,20,False,resolved,20,crop_out_of_scope
insecticides_20260331.pdf,61,10,,,,False,False,Buprofezin 20%+ Acephate 50%w/w WP,,empty,EMPTY,,,,,,,,empty,EMPTY,,,,,,,,,False,not_applicable,,crop_blank
insecticides_20260331.pdf,61,11,,Paddy(Rice),,False,False,Buprofezin 20%+ Acephate 50%w/w WP,"Stem Borer,  Leaf folder,  Brown plant  hopper",free_text,COMPOUND,free_text,,,,,,200 +500,unparseable,BARE_NUMBER,,,,,,,1000,20,False,resolved,20,crop_out_of_scope
insecticides_20260331.pdf,61,13,,Chilli,,False,False,Buprofezin 20%+ Acephate 50%w/w WP,"Thrips, Yellow  mites Aphids",free_text,COMPOUND,free_text,,,,,,250 +625,unparseable,BARE_NUMBER,,,,,,,1250,7,False,resolved,7,crop_out_of_scope
insecticides_20260331.pdf,61,14,,,,False,False,Buprofezin 20%+ Acetamiprid 2% w/w WP,,empty,EMPTY,,,,,,,,empty,EMPTY,,,,,,,,,False,not_applicable,,crop_blank
insecticides_20260331.pdf,61,15,,Rice,,False,False,Buprofezin 20%+ Acetamiprid 2% w/w WP,"Brown plant  hopper, White  backed plant hopper, Leaf  Folder, Green  Leaf Hopper,  Stem Borer",numeric,BARE_NUMBER,per_ha,176.0,71.2233,,,g,176,unparseable,BARE_NUMBER,,,,,,,800,15,False,resolved,15,crop_out_of_scope
insecticides_20260331.pdf,62,1,,,,False,False,Buprofezin 22.0%+ Fipronil 3%SC,,empty,EMPTY,,,,,,,,empty,EMPTY,,,,,,,,,False,not_applicable,,crop_blank
insecticides_20260331.pdf,62,2,,Rice(Paddy),,False,False,Buprofezin 22.0%+ Fipronil 3%SC,Brown plant  hopper,free_text,COMPOUND,free_text,,,,,,110 +15,unparseable,BARE_NUMBER,,,,,,,500,32,False,resolved,32,crop_out_of_scope
insecticides_20260331.pdf,62,4,,,,False,False,Buprofezin 23.10% + Fipronil 3.85% w/w SC,,empty,EMPTY,,,,,,,,empty,EMPTY,,,,,,,,,False,not_applicable,,crop_blank
insecticides_20260331.pdf,62,5,,Rice,,False,False,Buprofezin 23.10% + Fipronil 3.85% w/w SC,Brown plant  hopper  (Nilparvata  lugens),free_text,COMPOUND,free_text,,,,,,173.25 +28.88,unparseable,BARE_NUMBER,,,,,,,750,30,False,resolved,30,crop_out_of_scope
insecticides_20260331.pdf,62,6,,,,False,False,CARTAP HYDROCHLORIDE 7.5% + CHLORANTRANILIPROLE 0.4 % GR,,empty,EMPTY,,,,,,,,empty,EMPTY,,,,,,,,,False,not_applicable,,crop_blank
insecticides_20260331.pdf,62,7,,Paddy,,False,False,CARTAP HYDROCHLORIDE 7.5% + CHLORANTRANILIPROLE 0.4 % GR,Yellow stem  borer Leaf folder  and Whorl  maggot,numeric,BARE_NUMBER,per_ha,691.25,279.7337,,,g,691.25,unparseable,BARE_NUMBER,,,,,,,8750,59,False,resolved,59,crop_out_of_scope
insecticides_20260331.pdf,62,8,,,,False,False,Cartap Hydrochloride 50%+Buprofezin 10%w/w WP,,empty,EMPTY,,,,,,,,empty,EMPTY,,,,,,,,,False,not_applicable,,crop_blank
insecticides_20260331.pdf,62,9,,Rice,,False,False,Cartap Hydrochloride 50%+Buprofezin 10%w/w WP,"Yellow stem  borer, Brown  plant hopper, Leaf  folder, Green leaf  hopper, White  backed plant  hopper",numeric,BARE_NUMBER,per_ha,480.0,194.2455,,,g,480,unparseable,BARE_NUMBER,,,,,,,800,20,False,resolved,20,crop_out_of_scope
insecticides_20260331.pdf,62,10,,,,False,False,Cartap Hydrochloride 7.5%w/w + Emamectin benzoate 0.25%w/w GR,,empty,EMPTY,,,,,,,,empty,EMPTY,,,,,,,,,False,not_applicable,,crop_blank
insecticides_20260331.pdf,62,11,,Rice,,False,False,Cartap Hydrochloride 7.5%w/w + Emamectin benzoate 0.25%w/w GR,Yellow stem  borer  (Scirpophaga  incertulas),free_text,COMPOUND,free_text,,,,,,18.75 +562.5,unparseable,BARE_NUMBER,,,,,,,7.5,35,False,resolved,35,crop_out_of_scope
insecticides_20260331.pdf,62,12,,,,False,False,Cartap Hydrochloride 04% +Fipronil 00.50% CG,,empty,EMPTY,,,,,,,,empty,EMPTY,,,,,,,,,False,not_applicable,,crop_blank
insecticides_20260331.pdf,62,13,,Paddy (Rice),,False,False,Cartap Hydrochloride 04% +Fipronil 00.50% CG,"Stem borer,  Leaf folder",numeric,BARE_RANGE,per_ha,675.0,273.1577,900.0,364.2103,g,675 –900,unparseable,BARE_RANGE,,,,,,,15 –20,27,False,resolved,27,crop_out_of_scope
insecticides_20260331.pdf,63,0,,,,False,False,Chlorantraniliprole 4.3% +Abamectin 1.7% SC,,empty,EMPTY,,,,,,,,empty,EMPTY,,,,,,,,,False,not_applicable,,crop_blank
insecticides_20260331.pdf,63,1,,Chilli,,False,False,Chlorantraniliprole 4.3% +Abamectin 1.7% SC,"Thrips,  Mites  and  Fruit  Borer",free_text,COMPOUND,free_text,,,,,,26.875 + 10.625,unparseable,BARE_NUMBER,,,,,,,625,5,False,resolved,5,crop_out_of_scope
insecticides_20260331.pdf,63,3,,,,False,False,Chlorantraniliprole 15.75% w/w + Clothianidin 26.25% w/w SC,,empty,EMPTY,,,,,,,,empty,EMPTY,,,,,,,,,False,not_applicable,,crop_blank
insecticides_20260331.pdf,63,4,,Sugarcane,,False,False,Chlorantraniliprole 15.75% w/w + Clothianidin 26.25% w/w SC,"Early shoot borer,  Top borer,  Termites and  White grub",numeric,BARE_NUMBER,per_ha,200.0,80.9356,,,g,200,unparseable,BARE_NUMBER,,,,,,,400,258,False,resolved,258,crop_out_of_scope
insecticides_20260331.pdf,63,5,,,,False,False,Chlorantraniliprole 0.53% w/w + Fipronil 0.8% w/w GR,,empty,EMPTY,,,,,,,,empty,EMPTY,,,,,,,,,False,not_applicable,,crop_blank
insecticides_20260331.pdf,63,6,,Rice,,False,False,Chlorantraniliprole 0.53% w/w + Fipronil 0.8% w/w GR,Rice yellow stem  borer  (Scirpophaga  incertulas),free_text,COMPOUND,free_text,,,,,,39.75 + 60,numeric,NUM_UNIT,per_ha,7.5,3.0351,,,kg,7.5 kg,53,False,resolved,53,crop_out_of_scope
insecticides_20260331.pdf,63,7,,,,False,False,Chlorantraniliprole 0.4% + Fipronil 0.6% W/W GR,,empty,EMPTY,,,,,,,,empty,EMPTY,,,,,,,,,False,not_applicable,,crop_blank
insecticides_20260331.pdf,63,8,,Paddy,,False,False,Chlorantraniliprole 0.4% + Fipronil 0.6% W/W GR,Stem borer  (Scirpophaga  incertulas) and  Leaf folder  (Cnaphalocrocis  medinalis),free_text,COMPOUND,free_text,,,,,,40+60 (gm),numeric,NUM_UNIT,per_ha,10.0,4.0468,,,ml,10 ml,34,False,resolved,34,crop_out_of_scope
insecticides_20260331.pdf,63,9,,,,False,False,Chlorantraniliprole 0.35% + Fipronil 0.35% GR,,empty,EMPTY,,,,,,,,empty,EMPTY,,,,,,,,,False,not_applicable,,crop_blank
insecticides_20260331.pdf,63,10,,Paddy,,False,False,Chlorantraniliprole 0.35% + Fipronil 0.35% GR,Stem Borer  (Scirpophaga  incertulas) and  Leaf Folder  (Cnaphalocrocis  medinalis),free_text,COMPOUND,free_text,,,,,,35 + 35,numeric,NUM_UNIT,per_ha,10.0,4.0468,,,kg,10 Kg,65,False,resolved,65,crop_out_of_scope
insecticides_20260331.pdf,63,11,,,,False,False,Chlorantraniliprole 12% + Fipronil 30% GR,,empty,EMPTY,,,,,,,,empty,EMPTY,,,,,,,,,False,not_applicable,,crop_blank
insecticides_20260331.pdf,63,12,,Chilli,,False,False,Chlorantraniliprole 12% + Fipronil 30% GR,"Thrips  (Scirtothrips  dorsalis), Aphids  (Aphis gossypii),  Fruit borer  (Helicoverpa  armigera),  Tobacco caterpillar  (Spodoptera  litura)",free_text,COMPOUND,free_text,,,,,,30 + 75,unparseable,BARE_NUMBER,,,,,,,250,10,False,resolved,10,crop_out_of_scope
insecticides_20260331.pdf,64,2,,,,False,False,Chlorantraniliprole 0.83% + Fipronil 1.33% GR,,empty,EMPTY,,,,,,,,empty,EMPTY,,,,,,,,,False,not_applicable,,crop_blank
insecticides_20260331.pdf,64,3,,Paddy,,False,False,Chlorantraniliprole 0.83% + Fipronil 1.33% GR,"Stem Borer  (Scirpophaga  incertulas), Leaf  Folder  (Cnaphalocrocis  medinalis) and  Hispa  (Dicladispa  armigera)",numeric,BARE_NUMBER,per_ha,108.3,43.8266,,,g,108.3,numeric,NUM_UNIT,per_ha,5000.0,2023.3904,,,g,5000 gm,49,False,resolved,49,crop_out_of_scope
insecticides_20260331.pdf,64,4,,,,False,False,Chlorantraniliprole 0.45% + Fipronil 0.50% + Emamectin Benzoate 0.18% GR,,empty,EMPTY,,,,,,,,empty,EMPTY,,,,,,,,,False,not_applicable,,crop_blank
insecticides_20260331.pdf,64,6,,,,False,False,Chlorantraniliprole 6.5%+ Lufenuron 5% + Emamectin benzoate 2% SC,,empty,EMPTY,,,,,,,,empty,EMPTY,,,,,,,,,False,not_applicable,,crop_blank
insecticides_20260331.pdf,64,7,,Maize,,False,False,Chlorantraniliprole 6.5%+ Lufenuron 5% + Emamectin benzoate 2% SC,Fall army worm  (Spodoptera  frugiperda) and  stem borer (Chilo  partellus),free_text,COMPOUND,free_text,,,,,,48.75+37.5+15,unparseable,BARE_NUMBER,,,,,,,750,33,False,resolved,33,crop_out_of_scope
insecticides_20260331.pdf,64,8,,,,False,False,Chlorantraniliprole 09.30%+Lambda-cyhalothrin 04.60% ZC,,empty,EMPTY,,,,,,,,empty,EMPTY,,,,,,,,,False,not_applicable,,crop_blank
insecticides_20260331.pdf,64,11,,Brinjal,,False,False,Chlorantraniliprole 09.30%+Lambda-cyhalothrin 04.60% ZC,"Shoot and fruit  borer, Jassids",numeric,BARE_NUMBER,per_ha,28.0,11.331,,,g,28,unparseable,BARE_NUMBER,,,,,,,200,5,False,resolved,05,crop_out_of_scope
insecticides_20260331.pdf,64,12,,Okra,,False,False,Chlorantraniliprole 09.30%+Lambda-cyhalothrin 04.60% ZC,"Shoot and fruit  borer, Jassids",numeric,BARE_NUMBER,per_ha,28.0,11.331,,,g,28,unparseable,BARE_NUMBER,,,,,,,200,3,False,resolved,03,crop_out_of_scope
insecticides_20260331.pdf,65,0,,Rice,,False,False,Chlorantraniliprole 09.30%+Lambda-cyhalothrin 04.60% ZC,"Stem borer, Leaf  folder & Green  leaf hopper",numeric,BARE_RANGE,per_ha,28.0,11.331,35.0,14.1637,g,28 – 35,unparseable,BARE_RANGE,,,,,,,200 –  250,53,False,resolved,53,crop_out_of_scope
insecticides_20260331.pdf,65,2,,Okra,,False,False,Chlorantraniliprole 09.30%+Lambda-cyhalothrin 04.60% ZC,"Shoot & Fruit  Borer, Jassids",numeric,BARE_NUMBER,per_ha,28.0,11.331,,,g,28,unparseable,BARE_NUMBER,,,,,,,200,3,False,resolved,3,crop_out_of_scope
insecticides_20260331.pdf,65,3,,Cabbage,,False,False,Chlorantraniliprole 09.30%+Lambda-cyhalothrin 04.60% ZC,"Spodoptera,  Diamond Back  Moth",numeric,BARE_NUMBER,per_ha,30.0,12.1403,,,g,30,unparseable,BARE_NUMBER,,,,,,,200,5,False,resolved,5,crop_out_of_scope
insecticides_20260331.pdf,65,4,,Groundnut,,False,False,Chlorantraniliprole 09.30%+Lambda-cyhalothrin 04.60% ZC,"Leaf miner, Leaf  feeder, Thrips",numeric,BARE_NUMBER,per_ha,28.0,11.331,,,g,28,unparseable,BARE_NUMBER,,,,,,,200,20,False,resolved,20,crop_out_of_scope
insecticides_20260331.pdf,65,5,,Blackgram,,False,False,Chlorantraniliprole 09.30%+Lambda-cyhalothrin 04.60% ZC,"Pod Borers  (Spodoptera  litura, Maruca  vitrata,  Helicoverpa  armigera)",free_text,COMPOUND,free_text,,,,,,28  (18.6+9.20),unparseable,BARE_NUMBER,,,,,,,200,24,False,resolved,24,crop_out_of_scope
insecticides_20260331.pdf,65,7,,Maize,,False,False,Chlorantraniliprole 09.30%+Lambda-cyhalothrin 04.60% ZC,Fall Army worm  and Stem borer,numeric,BARE_NUMBER,per_ha,35.0,14.1637,,,g,35,unparseable,BARE_NUMBER,,,,,,,250,36,False,resolved,36,crop_out_of_scope
insecticides_20260331.pdf,65,11,,,,False,False,Chlorantraniliprole 10% w/w + Novaluron 20% w/w SC,,empty,EMPTY,,,,,,,,empty,EMPTY,,,,,,,,,False,not_applicable,,crop_blank
insecticides_20260331.pdf,65,12,,Cabbage,,False,False,Chlorantraniliprole 10% w/w + Novaluron 20% w/w SC,Diamond back  Moth,free_text,COMPOUND,free_text,,,,,,30 + 60,unparseable,BARE_NUMBER,,,,,,,300,10,False,resolved,10,crop_out_of_scope
insecticides_20260331.pdf,65,13,,Chilli,,False,False,Chlorantraniliprole 10% w/w + Novaluron 20% w/w SC,Fruit borer and  Tobacco  Caterpillar,free_text,COMPOUND,free_text,,,,,,30 + 60,unparseable,BARE_NUMBER,,,,,,,300,10,False,resolved,10,crop_out_of_scope
insecticides_20260331.pdf,65,14,,Maize,,False,False,Chlorantraniliprole 10% w/w + Novaluron 20% w/w SC,Fall armyworm,free_text,COMPOUND,free_text,,,,,,30 + 60,unparseable,BARE_NUMBER,,,,,,,300,21,False,resolved,21,crop_out_of_scope
insecticides_20260331.pdf,65,15,,,,False,False,CHLORANTRANILIPROLE 5.2% + NOVALURON 8.5% SC,,empty,EMPTY,,,,,,,,empty,EMPTY,,,,,,,,,False,not_applicable,,crop_blank
insecticides_20260331.pdf,66,0,,Chilli,,False,False,CHLORANTRANILIPROLE 5.2% + NOVALURON 8.5% SC,"Fruit borer  (Helicoverpa  armigera),  Tobacco  caterpillar  (Spodoptera  litura)",free_text,COMPOUND,free_text,,,,,,26+42.5,unparseable,BARE_NUMBER,,,,,,,500,7,False,resolved,7,crop_out_of_scope
insecticides_20260331.pdf,66,2,,,,False,False,Nitenpyram 15% + Pyriproxyfen 20% EC,,empty,EMPTY,,,,,,,,empty,EMPTY,,,,,,,,,False,not_applicable,,crop_blank
insecticides_20260331.pdf,66,4,,,,False,False,Chlorantraniliprole 4.5 % + Novaluron 11.5 + Emamectin Benzoate 1.5 % SE,,empty,EMPTY,,,,,,,,empty,EMPTY,,,,,,,,,False,not_applicable,,crop_blank
insecticides_20260331.pdf,66,5,,Brinjal,,False,False,Chlorantraniliprole 4.5 % + Novaluron 11.5 + Emamectin Benzoate 1.5 % SE,Shoot & Fruit  borer,free_text,COMPOUND,free_text,,,,,,28.12 + 71.87 + 9.37,unparseable,BARE_NUMBER,,,,,,,625,16,False,resolved,16,crop_out_of_scope
insecticides_20260331.pdf,66,6,,,,False,False,Chlorantraniliprole 0.64% + Tebuconazole 3% + Clothianidin 1.92% GR,,empty,EMPTY,,,,,,,,empty,EMPTY,,,,,,,,,False,not_applicable,,crop_blank
insecticides_20260331.pdf,66,7,,Paddy,,False,False,Chlorantraniliprole 0.64% + Tebuconazole 3% + Clothianidin 1.92% GR,Yellow Stem  Borer and Sheath  Blight,free_text,COMPOUND,free_text,,,,,,40 + 187.5 + 120,unparseable,BARE_NUMBER,,,,,,,6250,46,False,resolved,46,crop_out_of_scope
insecticides_20260331.pdf,66,8,,,,False,False,Trifloxystrobin 4% + Fluxapyroxad 6.66% + Clothianidin 25% Fs,,empty,EMPTY,,,,,,,,empty,EMPTY,,,,,,,,,False,not_applicable,,crop_blank
insecticides_20260331.pdf,66,9,,Groundnut,,False,False,Trifloxystrobin 4% + Fluxapyroxad 6.66% + Clothianidin 25% Fs,"Stem rot  (Sclerotium rolfsii),  Collar rot  (Aspergillus niger),  Root rot  (Rhizoctonia  bataticola), Tikka  Leaf spot, Rust,  Termites, Thrips &  White grub",free_text,COMPOUND,free_text,,,,,,0.24 + 0.3996 + 1.5,numeric,NUM_UNIT,per_ha,6.0,2.4281,,,ml,6 ml,,False,not_applicable,NA,crop_out_of_scope
insecticides_20260331.pdf,66,10,,,,False,False,Chlorantraniliprole 00.50%+Thiamethoxam 01%w/w GR,,empty,EMPTY,,,,,,,,empty,EMPTY,,,,,,,,,False,not_applicable,,crop_blank
insecticides_20260331.pdf,66,11,,Rice,,False,False,Chlorantraniliprole 00.50%+Thiamethoxam 01%w/w GR,"Stem borer,  Leaf folder,  Brown plant  hopper, Green  leaf hopper",free_text,COMPOUND,free_text,,,,,,30.0 +60.0,numeric,PER_HA_EXPLICIT,per_ha,6.0,2.4281,,,kg,6 kg/ha,60,False,resolved,60,crop_out_of_scope
insecticides_20260331.pdf,67,0,,,,False,False,Chlorantraniliprole 08.80%+Thiamethoxam 17.50%w/w SC,,empty,EMPTY,,,,,,,,empty,EMPTY,,,,,,,,,False,not_applicable,,crop_blank
insecticides_20260331.pdf,67,2,,Rice Nursery,nursery,False,False,Chlorantraniliprole 08.80%+Thiamethoxam 17.50%w/w SC,"Stem borer, Leaf  folder, Green leaf  Hopper",free_text,COMPOUND,free_text,,,,,,180 (60+ 120),unparseable,NUM_WITH_METHOD,,,,,,,"600  Application  method-Soil  drench (Single  application),  Application  time-At the time  of sowing to  before  transplanting",116,False,resolved,116,crop_out_of_scope
insecticides_20260331.pdf,67,3,,,,False,False,Chlorantraniliprole 7.50%+Thiamethoxam7.50%w/w OD,,empty,EMPTY,,,,,,,,empty,EMPTY,,,,,,,,,False,not_applicable,,crop_blank
insecticides_20260331.pdf,67,4,,Transplanted  Rice,,False,False,Chlorantraniliprole 7.50%+Thiamethoxam7.50%w/w OD,Stem borer  (Scirpophaga  incertulas)   Whorl maggot  (Hydrellia sasakii),free_text,COMPOUND,free_text,,,,,,36 + 36,unparseable,BARE_NUMBER,,,,,,,480,95,False,resolved,95,crop_out_of_scope
insecticides_20260331.pdf,67,5,,,,False,False,Chlorpyrifos 50%+Cypermethrin 05%EC,,empty,EMPTY,,,,,,,,empty,EMPTY,,,,,,,,,False,not_applicable,,crop_blank
insecticides_20260331.pdf,67,7,,Rice (Paddy),,False,False,Chlorpyrifos 50%+Cypermethrin 05%EC,"Stem borer, Leaf  folder",free_text,COMPOUND,free_text,,,,,,312 +32,unparseable,BARE_RANGE,,,,,,,625 –750,15,False,resolved,15,crop_out_of_scope
insecticides_20260331.pdf,67,8,,Brinjal,,False,False,Chlorpyrifos 50%+Cypermethrin 05%EC,Shoot & Fruit Borer,free_text,COMPOUND,free_text,,,,,,500+50,unparseable,BARE_NUMBER,,,,,,,1000,7,False,resolved,7,crop_out_of_scope
insecticides_20260331.pdf,67,9,,Cabbage,,False,False,Chlorpyrifos 50%+Cypermethrin 05%EC,Diamond Back Moth,free_text,COMPOUND,free_text,,,,,,375+37.5,unparseable,BARE_NUMBER,,,,,,,750,5,False,resolved,5,crop_out_of_scope
insecticides_20260331.pdf,67,10,,Okra,,False,False,Chlorpyrifos 50%+Cypermethrin 05%EC,Fruit borer (Earias  vitella),free_text,COMPOUND,free_text,,,,,,500+50,unparseable,BARE_NUMBER,,,,,,,1000,10,False,resolved,10,crop_out_of_scope
insecticides_20260331.pdf,67,11,,,,False,False,Chlorpyriphos 16% +Alphacypermethrin01%EC,,empty,EMPTY,,,,,,,,empty,EMPTY,,,,,,,,,False,not_applicable,,crop_blank
insecticides_20260331.pdf,68,1,,,,False,False,Clothianidin 3.5%+Pyriproxyfen 8% SE,,empty,EMPTY,,,,,,,,empty,EMPTY,,,,,,,,,False,not_applicable,,crop_blank
insecticides_20260331.pdf,68,2,,Brinjal,,False,False,Clothianidin 3.5%+Pyriproxyfen 8% SE,"Whitefly, Jassid,  Thrips and Aphids",free_text,COMPOUND,free_text,,,,,,44+100,unparseable,BARE_NUMBER,,,,,,,1250,3,False,resolved,3,crop_out_of_scope
insecticides_20260331.pdf,68,4,,,,False,False,Cyantraniliprole 7.3% w/w + Diafenthiuron 36.4% w/w SC  (Cyantraniliprole 8% w/v + Diafenthiuron 40% w/v SC)  (Cyantraniliprole 80 g/L + Diafenthiuron 400 g/L – 480 SC),,empty,EMPTY,,,,,,,,empty,EMPTY,,,,,,,,,False,not_applicable,,crop_blank
insecticides_20260331.pdf,68,6,,Chilli,,False,False,Cyantraniliprole 7.3% w/w + Diafenthiuron 36.4% w/w SC  (Cyantraniliprole 8% w/v + Diafenthiuron 40% w/v SC)  (Cyantraniliprole 80 g/L + Diafenthiuron 400 g/L – 480 SC),"Thrips, Mites,  Whitefly,  Fruit borer",free_text,COMPOUND,free_text,,,,,,300 (50 + 250),unparseable,BARE_NUMBER,,,,,,,625,5,False,resolved,5,crop_out_of_scope
insecticides_20260331.pdf,68,7,,,,False,False,Cyantraniliprole 10%w/w + Pymetrozine 50%w/w WG,,empty,EMPTY,,,,,,,,empty,EMPTY,,,,,,,,,False,not_applicable,,crop_blank
insecticides_20260331.pdf,68,8,,Rice,,False,False,Cyantraniliprole 10%w/w + Pymetrozine 50%w/w WG,"Stem borer, Leaf  Folder, Brown  Plant Hopper",numeric,BARE_NUMBER,per_ha,180.0,72.8421,,,g,180,unparseable,BARE_NUMBER,,,,,,,300,43,False,resolved,43,crop_out_of_scope
insecticides_20260331.pdf,68,9,,,,False,False,Cyantraniliprole 16.9% + Lufenuron 16.9% w/w SC,,empty,EMPTY,,,,,,,,empty,EMPTY,,,,,,,,,False,not_applicable,,crop_blank
insecticides_20260331.pdf,68,10,,Rice,,False,False,Cyantraniliprole 16.9% + Lufenuron 16.9% w/w SC,"Stem borer, Leaf  folder",free_text,COMPOUND,free_text,,,,,,20 (10+10),unparseable,BARE_NUMBER,,,,,,,50,39,False,resolved,39,crop_out_of_scope
insecticides_20260331.pdf,68,12,,Maize,,False,False,Cyantraniliprole 16.9% + Lufenuron 16.9% w/w SC,Fall Army Worm:  Spodoptera  frugiperda Stem  borer: Chilo  partellus /  Sesamia inferans,free_text,COMPOUND,free_text,,,,,,60 (30+30),unparseable,BARE_NUMBER,,,,,,,150,44,False,resolved,44,crop_out_of_scope
insecticides_20260331.pdf,69,1,,,,False,False,CYANTRANILIPROLE 19.8%w/w + THIAMETHOXAM 19.8%w/w FS,,empty,EMPTY,,,,,,,,empty,EMPTY,,,,,,,,,False,not_applicable,,crop_blank
insecticides_20260331.pdf,69,2,,Maize,,False,False,CYANTRANILIPROLE 19.8%w/w + THIAMETHOXAM 19.8%w/w FS,"Shoot fly, Stem  borer, Cut worms,  Aphids",free_text,COMPOUND,free_text,,,,,,1.58 (Cyantraniliprole  0.79 + Thiamethoxam  0.79),unparseable,BARE_NUMBER,,,,,,,4,,True,not_applicable,Single application by seed  treatment before sowing.,crop_out_of_scope
insecticides_20260331.pdf,69,3,,Maize,,False,False,CYANTRANILIPROLE 19.8%w/w + THIAMETHOXAM 19.8%w/w FS,Fall Army Worm  (Spodoptera  frugiperda),free_text,COMPOUND,free_text,,,,,,2.38 (Cyantranilip role  1.19 + Thiamethoxa m  1.19),unparseable,BARE_NUMBER,,,,,,,6,,False,not_applicable,,crop_out_of_scope
insecticides_20260331.pdf,69,4,,,,False,False,Cypermethrin 10%+ Indoxacarb 10% w/w SC,,empty,EMPTY,,,,,,,,empty,EMPTY,,,,,,,,,False,not_applicable,,crop_blank
insecticides_20260331.pdf,69,6,,Rice,,False,False,Cypermethrin 10%+ Indoxacarb 10% w/w SC,Yellow stem Borer,free_text,COMPOUND,free_text,,,,,,25 + 25,unparseable,BARE_NUMBER,,,,,,,250,37,False,resolved,37,crop_out_of_scope
insecticides_20260331.pdf,69,7,,Rice,,False,False,Cypermethrin 10%+ Indoxacarb 10% w/w SC,Leaf Folder,free_text,COMPOUND,free_text,,,,,,37.5+37.5,unparseable,BARE_NUMBER,,,,,,,375,,False,not_applicable,,crop_out_of_scope
insecticides_20260331.pdf,69,8,,,,False,False,Indoxacarb 16% (12% S-Isomer + 4% R-Isomer) + Chlorantraniliprole 12% w/v OD,,empty,EMPTY,,,,,,,,empty,EMPTY,,,,,,,,,False,not_applicable,,crop_blank
insecticides_20260331.pdf,69,9,,Cabbage,,False,False,Indoxacarb 16% (12% S-Isomer + 4% R-Isomer) + Chlorantraniliprole 12% w/v OD,Diamond Back  moth (Plutella  xylostella),free_text,COMPOUND,free_text,,,,,,24 + 24,unparseable,BARE_NUMBER,,,,,,,200,26,False,resolved,26 days,crop_out_of_scope
insecticides_20260331.pdf,69,12,,,,False,False,Cypermethrin 3%+ Quinalphos 20 % EC,,empty,EMPTY,,,,,,,,empty,EMPTY,,,,,,,,,False,not_applicable,,crop_blank
insecticides_20260331.pdf,69,13,,Brinjal,,False,False,Cypermethrin 3%+ Quinalphos 20 % EC,Shoot &Fruit borer,empty,NULL_MARKER,,,,,,,-,unparseable,BARE_RANGE,,,,,,,350 –400,7,False,resolved,07,crop_out_of_scope
insecticides_20260331.pdf,69,15,,,,False,False,Deltamethrin 00.72%+Buprofezin05.65%w/w EC,,empty,EMPTY,,,,,,,,empty,EMPTY,,,,,,,,,False,not_applicable,,crop_blank
insecticides_20260331.pdf,69,16,,Rice (Paddy),,False,False,Deltamethrin 00.72%+Buprofezin05.65%w/w EC,"Brown plant hopper,  Leaf folder",free_text,COMPOUND,free_text,,,,,,0.78 +62.50-  0.94 +75.00,free_text,COMPOUND,free_text,,,,,,1250  +1500,30,False,resolved,30,crop_out_of_scope
insecticides_20260331.pdf,69,17,,,,False,False,Diafenthiuron 40.1% +Acetamiprid 3.9%w/w WP,,empty,EMPTY,,,,,,,,empty,EMPTY,,,,,,,,,False,not_applicable,,crop_blank
insecticides_20260331.pdf,69,19,,Chilli,,False,False,Diafenthiuron 40.1% +Acetamiprid 3.9%w/w WP,"Thrips, Mites and Whitefly",free_text,COMPOUND,free_text,,,,,,(200.5 + 19.5 – (240.6 + 23.4),unparseable,BARE_RANGE,,,,,,,500 - 600,21,False,resolved,21,crop_out_of_scope
insecticides_20260331.pdf,70,1,,,,False,False,Diafenthiuron 47% +Bifenthrin9.4%w/w SC,,empty,EMPTY,,,,,,,,empty,EMPTY,,,,,,,,,False,not_applicable,,crop_blank
insecticides_20260331.pdf,70,3,,Chilli,,False,False,Diafenthiuron 47% +Bifenthrin9.4%w/w SC,"Thrips (Scirtothrips  dorsalis), Aphids  (Aphis gossypii)",free_text,COMPOUND,free_text,,,,,,293.75 +58.7,unparseable,BARE_NUMBER,,,,,,,625,7,False,resolved,07,crop_out_of_scope
insecticides_20260331.pdf,70,4,,,,False,False,Diafenthiuron 48% + Dinotefuran 8% WG,,empty,EMPTY,,,,,,,,empty,EMPTY,,,,,,,,,False,not_applicable,,crop_blank
insecticides_20260331.pdf,70,6,,Brinjal,,False,False,Diafenthiuron 48% + Dinotefuran 8% WG,"Thrips (Thrips palmi),  Jassids (Amrasca  bigutulla bigutulla),  Whiteflies (Bemisia  tabaci), Mites  (Tetranychus urticae)",free_text,COMPOUND,free_text,,,,,,300 + 50,unparseable,BARE_NUMBER,,,,,,,625,3,False,resolved,03,crop_out_of_scope
insecticides_20260331.pdf,70,7,,,,False,False,Diafenthiuron 18% + Fipronil 8% + Dinotefuran 5% w/w SC,,empty,EMPTY,,,,,,,,empty,EMPTY,,,,,,,,,False,not_applicable,,crop_blank
insecticides_20260331.pdf,70,8,,Chilli,,False,False,Diafenthiuron 18% + Fipronil 8% + Dinotefuran 5% w/w SC,Thrips (Scirtothrips  dorsalis) Fruit borers  (Helicoverpa  armigera and  Spodoptera litura),free_text,COMPOUND,free_text,,,,,,157.50 + 70.00 +  43.75,unparseable,BARE_NUMBER,,,,,,,875,28,False,resolved,28,crop_out_of_scope
insecticides_20260331.pdf,70,9,,,,False,False,Diafenthiuron 30% + Pyriproxyfen 8% w/w SC,,empty,EMPTY,,,,,,,,empty,EMPTY,,,,,,,,,False,not_applicable,,crop_blank
insecticides_20260331.pdf,70,10,,Chilli,,False,False,Diafenthiuron 30% + Pyriproxyfen 8% w/w SC,Mites & Whitefly,free_text,COMPOUND,free_text,,,,,,300+80,unparseable,BARE_NUMBER,,,,,,,1000,3,False,resolved,3,crop_out_of_scope
insecticides_20260331.pdf,70,12,,,,False,False,Dimethoate 20% (w/w) + Cypermethrin 3% (w/w) EC,,empty,EMPTY,,,,,,,,empty,EMPTY,,,,,,,,,False,not_applicable,,crop_blank
insecticides_20260331.pdf,70,13,,Brinjal,,False,False,Dimethoate 20% (w/w) + Cypermethrin 3% (w/w) EC,"Shoot and fruit borer  (Leucinodes orbonalis),  Jassids (Amrasca  biguttula biguttula) and  Epilachana Beetle  (Henosepilachna  vigintioctopunctata)",free_text,COMPOUND,free_text,,,,,,122.9 + 18.4  (141.3),unparseable,BARE_NUMBER,,,,,,,800,7,False,resolved,7,crop_out_of_scope
insecticides_20260331.pdf,71,0,,,,False,False,Dinotefuran 4 % + Acephate 50% w/w/ SG,,empty,EMPTY,,,,,,,,empty,EMPTY,,,,,,,,,False,not_applicable,,crop_blank
insecticides_20260331.pdf,71,1,,Rice,,False,False,Dinotefuran 4 % + Acephate 50% w/w/ SG,Brown Plant Hopper  & white Backed Plant  Hopper,free_text,COMPOUND,free_text,,,,,,35 +400,unparseable,BARE_NUMBER,,,,,,,500,28,False,resolved,28,crop_out_of_scope
insecticides_20260331.pdf,71,3,,,,False,False,Dinotefuran 5% + Ethion 50% EC,,empty,EMPTY,,,,,,,,empty,EMPTY,,,,,,,,,False,not_applicable,,crop_blank
insecticides_20260331.pdf,71,4,,Rice,,False,False,Dinotefuran 5% + Ethion 50% EC,"Brown plant hopper,  White backed Plant  hopper, Green leaf  hopper and Leaf folder",free_text,COMPOUND,free_text,,,,,,50 + 500,unparseable,BARE_NUMBER,,,,,,,1000,33,False,resolved,33,crop_out_of_scope
insecticides_20260331.pdf,71,5,,,,False,False,Dinotefuran 11% + Pymetrozine 36% WG,,empty,EMPTY,,,,,,,,empty,EMPTY,,,,,,,,,False,not_applicable,,crop_blank
insecticides_20260331.pdf,71,6,,Paddy,,False,False,Dinotefuran 11% + Pymetrozine 36% WG,"Brown plant hopper  (Nilparvata lugens),  White backed plant  hoppers (Sogatella  furcifera)",numeric,BARE_NUMBER,per_ha,164.5,66.5695,,,g,164.5,unparseable,BARE_NUMBER,,,,,,,350,36,False,resolved,36,crop_out_of_scope
insecticides_20260331.pdf,71,7,,,,False,False,Dinotefuran 15 % + Pymetrozine 45% WG,,empty,EMPTY,,,,,,,,empty,EMPTY,,,,,,,,,False,not_applicable,,crop_blank
insecticides_20260331.pdf,71,8,,Rice,,False,False,Dinotefuran 15 % + Pymetrozine 45% WG,"Brown Plant Hopper,  White Backed Plant  Hopper, Green Leaf  Hopper, Rice Ear  Head Bug",numeric,BARE_NUMBER,per_ha,200.0,80.9356,,,g,200,unparseable,BARE_NUMBER,,,,,,,333,24,False,resolved,24,crop_out_of_scope
insecticides_20260331.pdf,71,9,,,,False,False,Dinotefuran 12%+Thiamethoxam 22.5%+Pymetrozine 30% w/w WG,,empty,EMPTY,,,,,,,,empty,EMPTY,,,,,,,,,False,not_applicable,,crop_blank
insecticides_20260331.pdf,71,10,,Paddy (Rice),,False,False,Dinotefuran 12%+Thiamethoxam 22.5%+Pymetrozine 30% w/w WG,"Brown planthopper,  Nilaparvatalugens  (Stal) White backed  planthopper,  Sogatellafurcifera  (Horvath)",free_text,COMPOUND,free_text,,,,,,42.00 + 78.75  +105.00,unparseable,BARE_NUMBER,,,,,,,350,18,False,resolved,18,crop_out_of_scope
insecticides_20260331.pdf,71,11,,,,False,False,Emamectin benzoate 1.9% + Chlorantraniliprole 5 % + Deltamethrin 1 % w/w EC,,empty,EMPTY,,,,,,,,empty,EMPTY,,,,,,,,,False,not_applicable,,crop_blank
insecticides_20260331.pdf,71,12,,Chilli,,False,False,Emamectin benzoate 1.9% + Chlorantraniliprole 5 % + Deltamethrin 1 % w/w EC,Thrips (Scirtothrips  dorsalis) Mites  (Polyphagotarsonem us latus) Fruit borers  (Helicoverpa  armigera and  Spodoptera litura),free_text,COMPOUND,free_text,,,,,,7.13 + 18.75 +  3.75,unparseable,BARE_NUMBER,,,,,,,375,28,False,resolved,28,crop_out_of_scope
insecticides_20260331.pdf,71,13,,,,False,False,Emamectin Benzoate 1.1% + Diafenthiuron 30 % SC,,empty,EMPTY,,,,,,,,empty,EMPTY,,,,,,,,,False,not_applicable,,crop_blank
insecticides_20260331.pdf,72,1,,Brinjal,,False,False,Emamectin Benzoate 1.1% + Diafenthiuron 30 % SC,"Aphids, Thrips,  Whitefly, red Spider  Mites, Shoot borer  and fruit borer",free_text,COMPOUND,free_text,,,,,,11 + 300,unparseable,BARE_NUMBER,,,,,,,1000,8,False,resolved,08,crop_out_of_scope
insecticides_20260331.pdf,72,2,,,,False,False,Emamectin Benzoate 01.50 %+ Fipronil 03.50% SC,,empty,EMPTY,,,,,,,,empty,EMPTY,,,,,,,,,False,not_applicable,,crop_blank
insecticides_20260331.pdf,72,3,,Chilli,,False,False,Emamectin Benzoate 01.50 %+ Fipronil 03.50% SC,"Thrips, Fruit borer",free_text,COMPOUND,free_text,,,,,,07.5 + 17.5-  11.25 + 26.25,unparseable,BARE_RANGE,,,,,,,500 – 750,,False,raised,03 (day) or 48 (Hrs) Re-  entry period after each  application,crop_out_of_scope
insecticides_20260331.pdf,72,4,,,,False,False,Emamectin Benzoate 3.5% (w/w) + Lambda Cyhalothrin 5% (w/w) WP,,empty,EMPTY,,,,,,,,empty,EMPTY,,,,,,,,,False,not_applicable,,crop_blank
insecticides_20260331.pdf,72,5,,Chilli,,False,False,Emamectin Benzoate 3.5% (w/w) + Lambda Cyhalothrin 5% (w/w) WP,"Fruit borer  (Helicoverpa  armigera), Thrips  (Thrips tabaci), Mites  (Tetranychus urticae)",free_text,COMPOUND,free_text,,,,,,8.75 + 12.5,unparseable,BARE_NUMBER,,,,,,,250,7,False,resolved,7,crop_out_of_scope
insecticides_20260331.pdf,72,6,,,,False,False,Emamectin Benzoate 1.25% + Lambda Cyhalothrin 1.5% + Bifenthrin 4.5% EC,,empty,EMPTY,,,,,,,,empty,EMPTY,,,,,,,,,False,not_applicable,,crop_blank
insecticides_20260331.pdf,72,7,,Paddy (  Rice),,False,False,Emamectin Benzoate 1.25% + Lambda Cyhalothrin 1.5% + Bifenthrin 4.5% EC,Stem borer and leaf  folder,free_text,COMPOUND,free_text,,,,,,(9.375 + 11.25 + 33.75)  = 54.375,unparseable,BARE_NUMBER,,,,,,,750,17,False,resolved,17,crop_out_of_scope
insecticides_20260331.pdf,72,8,,,,False,False,Emamectin benzoate 5% w/w+ Lufenuron 40%w/w WG,,empty,EMPTY,,,,,,,,empty,EMPTY,,,,,,,,,False,not_applicable,,crop_blank
insecticides_20260331.pdf,72,9,,Cauliflower,,False,False,Emamectin benzoate 5% w/w+ Lufenuron 40%w/w WG,Diamond Back Moth  (Plutella xylostella)  Fruit borer  (Spodoptera litura &  Helicoverpa armigera),free_text,COMPOUND,free_text,,,,,,27 (Emamectin benzoate  3.0+Lufenuron24.0),unparseable,BARE_NUMBER,,,,,,,60,3,False,resolved,03,crop_out_of_scope
insecticides_20260331.pdf,72,10,,Chilli,,False,False,Emamectin benzoate 5% w/w+ Lufenuron 40%w/w WG,"Fruit borer  (Spodoptera litura &  Helicoverpa armigera),  Thrips (Scritothrips  dorsalis), Mites  (Polypagotarsonemus  latus)",free_text,COMPOUND,free_text,,,,,,27 (Emamectin  benzoate 3.0 +  Lufenuron 24.0),unparseable,BARE_NUMBER,,,,,,,60,3,False,resolved,03,crop_out_of_scope
insecticides_20260331.pdf,72,11,,Maize,,False,False,Emamectin benzoate 5% w/w+ Lufenuron 40%w/w WG,Fall Army Worm  and Stem borer,free_text,COMPOUND,free_text,,,,,,36 (Emamectin  benzoate 4.0 +  Lufenuron 32.0),unparseable,BARE_NUMBER,,,,,,,80,36,False,resolved,36,crop_out_of_scope
insecticides_20260331.pdf,72,12,,Tea,,False,False,Emamectin benzoate 5% w/w+ Lufenuron 40%w/w WG,"Looper, Thrips &  Leaf roller",free_text,COMPOUND,free_text,,,,,,27 (Emamectin  benzoate  3.0+Lufenuron 24.0),unparseable,BARE_NUMBER,,,,,,,60,7,False,resolved,7,crop_out_of_scope
insecticides_20260331.pdf,73,1,,Brinjal,,False,False,Emamectin benzoate 5% w/w+ Lufenuron 40%w/w WG,Shoot & Fruit borer,free_text,COMPOUND,free_text,,,,,,27 (Emamectin  benzoate3.0+Lufenuro n24.0),unparseable,BARE_NUMBER,,,,,,,60,5,False,resolved,5,crop_out_of_scope
insecticides_20260331.pdf,73,2,,,,False,False,Emamectin Benzoate 2.2% + Permethrin 15.3 % EC,,empty,EMPTY,,,,,,,,empty,EMPTY,,,,,,,,,False,not_applicable,,crop_blank
insecticides_20260331.pdf,73,3,,Maize,,False,False,Emamectin Benzoate 2.2% + Permethrin 15.3 % EC,Spodoptera  frugiperda (FAW),free_text,COMPOUND,free_text,,,,,,16.5 + 114.75,unparseable,BARE_NUMBER,,,,,,,750,,False,not_applicable,-,crop_out_of_scope
insecticides_20260331.pdf,73,4,,,,False,False,Emamectin Benzoate 1.5% + Profenofos 35% w/w WDG,,empty,EMPTY,,,,,,,,empty,EMPTY,,,,,,,,,False,not_applicable,,crop_blank
insecticides_20260331.pdf,73,6,,Chilli,,False,False,Emamectin Benzoate 1.5% + Profenofos 35% w/w WDG,"Yellow Mites,  Thrips and Fruit  Borer",free_text,COMPOUND,free_text,,,,,,10.5+245,unparseable,BARE_NUMBER,,,,,,,700,7,False,resolved,7,crop_out_of_scope
insecticides_20260331.pdf,73,7,,Maize,,False,False,Emamectin Benzoate 1.5% + Profenofos 35% w/w WDG,Fall armyworm,free_text,COMPOUND,free_text,,,,,,11.25+262.5,unparseable,BARE_NUMBER,,,,,,,750,35,False,resolved,35,crop_out_of_scope
insecticides_20260331.pdf,73,8,,,,False,False,Emamectin Benzoate 3.8% (w/w) + Thiamethoxam 20% (w/w) WDG,,empty,EMPTY,,,,,,,,empty,EMPTY,,,,,,,,,False,not_applicable,,crop_blank
insecticides_20260331.pdf,73,9,,Okra,,False,False,Emamectin Benzoate 3.8% (w/w) + Thiamethoxam 20% (w/w) WDG,"Aphid (Aphis  gossypii), Jassid  (Amrasca devastans),  Whitefly (Bemisia  tabaci), Shoot and  fruit borer (Earias  vittela).",free_text,COMPOUND,free_text,,,,,,3.8 + 20,unparseable,BARE_NUMBER,,,,,,,100,5,False,resolved,5,crop_out_of_scope
insecticides_20260331.pdf,73,10,,,,False,False,Emamectin Benzoate 3% + Thiamethoxam 12% WG,,empty,EMPTY,,,,,,,,empty,EMPTY,,,,,,,,,False,not_applicable,,crop_blank
insecticides_20260331.pdf,73,11,,Chilli,,False,False,Emamectin Benzoate 3% + Thiamethoxam 12% WG,Fruit borer  (Helicoverpa  armigera) and Thrips  (Scirtothrips  dorsalis),free_text,COMPOUND,free_text,,,,,,6 + 24,unparseable,BARE_NUMBER,,,,,,,200,3,False,resolved,3,crop_out_of_scope
insecticides_20260331.pdf,73,12,,Green gram,,False,False,Emamectin Benzoate 3% + Thiamethoxam 12% WG,Pod borer  (Helicoverpa  armigera) and Leaf  hopper (Empoasca  kerri),free_text,COMPOUND,free_text,,,,,,6 + 24,unparseable,BARE_NUMBER,,,,,,,200,15,False,resolved,15,crop_out_of_scope
insecticides_20260331.pdf,73,13,,Tea,,False,False,Emamectin Benzoate 3% + Thiamethoxam 12% WG,"Tea Mosquito bug,  Tea Looper",free_text,COMPOUND,free_text,,,,,,(4.5 + 18.0) – (6 + 24),unparseable,BARE_RANGE,,,,,,,150 - 200,7,False,resolved,7,crop_out_of_scope
insecticides_20260331.pdf,73,14,,,,False,False,Ethion 40% +Cypermethrin 05%w/w EC,,empty,EMPTY,,,,,,,,empty,EMPTY,,,,,,,,,False,not_applicable,,crop_blank
insecticides_20260331.pdf,73,16,,Chilli,,False,False,Ethion 40% +Cypermethrin 05%w/w EC,Mites and Thrips,free_text,COMPOUND,free_text,,,,,,600 + 75,unparseable,BARE_NUMBER,,,,,,,1500,10,False,resolved,10,crop_out_of_scope
insecticides_20260331.pdf,74,0,,,,False,False,Ethiprole 40%+Imidacloprid 40%WG,,empty,EMPTY,,,,,,,,empty,EMPTY,,,,,,,,,False,not_applicable,,crop_blank
insecticides_20260331.pdf,74,1,,Rice(Paddy),,False,False,Ethiprole 40%+Imidacloprid 40%WG,Brown plant  hopper,free_text,COMPOUND,free_text,,,,,,37.50 +37.50,unparseable,BARE_NUMBER,,,,,,,93.75,15,False,resolved,15,crop_out_of_scope
insecticides_20260331.pdf,74,2,,Rice(Paddy),,False,False,Ethiprole 40%+Imidacloprid 40%WG,White backed  plant hopper,free_text,COMPOUND,free_text,,,,,,50 +50,unparseable,BARE_NUMBER,,,,,,,125,15,False,resolved,15,crop_out_of_scope
insecticides_20260331.pdf,74,3,,,,False,False,Ethiprole 10.7% + Pymetrozine 40% WG,,empty,EMPTY,,,,,,,,empty,EMPTY,,,,,,,,,False,not_applicable,,crop_blank
insecticides_20260331.pdf,74,4,,Rice,,False,False,Ethiprole 10.7% + Pymetrozine 40% WG,Brown plant  hopper & White  backed plant  hopper,free_text,COMPOUND,free_text,,,,,,40.12+150 to 45.48+170,unparseable,BARE_RANGE,,,,,,,375- 425,27,False,resolved,27,crop_out_of_scope
insecticides_20260331.pdf,74,5,,,,False,False,Etoxazole 6% + Abamectin 1.5% SC,,empty,EMPTY,,,,,,,,empty,EMPTY,,,,,,,,,False,not_applicable,,crop_blank
insecticides_20260331.pdf,74,6,,Tea,,False,False,Etoxazole 6% + Abamectin 1.5% SC,"Red Spider Mite,  Purple Mite,  Scarlet Mite",free_text,COMPOUND,free_text,,,,,,33.75 (27 + 6.75),unparseable,BARE_NUMBER,,,,,,,450,3,False,resolved,3,crop_out_of_scope
insecticides_20260331.pdf,74,7,,Brinjal,,False,False,Etoxazole 6% + Abamectin 1.5% SC,Red Spider Mite,free_text,COMPOUND,free_text,,,,,,33.75 (27 + 6.75),unparseable,BARE_NUMBER,,,,,,,450,5,False,resolved,5,crop_out_of_scope
insecticides_20260331.pdf,74,8,,,,False,False,Fenazaquin 10% + Bifenthrin 4% EC,,empty,EMPTY,,,,,,,,empty,EMPTY,,,,,,,,,False,not_applicable,,crop_blank
insecticides_20260331.pdf,74,10,,Tea,,False,False,Fenazaquin 10% + Bifenthrin 4% EC,"Red Spider mite  (Oligonychus  coffeae),  Mosquito Bug  (Helopeltis  theivora)",free_text,COMPOUND,free_text,,,,,,100+40,unparseable,BARE_NUMBER,,,,,,,1000,7,False,resolved,7,crop_out_of_scope
insecticides_20260331.pdf,74,12,,,,False,False,Fenobucarb 20%+Buprofezin 05%w/w SE,,empty,EMPTY,,,,,,,,empty,EMPTY,,,,,,,,,False,not_applicable,,crop_blank
insecticides_20260331.pdf,74,13,,Paddy  (Rice),,False,False,Fenobucarb 20%+Buprofezin 05%w/w SE,"Brown plant  hopper, Green leaf  hopper",free_text,COMPOUND,free_text,,,,,,400 +100,unparseable,BARE_NUMBER,,,,,,,2000,30,False,resolved,30,crop_out_of_scope
insecticides_20260331.pdf,74,14,,,,False,False,Fenobucarb 22.5% + Buprofezin 11.25% + Acephate 2.5% ME,,empty,EMPTY,,,,,,,,empty,EMPTY,,,,,,,,,False,not_applicable,,crop_blank
insecticides_20260331.pdf,74,15,,Paddy,,False,False,Fenobucarb 22.5% + Buprofezin 11.25% + Acephate 2.5% ME,"Brown plant  hopper, Green  leaf hopper &  White Backed  Plant Hopper",free_text,COMPOUND,free_text,,,,,,393.75 + 196.875 + 43.75,unparseable,BARE_NUMBER,,,,,,,1750,25,False,resolved,25,crop_out_of_scope
insecticides_20260331.pdf,74,16,,,,False,False,Fipronil 5% + Buprofezin 20% SC,,empty,EMPTY,,,,,,,,empty,EMPTY,,,,,,,,,False,not_applicable,,crop_blank
insecticides_20260331.pdf,74,17,,Chilli,,False,False,Fipronil 5% + Buprofezin 20% SC,Thrips,free_text,COMPOUND,free_text,,,,,,37.5+150,unparseable,BARE_NUMBER,,,,,,,750,5,False,resolved,5,crop_out_of_scope
insecticides_20260331.pdf,75,0,,Chilli,,False,False,Fipronil 5% + Buprofezin 20% SC,Fruit Borer,free_text,COMPOUND,free_text,,,,,,50+200,unparseable,BARE_NUMBER,,,,,,,1000,,False,not_applicable,,crop_out_of_scope
insecticides_20260331.pdf,75,2,,Rice,,False,False,Fipronil 5% + Buprofezin 20% SC,Brown Plant  Hopper,free_text,COMPOUND,free_text,,,,,,25 + 100,unparseable,BARE_NUMBER,,,,,,,500,20,False,resolved,20,crop_out_of_scope
insecticides_20260331.pdf,75,3,,Rice,,False,False,Fipronil 5% + Buprofezin 20% SC,"Yellow Stem  Borer, Leaf  Folder",free_text,COMPOUND,free_text,,,,,,50 + 200,unparseable,BARE_NUMBER,,,,,,,1000,,False,not_applicable,,crop_out_of_scope
insecticides_20260331.pdf,75,4,,,,False,False,Fipronil 15% + Chlorantraniliprole 5% w/v SC,,empty,EMPTY,,,,,,,,empty,EMPTY,,,,,,,,,False,not_applicable,,crop_blank
insecticides_20260331.pdf,75,5,,Rice,,False,False,Fipronil 15% + Chlorantraniliprole 5% w/v SC,"Stem borer, Leaf  folder",free_text,COMPOUND,free_text,,,,,,75 + 25,unparseable,BARE_NUMBER,,,,,,,500,49,False,resolved,49,crop_out_of_scope
insecticides_20260331.pdf,75,6,,,,False,False,Fipronil 15% + Deltamethrin 2.5% w/v SC,,empty,EMPTY,,,,,,,,empty,EMPTY,,,,,,,,,False,not_applicable,,crop_blank
insecticides_20260331.pdf,75,8,,,,False,False,Fipronil 10% + Diafenthiuron 30% w/w WG,,empty,EMPTY,,,,,,,,empty,EMPTY,,,,,,,,,False,not_applicable,,crop_blank
insecticides_20260331.pdf,75,10,,,,False,False,FIPRONIL 12.5% + LAMBDA-CYHALOTHRIN 5% ZC,,empty,EMPTY,,,,,,,,empty,EMPTY,,,,,,,,,False,not_applicable,,crop_blank
insecticides_20260331.pdf,75,12,,Chilli,,False,False,FIPRONIL 12.5% + LAMBDA-CYHALOTHRIN 5% ZC,"Thrips, Aphids &  Fruit borer  (Helicoverpa  armigera)",free_text,COMPOUND,free_text,,,,,,50 +20,unparseable,BARE_NUMBER,,,,,,,400,7,False,resolved,7,crop_out_of_scope
insecticides_20260331.pdf,75,15,,,,False,False,Fipronil 2.50% + Propargite 35.00% SE,,empty,EMPTY,,,,,,,,empty,EMPTY,,,,,,,,,False,not_applicable,,crop_blank
insecticides_20260331.pdf,75,16,,Chilli,,False,False,Fipronil 2.50% + Propargite 35.00% SE,"Aphids, thrips,  mites & Fruit Borer",free_text,COMPOUND,free_text,,,,,,50 + 700,unparseable,BARE_NUMBER,,,,,,,2000,20,False,resolved,20,crop_out_of_scope
insecticides_20260331.pdf,76,1,,,,False,False,Flubendiamide 04%+Buprofezin 20%w/w SC,,empty,EMPTY,,,,,,,,empty,EMPTY,,,,,,,,,False,not_applicable,,crop_blank
insecticides_20260331.pdf,76,2,,Paddy(Rice),,False,False,Flubendiamide 04%+Buprofezin 20%w/w SC,"Yellow stem  borer, Leaf  folder, Brown  plant hopper",free_text,COMPOUND,free_text,,,,,,35 +175,free_text,COMPOUND,free_text,,,,,,175  +700,30,False,resolved,30,crop_out_of_scope
insecticides_20260331.pdf,76,3,,,,False,False,Flubendiamide 8.33%+Deltamethrin 5.56% w/w SC,,empty,EMPTY,,,,,,,,empty,EMPTY,,,,,,,,,False,not_applicable,,crop_blank
insecticides_20260331.pdf,76,5,,Cucumber,,False,False,Flubendiamide 8.33%+Deltamethrin 5.56% w/w SC,"Cucumber  beetle, Fruit  fly",free_text,COMPOUND,free_text,,,,,,18 +12-  22.50 +15,unparseable,BARE_RANGE,,,,,,,200 – 250,5,False,resolved,05,crop_out_of_scope
insecticides_20260331.pdf,76,6,,Rice,,False,False,Flubendiamide 8.33%+Deltamethrin 5.56% w/w SC,Leaf folder  (Cnaphalocrocis  medinalis) and  Hispa (Dicladispa  armigera),free_text,COMPOUND,free_text,,,,,,27+18,unparseable,BARE_NUMBER,,,,,,,300,35,False,resolved,35,crop_out_of_scope
insecticides_20260331.pdf,76,7,,Chilli`,,False,False,Flubendiamide 8.33%+Deltamethrin 5.56% w/w SC,Thrips  (Scirtothrips  dorsalis) and Fruit  borer (Helicoverpa  armigera and  Spodoptera litura),free_text,COMPOUND,free_text,,,,,,36+24,unparseable,BARE_NUMBER,,,,,,,400,5,False,resolved,5,crop_out_of_scope
insecticides_20260331.pdf,76,9,,,,False,False,Flubendiamide 03.50%+Hexaconazole 05%w/w WG,,empty,EMPTY,,,,,,,,empty,EMPTY,,,,,,,,,False,not_applicable,,crop_blank
insecticides_20260331.pdf,76,10,,Paddy(Rice),,False,False,Flubendiamide 03.50%+Hexaconazole 05%w/w WG,"Stem borer, Leaf  folder",free_text,COMPOUND,free_text,,,,,,35 +50,unparseable,BARE_NUMBER,,,,,,,1000,20,False,resolved,20,crop_out_of_scope
insecticides_20260331.pdf,76,11,,Groundnut,,False,False,Flubendiamide 03.50%+Hexaconazole 05%w/w WG,Spodoptera litura,free_text,COMPOUND,free_text,,,,,,52.5 + 75,unparseable,BARE_NUMBER,,,,,,,1500,31,False,resolved,31,crop_out_of_scope
insecticides_20260331.pdf,76,12,,Chilli,,False,False,Flubendiamide 03.50%+Hexaconazole 05%w/w WG,"Spodoptera litura,  Helicoverpa  armigera",free_text,COMPOUND,free_text,,,,,,52.5 + 75,unparseable,BARE_NUMBER,,,,,,,1500,10,False,resolved,10,crop_out_of_scope
insecticides_20260331.pdf,76,14,,,,False,False,Flubendiamide 07.5%+Kresoxim Methyl 37.5% w/w SC,,empty,EMPTY,,,,,,,,empty,EMPTY,,,,,,,,,False,not_applicable,,crop_blank
insecticides_20260331.pdf,76,15,,Rice,,False,False,Flubendiamide 07.5%+Kresoxim Methyl 37.5% w/w SC,Stem borer &  Leaf folder,free_text,COMPOUND,free_text,,,,,,50 +250,unparseable,BARE_NUMBER,,,,,,,667,30,False,resolved,30,crop_out_of_scope
insecticides_20260331.pdf,77,1,,,,False,False,Flubendiamide 19.92%+Thiacloprid 19.92%w/w SC,,empty,EMPTY,,,,,,,,empty,EMPTY,,,,,,,,,False,not_applicable,,crop_blank
insecticides_20260331.pdf,77,2,,Chilli,,False,False,Flubendiamide 19.92%+Thiacloprid 19.92%w/w SC,"Thrips, Fruit borer",free_text,COMPOUND,free_text,,,,,,48 +48 – 60 +60,unparseable,BARE_RANGE,,,,,,,200 –  250,5,False,resolved,05,crop_out_of_scope
insecticides_20260331.pdf,77,3,,Rice,,False,False,Flubendiamide 19.92%+Thiacloprid 19.92%w/w SC,"Yellow stem  borer, Leaf folder",free_text,COMPOUND,free_text,,,,,,60 +60,unparseable,BARE_NUMBER,,,,,,,250,33,False,resolved,33,crop_out_of_scope
insecticides_20260331.pdf,77,4,,Tea,,False,False,Flubendiamide 19.92%+Thiacloprid 19.92%w/w SC,Mosquito Bug and  Semi looper,free_text,COMPOUND,free_text,,,,,,60 + 60,unparseable,BARE_NUMBER,,,,,,,250,7,False,resolved,7,crop_out_of_scope
insecticides_20260331.pdf,77,5,,Brinjal,,False,False,Flubendiamide 19.92%+Thiacloprid 19.92%w/w SC,"Fruit & shoot  borer, Aphids,  Thrips, Jassids",free_text,COMPOUND,free_text,,,,,,84 + 84,unparseable,BARE_NUMBER,,,,,,,350,5,False,resolved,5,crop_out_of_scope
insecticides_20260331.pdf,77,6,,,,False,False,Fipronil 04%+ Acetamiprid 04%w/w SC,,empty,EMPTY,,,,,,,,empty,EMPTY,,,,,,,,,False,not_applicable,,crop_blank
insecticides_20260331.pdf,77,8,,,,False,False,Fipronil 15% + Imidacloprid 5% w/v SC,,empty,EMPTY,,,,,,,,empty,EMPTY,,,,,,,,,False,not_applicable,,crop_blank
insecticides_20260331.pdf,77,11,,,,False,False,Fipronil 40%+ Imidacloprid 40% WG,,empty,EMPTY,,,,,,,,empty,EMPTY,,,,,,,,,False,not_applicable,,crop_blank
insecticides_20260331.pdf,77,12,,Sugarcane,,False,False,Fipronil 40%+ Imidacloprid 40% WG,White grub  (Holotrichia  consanguinea),free_text,COMPOUND,free_text,,,,,,175 +175-  200 +200,unparseable,BARE_RANGE,,,,,,,437.5- 500,296,False,resolved,296,crop_out_of_scope
insecticides_20260331.pdf,77,13,,Groundnut,,False,False,Fipronil 40%+ Imidacloprid 40% WG,White Grubs  (Holotrichia  serrata),free_text,COMPOUND,free_text,,,,,,100 +100 to 120 +120,unparseable,BARE_RANGE,,,,,,,250 –300,106,False,resolved,106,crop_out_of_scope
insecticides_20260331.pdf,77,15,,Rice,,False,False,Fipronil 40%+ Imidacloprid 40% WG,"Yellow Stem Borer  (Scirpophaga  incertulas), Leaf  Folder  (Cnaphalocrocis  medinalis), Brown  Plant Hopper  (Nilparvata lugens)",free_text,COMPOUND,free_text,,,,,,40+40 – 50+50,unparseable,BARE_RANGE,,,,,,,100-125,7,False,resolved,7,crop_out_of_scope
insecticides_20260331.pdf,78,1,,Chilli,,False,False,Fipronil 40%+ Imidacloprid 40% WG,"Thrips (Scirtothrips  dorsalis), Fruit  Borer (Helicoverpa  armigera)",free_text,COMPOUND,free_text,,,,,,30+30 – 40+40,unparseable,BARE_RANGE,,,,,,,75 – 100,7,False,resolved,7,crop_out_of_scope
insecticides_20260331.pdf,78,2,,,,False,False,Fipronil 07% +Hexythiazox 02% w/w SC,,empty,EMPTY,,,,,,,,empty,EMPTY,,,,,,,,,False,not_applicable,,crop_blank
insecticides_20260331.pdf,78,3,,Chilli,,False,False,Fipronil 07% +Hexythiazox 02% w/w SC,Mites and Thrips,free_text,COMPOUND,free_text,,,,,,70 +20,unparseable,BARE_NUMBER,,,,,,,1000,7,False,resolved,07,crop_out_of_scope
insecticides_20260331.pdf,78,4,,,,False,False,Fipronil 04%+Thiamethoxam 04%w/w SC,,empty,EMPTY,,,,,,,,empty,EMPTY,,,,,,,,,False,not_applicable,,crop_blank
insecticides_20260331.pdf,78,5,,Rice,,False,False,Fipronil 04%+Thiamethoxam 04%w/w SC,"Brown Plant  Hopper, Green  Leaf Hopper&  White Backed  Plant Hopper",free_text,COMPOUND,free_text,,,,,,44 +44,unparseable,BARE_NUMBER,,,,,,,1100,45,False,resolved,45,crop_out_of_scope
insecticides_20260331.pdf,78,6,,,,False,False,Fipronil 7 % + Tolfenpyrad 15 % + Abamectin 1.25 % SC,,empty,EMPTY,,,,,,,,empty,EMPTY,,,,,,,,,False,not_applicable,,crop_blank
insecticides_20260331.pdf,78,7,,Okra,,False,False,Fipronil 7 % + Tolfenpyrad 15 % + Abamectin 1.25 % SC,"Aphids, Jassids,  Thrips, Whitefly,  Mites and Fruit  borer",free_text,COMPOUND,free_text,,,,,,52.5 + 112.5 + 9.37,unparseable,BARE_NUMBER,,,,,,,750,3,False,resolved,3,crop_out_of_scope
insecticides_20260331.pdf,78,8,,Chilli,,False,False,Fipronil 7 % + Tolfenpyrad 15 % + Abamectin 1.25 % SC,"Aphids, Thrips,  Mites and Fruit  borer",free_text,COMPOUND,free_text,,,,,,52.5 + 112.5 + 9.37,unparseable,BARE_NUMBER,,,,,,,750,10,False,resolved,10,crop_out_of_scope
insecticides_20260331.pdf,78,9,,,,False,False,Fipronil 15% + Flonicamid 15% WDG,,empty,EMPTY,,,,,,,,empty,EMPTY,,,,,,,,,False,not_applicable,,crop_blank
insecticides_20260331.pdf,78,11,,Paddy,,False,False,Fipronil 15% + Flonicamid 15% WDG,"Brown plant  hopper, green leaf  hopper, stem borer  and leaf folder",free_text,COMPOUND,free_text,,,,,,60 + 60,unparseable,BARE_NUMBER,,,,,,,400,30,False,resolved,30,crop_out_of_scope
insecticides_20260331.pdf,78,12,,,,False,False,Flonicamid 11.7% + Diafenthiuron 36% WG,,empty,EMPTY,,,,,,,,empty,EMPTY,,,,,,,,,False,not_applicable,,crop_blank
insecticides_20260331.pdf,78,15,,,,False,False,Flonicamid -20% + Fipronil- 8% SC (W/W),,empty,EMPTY,,,,,,,,empty,EMPTY,,,,,,,,,False,not_applicable,,crop_blank
insecticides_20260331.pdf,78,17,,,,False,False,Flonicamid 18% + Spirotetramat 13.5% w/w SC,,empty,EMPTY,,,,,,,,empty,EMPTY,,,,,,,,,False,not_applicable,,crop_blank
insecticides_20260331.pdf,78,19,,,,False,False,Fluxametamide 5.81% + Bifenthrin 5.81 % EC (11.62% EC w/w) (12% EC w/v),,empty,EMPTY,,,,,,,,empty,EMPTY,,,,,,,,,False,not_applicable,,crop_blank
insecticides_20260331.pdf,79,0,,Chilli,,False,False,Fluxametamide 5.81% + Bifenthrin 5.81 % EC (11.62% EC w/w) (12% EC w/v),Fruit borer  (Helicoverpa  armigera),free_text,COMPOUND,free_text,,,,,,37.5 + 37.5,unparseable,BARE_NUMBER,,,,,,,625,7,False,resolved,7,crop_out_of_scope
insecticides_20260331.pdf,79,1,,Chilli,,False,False,Fluxametamide 5.81% + Bifenthrin 5.81 % EC (11.62% EC w/w) (12% EC w/v),Thrips  (Scirtothrips  dorsalis) Whitefly  (Bemisia tabaci),free_text,COMPOUND,free_text,,,,,,30 + 30,unparseable,BARE_NUMBER,,,,,,,500,7,False,resolved,7,crop_out_of_scope
insecticides_20260331.pdf,79,4,,Brinjal,,False,False,Fluxametamide 5.81% + Bifenthrin 5.81 % EC (11.62% EC w/w) (12% EC w/v),Shoot and Fruit  Borer (Leucinodes  orbonalis),free_text,COMPOUND,free_text,,,,,,37.5 + 37.5,unparseable,BARE_NUMBER,,,,,,,625,7,False,resolved,7,crop_out_of_scope
insecticides_20260331.pdf,79,5,,Brinjal,,False,False,Fluxametamide 5.81% + Bifenthrin 5.81 % EC (11.62% EC w/w) (12% EC w/v),"Whitefly (Bemisia  tabaci), Jassid  (Amrasca bigutulla  bigutulla)",free_text,COMPOUND,free_text,,,,,,30 + 30,unparseable,BARE_NUMBER,,,,,,,500,7,False,resolved,7,crop_out_of_scope
insecticides_20260331.pdf,79,6,,,,False,False,Fluxametamide 3.8% w/w + Pyridaben 9.5 % w/w SC,,empty,EMPTY,,,,,,,,empty,EMPTY,,,,,,,,,False,not_applicable,,crop_blank
insecticides_20260331.pdf,79,7,,Brinjal,,False,False,Fluxametamide 3.8% w/w + Pyridaben 9.5 % w/w SC,Leaf hopper – Amrasca  biguttula biguttula  Thrips – Thrips palmi  Fruit & shoot Borer –  Leucinodes orbonalis  Red spider mite –  Tetranychus urticae  Whitefly – Bemisia  tabaci,free_text,COMPOUND,free_text,,,,,,30 + 30,unparseable,BARE_NUMBER,,,,,,,500,5,False,resolved,5,crop_out_of_scope
insecticides_20260331.pdf,79,8,,Chilli,,False,False,Fluxametamide 3.8% w/w + Pyridaben 9.5 % w/w SC,"Thrips- Scirtothrips  dorsalis, Fruit borer-  Helicovepra armigera,  Tobacco caterpillar-  Spodoptera litura.  Yellow mite –  Polyphagotarsonemus  latus",free_text,COMPOUND,free_text,,,,,,38 + 95,unparseable,BARE_NUMBER,,,,,,,1000,5,False,resolved,5,crop_out_of_scope
insecticides_20260331.pdf,79,9,,,,False,False,Hexythiazox 3.5% + Diafenthiuron 42% WDG,,empty,EMPTY,,,,,,,,empty,EMPTY,,,,,,,,,False,not_applicable,,crop_blank
insecticides_20260331.pdf,79,10,,Chilli,,False,False,Hexythiazox 3.5% + Diafenthiuron 42% WDG,"Mites, Thrips,  Jassids, Aphids &  White fly",free_text,COMPOUND,free_text,,,,,,22.75 + 273,unparseable,BARE_NUMBER,,,,,,,650,7,False,resolved,07,crop_out_of_scope
insecticides_20260331.pdf,79,11,,,,False,False,Imidacloprid 18 + Carboxin 22.5% + Thiram 22.5,,empty,EMPTY,,,,,,,,empty,EMPTY,,,,,,,,,False,not_applicable,,crop_blank
insecticides_20260331.pdf,79,12,,Wheat,,False,False,Imidacloprid 18 + Carboxin 22.5% + Thiram 22.5,"Aphids, Termites",numeric,BARE_RANGE,per_ha,1.89,0.7648,2.52,1.0198,g,1.89-2.52,unparseable,BARE_NUMBER,,,,,,,3.4,,False,not_applicable,-,crop_out_of_scope
insecticides_20260331.pdf,79,13,,,,False,False,Imidacloprid 18.50%+Hexaconazole 01.50% FS,,empty,EMPTY,,,,,,,,empty,EMPTY,,,,,,,,,False,not_applicable,,crop_blank
insecticides_20260331.pdf,80,0,,Groundnut,,False,False,Imidacloprid 18.50%+Hexaconazole 01.50% FS,"Termites,  Thrips,  Jassids, Root  grubs, Collar  rot, Stem rot,  Tikka leaf  spot &Rust",free_text,COMPOUND,free_text,,,,,,37 +3,unparseable,BARE_NUMBER,,,,,,,200,,True,not_applicable,This is used as seed dresser,crop_out_of_scope
insecticides_20260331.pdf,80,1,,Wheat,,False,False,Imidacloprid 18.50%+Hexaconazole 01.50% FS,"Termites,  Aphids,  Smut, Rust",free_text,COMPOUND,free_text,,,,,,37 +3,unparseable,BARE_NUMBER,,,,,,,200,,True,not_applicable,This is used as seed dresser,crop_out_of_scope
insecticides_20260331.pdf,80,2,,,,False,False,Imidacloprid 06% +Lambda-cyhalothrin 04%SL,,empty,EMPTY,,,,,,,,empty,EMPTY,,,,,,,,,False,not_applicable,,crop_blank
insecticides_20260331.pdf,80,3,,Paddy(Rice),,False,False,Imidacloprid 06% +Lambda-cyhalothrin 04%SL,"Stem borer,  Hispa, Plant  hopper, Gundhi  bug",free_text,COMPOUND,free_text,,,,,,18 +12,unparseable,BARE_NUMBER,,,,,,,300,10,False,resolved,10,crop_out_of_scope
insecticides_20260331.pdf,80,4,,,,False,False,Indoxacarb 5% + Fipronil 5 % W/w SC,,empty,EMPTY,,,,,,,,empty,EMPTY,,,,,,,,,False,not_applicable,,crop_blank
insecticides_20260331.pdf,80,5,,Chilli,,False,False,Indoxacarb 5% + Fipronil 5 % W/w SC,Thrips,free_text,COMPOUND,free_text,,,,,,37.5+37.5 – 50+50,unparseable,BARE_RANGE,,,,,,,750- 1000,5,False,resolved,5,crop_out_of_scope
insecticides_20260331.pdf,80,6,,Cabbage,,False,False,Indoxacarb 5% + Fipronil 5 % W/w SC,Diamond back  Moth,free_text,COMPOUND,free_text,,,,,,37.5+37.5 – 50+50,unparseable,BARE_RANGE,,,,,,,750- 1000,7,False,resolved,7,crop_out_of_scope
insecticides_20260331.pdf,80,7,,,,False,False,Indoxacarb 14.50% +Acetamiprid 07.70%w/w SC,,empty,EMPTY,,,,,,,,empty,EMPTY,,,,,,,,,False,not_applicable,,crop_blank
insecticides_20260331.pdf,80,9,,Chilli,,False,False,Indoxacarb 14.50% +Acetamiprid 07.70%w/w SC,"Thrips, Fruit  borer",numeric,BARE_RANGE,per_ha,88.8,35.9354,111.0,44.9193,g,88.8 –111,unparseable,BARE_RANGE,,,,,,,400 – 500,5,False,resolved,05,crop_out_of_scope
insecticides_20260331.pdf,80,10,,,,False,False,Indoxacarb 10.0% + Thiamethoxam 10.0% WG,,empty,EMPTY,,,,,,,,empty,EMPTY,,,,,,,,,False,not_applicable,,crop_blank
insecticides_20260331.pdf,80,12,,Paddy,,False,False,Indoxacarb 10.0% + Thiamethoxam 10.0% WG,"Brown plant  hopper, yellow  stem borer and  leaf folder",free_text,COMPOUND,free_text,,,,,,50 + 50,unparseable,BARE_NUMBER,,,,,,,500,14,False,resolved,14,crop_out_of_scope
insecticides_20260331.pdf,80,13,,,,False,False,Isoprothiolane 28% + Fipronil 5% EC,,empty,EMPTY,,,,,,,,empty,EMPTY,,,,,,,,,False,not_applicable,,crop_blank
insecticides_20260331.pdf,80,14,,Rice,,False,False,Isoprothiolane 28% + Fipronil 5% EC,"Stem borer,  Brown plant  hopper, Green  leaf hopper,  Whorl maggot",free_text,COMPOUND,free_text,,,,,,280+50,unparseable,BARE_NUMBER,,,,,,,1000,58,False,resolved,58,crop_out_of_scope
insecticides_20260331.pdf,81,0,,,,False,False,Lambda-Cyhalothrin 5% + Clothianidin 5% + Carbendazim 37% SC,,empty,EMPTY,,,,,,,,empty,EMPTY,,,,,,,,,False,not_applicable,,crop_blank
insecticides_20260331.pdf,81,1,,Chilli,,False,False,Lambda-Cyhalothrin 5% + Clothianidin 5% + Carbendazim 37% SC,"Cercospora leaf  spot (Cercospora  capsica), Chilli  thrips (Scirtothrips  dorsalis)",free_text,COMPOUND,free_text,,,,,,(25+25+185)   to   (31.25+31.25+231.25),unparseable,BARE_RANGE,,,,,,,500 - 625,3,False,resolved,3,crop_out_of_scope
insecticides_20260331.pdf,81,2,,,,False,False,Lufenuron 20% + Chlorantraniliprole 10% + Pyriproxyfen 5% w/w WG,,empty,EMPTY,,,,,,,,empty,EMPTY,,,,,,,,,False,not_applicable,,crop_blank
insecticides_20260331.pdf,81,3,,Chilli,,False,False,Lufenuron 20% + Chlorantraniliprole 10% + Pyriproxyfen 5% w/w WG,Thrips (Scirtothrips  dorsalis) Mites  (Polyphagotarsonemus  latus) and Fruit borers  (Helicoverpa armigera  and Spodoptera litura),free_text,COMPOUND,free_text,,,,,,22.50+ 11.25+ 5.63,unparseable,BARE_NUMBER,,,,,,,112.50,19,False,resolved,19,crop_out_of_scope
insecticides_20260331.pdf,81,4,,,,False,False,Lufenuron 4% + Emamectin Benzoate 1.5% EC,,empty,EMPTY,,,,,,,,empty,EMPTY,,,,,,,,,False,not_applicable,,crop_blank
insecticides_20260331.pdf,81,5,,Maize,,False,False,Lufenuron 4% + Emamectin Benzoate 1.5% EC,Fall armyworm  (Spodoptera  litura),free_text,COMPOUND,free_text,,,,,,(30+11.25) to (46+17.25),unparseable,BARE_RANGE,,,,,,,750-1150,35,False,resolved,35,crop_out_of_scope
insecticides_20260331.pdf,81,7,,,,False,False,METHOXYFENOZIDE 20% + CHLORANTRANILIPROLE 5% SC,,empty,EMPTY,,,,,,,,empty,EMPTY,,,,,,,,,False,not_applicable,,crop_blank
insecticides_20260331.pdf,81,8,,Groundnut,,False,False,METHOXYFENOZIDE 20% + CHLORANTRANILIPROLE 5% SC,"Tobacco caterpillar  (Spodoptera litura),  American bollworm  (Helicoverpa armigera)  and Groundnut leaf  miner (Aproaerema  modicella)",free_text,COMPOUND,free_text,,,,,,100 + 25,unparseable,BARE_NUMBER,,,,,,,500,27,False,resolved,27,crop_out_of_scope
insecticides_20260331.pdf,81,9,,,,False,False,METHOXYFENOZIDE 5% + CHLORPYRIPHOS 25% SE,,empty,EMPTY,,,,,,,,empty,EMPTY,,,,,,,,,False,not_applicable,,crop_blank
insecticides_20260331.pdf,81,11,,,,False,False,METHOXYFENOZIDE 18% + EMAMECTIN BENZOATE 1.8% SC,,empty,EMPTY,,,,,,,,empty,EMPTY,,,,,,,,,False,not_applicable,,crop_blank
insecticides_20260331.pdf,81,12,,Chilli,,False,False,METHOXYFENOZIDE 18% + EMAMECTIN BENZOATE 1.8% SC,"Fruit borer  (Helicoverpa  armigera),  Thrips (Thrips  tabaci) and  Mites  (Polyphagotarso nemus latus)",free_text,COMPOUND,free_text,,,,,,90 + 9,unparseable,BARE_NUMBER,,,,,,,500,3,False,resolved,3,crop_out_of_scope
insecticides_20260331.pdf,81,13,,,,False,False,Nitenpyram 15.0 % + Fipronil 20.0% w/w WP,,empty,EMPTY,,,,,,,,empty,EMPTY,,,,,,,,,False,not_applicable,,crop_blank
insecticides_20260331.pdf,82,1,,,,False,False,Novaluron 05.25%+ Emamectin Benzoate 0.9% SC,,empty,EMPTY,,,,,,,,empty,EMPTY,,,,,,,,,False,not_applicable,,crop_blank
insecticides_20260331.pdf,82,2,,Cabbage,,False,False,Novaluron 05.25%+ Emamectin Benzoate 0.9% SC,"Diamond Back Moth  (Plutella xylostella),   Tobacco Caterpillar  (Spodoptera litura)",free_text,COMPOUND,free_text,,,,,,45.94 + 7.87,unparseable,BARE_NUMBER,,,,,,,875,3,False,resolved,3,crop_out_of_scope
insecticides_20260331.pdf,82,3,,Chilli,,False,False,Novaluron 05.25%+ Emamectin Benzoate 0.9% SC,"Gram Pod Borer  (Helicoverpa armigera),  Tobacco Caterpillar  (Spodoptera litura)",free_text,COMPOUND,free_text,,,,,,45.94 + 7.87,unparseable,BARE_NUMBER,,,,,,,875,3,False,resolved,3,crop_out_of_scope
insecticides_20260331.pdf,82,5,,Rice,,False,False,Novaluron 05.25%+ Emamectin Benzoate 0.9% SC,Stem Borer (Scirpophaga  incertulas),free_text,COMPOUND,free_text,,,,,,78.75 + 13.50,unparseable,BARE_NUMBER,,,,,,,1500,32,False,resolved,32,crop_out_of_scope
insecticides_20260331.pdf,82,6,,Brinjal,,False,False,Novaluron 05.25%+ Emamectin Benzoate 0.9% SC,Shoot & Fruit Borer,free_text,COMPOUND,free_text,,,,,,78.75 + 13.50,unparseable,BARE_NUMBER,,,,,,,1500,5,False,resolved,5,crop_out_of_scope
insecticides_20260331.pdf,82,8,,Maize,,False,False,Novaluron 05.25%+ Emamectin Benzoate 0.9% SC,Fall armyworm (Spodoptera  frugiperda) & Stem borer  (Chilo partellus),free_text,COMPOUND,free_text,,,,,,78.75+13.50,unparseable,BARE_NUMBER,,,,,,,1500,27,False,resolved,27,crop_out_of_scope
insecticides_20260331.pdf,82,9,,,,False,False,Novaluron 05.25%+Indoxacarb 04.50% SC,,empty,EMPTY,,,,,,,,empty,EMPTY,,,,,,,,,False,not_applicable,,crop_blank
insecticides_20260331.pdf,82,14,,Chilli,,False,False,Novaluron 05.25%+Indoxacarb 04.50% SC,"Fruit borer complex  (Helicoverpa armigera,  Spodoptera litura)",free_text,COMPOUND,free_text,,,,,,43.31 +37.13-  45.94 +39.38,unparseable,BARE_RANGE,,,,,,,825 –875,7,False,resolved,7,crop_out_of_scope
insecticides_20260331.pdf,82,15,,Blackgram,,False,False,Novaluron 05.25%+Indoxacarb 04.50% SC,"Black gram pod Borer  complex (Etiella  zinckenella,  Spodoptera litura &  Maruca vitrata)",free_text,COMPOUND,free_text,,,,,,43.31 +37.13-  45.94 +39.38,unparseable,BARE_RANGE,,,,,,,825 –875,14,False,resolved,14,crop_out_of_scope
insecticides_20260331.pdf,83,0,,Rice  (Paddy),,False,False,Novaluron 05.25%+Indoxacarb 04.50% SC,Rice leaf folder  (Cnaphalocrosis  medinalis),free_text,COMPOUND,free_text,,,,,,22.97 +19.69,unparseable,BARE_NUMBER,,,,,,,437.5,40,False,resolved,40,crop_out_of_scope
insecticides_20260331.pdf,83,1,,Groundnut,,False,False,Novaluron 05.25%+Indoxacarb 04.50% SC,Helicoverpa armigera &  Spodoptera litura,free_text,COMPOUND,free_text,,,,,,45.94 +39.38,unparseable,BARE_NUMBER,,,,,,,875,34,False,resolved,34,crop_out_of_scope
insecticides_20260331.pdf,83,2,,,,False,False,NOVALURON 9.45% + LAMBDA-CYHALOTHRIN 1.9% ZC,,empty,EMPTY,,,,,,,,empty,EMPTY,,,,,,,,,False,not_applicable,,crop_blank
insecticides_20260331.pdf,83,5,,Cabbage,,False,False,NOVALURON 9.45% + LAMBDA-CYHALOTHRIN 1.9% ZC,"Diamond back moth (Plutella  xylostella), Tobacco  caterpillar (Spodoptera litura)",free_text,COMPOUND,free_text,,,,,,75+15,unparseable,BARE_NUMBER,,,,,,,750,7,False,resolved,7,crop_out_of_scope
insecticides_20260331.pdf,83,6,,,,False,False,Phenthoate 45% + Cypermethrin 6% EC,,empty,EMPTY,,,,,,,,empty,EMPTY,,,,,,,,,False,not_applicable,,crop_blank
insecticides_20260331.pdf,83,7,,Paddy,,False,False,Phenthoate 45% + Cypermethrin 6% EC,"Yellow Stem Borer, Leaf  Folder and Brown Plant  Hopper",free_text,COMPOUND,free_text,,,,,,450+60,unparseable,BARE_NUMBER,,,,,,,1000,,True,not_applicable,At the end of the  Harvest,crop_out_of_scope
insecticides_20260331.pdf,83,8,,,,False,False,Profenofos 40%+Cypermethrin 04 %EC,,empty,EMPTY,,,,,,,,empty,EMPTY,,,,,,,,,False,not_applicable,,crop_blank
insecticides_20260331.pdf,83,10,,Sugarcane,,False,False,Profenofos 40%+Cypermethrin 04 %EC,Early shoot borer,numeric,BARE_NUMBER,per_ha,440.0,178.0584,,,g,440,unparseable,BARE_NUMBER,,,,,,,1000,138,False,resolved,138,crop_out_of_scope
insecticides_20260331.pdf,83,11,,,,False,False,Profenofos 40%+Cypermethrin 04 %EW,,empty,EMPTY,,,,,,,,empty,EMPTY,,,,,,,,,False,not_applicable,,crop_blank
insecticides_20260331.pdf,83,12,,Rice,,False,False,Profenofos 40%+Cypermethrin 04 %EW,Yellow stem borer  (Scirpophaga incertulas)  and Leaf folder  (Cnaphalocrocismedinalis),numeric,BARE_NUMBER,per_ha,440.0,178.0584,,,g,440,unparseable,BARE_NUMBER,,,,,,,1000,25,False,resolved,25,crop_out_of_scope
insecticides_20260331.pdf,83,13,,,,False,False,Phenthoate 35% + Emamectin benzoate 3.5% w/w EC,,empty,EMPTY,,,,,,,,empty,EMPTY,,,,,,,,,False,not_applicable,,crop_blank
insecticides_20260331.pdf,83,14,,Chilli,,False,False,Phenthoate 35% + Emamectin benzoate 3.5% w/w EC,"Mites, Thrips  and fruit borer",free_text,COMPOUND,free_text,,,,,,262.5g+26.25g,unparseable,BARE_NUMBER,,,,,,,750,5,False,resolved,5,crop_out_of_scope
insecticides_20260331.pdf,83,15,,,,False,False,Profenofos 50% + Fenpropathrin 5% EC,,empty,EMPTY,,,,,,,,empty,EMPTY,,,,,,,,,False,not_applicable,,crop_blank
insecticides_20260331.pdf,84,0,,,,False,False,Profenofos 40%+ Fenpyroximate 02.50% w/w EC,,empty,EMPTY,,,,,,,,empty,EMPTY,,,,,,,,,False,not_applicable,,crop_blank
insecticides_20260331.pdf,84,1,,Chilli,,False,False,Profenofos 40%+ Fenpyroximate 02.50% w/w EC,"Thrips, Mites, Fruit borer",free_text,COMPOUND,free_text,,,,,,0.4 +0.025,unparseable,BARE_NUMBER,,,,,,,1000,7,False,resolved,07,crop_out_of_scope
insecticides_20260331.pdf,84,2,,Brinjal,,False,False,Profenofos 40%+ Fenpyroximate 02.50% w/w EC,"Whitefly, Mites (Tetranychus  urticae), Fruit & Shoot Borer",free_text,COMPOUND,free_text,,,,,,0.4 + 0.025,unparseable,BARE_NUMBER,,,,,,,1000,7,False,resolved,07,crop_out_of_scope
insecticides_20260331.pdf,84,3,,,,False,False,Profenofos 40% (w/w) + Lambda Cyhalothrin 1.5% (w/w) EC,,empty,EMPTY,,,,,,,,empty,EMPTY,,,,,,,,,False,not_applicable,,crop_blank
insecticides_20260331.pdf,84,5,,,,False,False,Propargite 50% +Bifenthrin 5 % w/w SE,,empty,EMPTY,,,,,,,,empty,EMPTY,,,,,,,,,False,not_applicable,,crop_blank
insecticides_20260331.pdf,84,6,,Okra,,False,False,Propargite 50% +Bifenthrin 5 % w/w SE,"Mite, Whitefly &",unparseable,DEFECT_TRUNCATED,,,,,,,594 +59.4 –,unparseable,BARE_RANGE,,,,,,,1100 –  1150,5,False,resolved,05,crop_out_of_scope
insecticides_20260331.pdf,84,7,,Okra,,False,False,Propargite 50% +Bifenthrin 5 % w/w SE,Jassids,free_text,COMPOUND,free_text,,,,,,621 +62.1,empty,EMPTY,,,,,,,,,False,not_applicable,,crop_out_of_scope
insecticides_20260331.pdf,84,9,,,,False,False,Propargite 42%+ Hexythiazox 2% EC,,empty,EMPTY,,,,,,,,empty,EMPTY,,,,,,,,,False,not_applicable,,crop_blank
insecticides_20260331.pdf,84,10,,Tea,,False,False,Propargite 42%+ Hexythiazox 2% EC,Red spider Mites,free_text,COMPOUND,free_text,,,,,,525 +25,unparseable,BARE_NUMBER,,,,,,,1250,7,False,resolved,07,crop_out_of_scope
insecticides_20260331.pdf,84,11,,Chilli,,False,False,Propargite 42%+ Hexythiazox 2% EC,Yellow Mite,free_text,COMPOUND,free_text,,,,,,525 + 25,unparseable,BARE_NUMBER,,,,,,,1250,7,False,resolved,7,crop_out_of_scope
insecticides_20260331.pdf,84,12,,Apple,,False,False,Propargite 42%+ Hexythiazox 2% EC,European Red  Mite,free_text,COMPOUND,free_text,,,,,,4.2 + 0.2 (g/10 L  water),numeric,PER_N_LITRE,per_litre_water,1.0,,,,ml,10 (ml/10 L  water),15,False,resolved,15,crop_out_of_scope
insecticides_20260331.pdf,84,13,,Brinjal,,False,False,Propargite 42%+ Hexythiazox 2% EC,Mite,free_text,COMPOUND,free_text,,,,,,525+25,unparseable,BARE_NUMBER,,,,,,,1250,7,False,resolved,7,crop_out_of_scope
insecticides_20260331.pdf,84,14,,,,False,False,Pymetrozine 29.2 % + Dinotefuran 11.7 % w/w WDG,,empty,EMPTY,,,,,,,,empty,EMPTY,,,,,,,,,False,not_applicable,,crop_blank
insecticides_20260331.pdf,84,15,,Rice,,False,False,Pymetrozine 29.2 % + Dinotefuran 11.7 % w/w WDG,Brown plant hopper  (Nilaparvata lugens),free_text,COMPOUND,free_text,,,,,,146 + 58.5,unparseable,BARE_NUMBER,,,,,,,500,22,False,resolved,22,crop_out_of_scope
insecticides_20260331.pdf,84,16,,,,False,False,Pymetrozine 14.8% + Fipronil 7.5% + Dinotefuran 4.8% w/w SC,,empty,EMPTY,,,,,,,,empty,EMPTY,,,,,,,,,False,not_applicable,,crop_blank
insecticides_20260331.pdf,84,17,,Paddy,,False,False,Pymetrozine 14.8% + Fipronil 7.5% + Dinotefuran 4.8% w/w SC,"Stem Borer, Brown Plant  Hopper, White Backed  Plant Hopper, Green  Leaf Hopper",free_text,COMPOUND,free_text,,,,,,129.5+65.62 + 42,unparseable,BARE_NUMBER,,,,,,,875,25,False,resolved,25,crop_out_of_scope
insecticides_20260331.pdf,84,18,,,,False,False,Pymetrozine 30.0% + Tebuconazole 37.0% WG,,empty,EMPTY,,,,,,,,empty,EMPTY,,,,,,,,,False,not_applicable,,crop_blank
insecticides_20260331.pdf,84,19,,Paddy,,False,False,Pymetrozine 30.0% + Tebuconazole 37.0% WG,"Brown plant hopper  (Nilaparvata lugens),  and diseases viz., Sheath  blight, Brown spot,  Blast, and Glume  discoloration (Dirty  panicle)",free_text,COMPOUND,free_text,,,,,,150 +185,unparseable,BARE_NUMBER,,,,,,,500,33,False,resolved,33,crop_out_of_scope
insecticides_20260331.pdf,84,20,,,,False,False,Pymetrozine 30% + Dinotefuran 10% + Pyraclostrobin 20% WG,,empty,EMPTY,,,,,,,,empty,EMPTY,,,,,,,,,False,not_applicable,,crop_blank
insecticides_20260331.pdf,84,21,,Paddy,,False,False,Pymetrozine 30% + Dinotefuran 10% + Pyraclostrobin 20% WG,"Brown plant hopper  (Nilaparvata lugens),  white backed plant hopper (Sogatella  furcifera), and blast  disease",free_text,COMPOUND,free_text,,,,,,112.5 + 37.5 + 75,unparseable,BARE_NUMBER,,,,,,,375,22,False,resolved,22,crop_out_of_scope
insecticides_20260331.pdf,85,1,,,,False,False,Pymetrozine 25.0% + Thiamethoxam 17.5% + Hexaconazole 12.5% WG,,empty,EMPTY,,,,,,,,empty,EMPTY,,,,,,,,,False,not_applicable,,crop_blank
insecticides_20260331.pdf,85,2,,Paddy,,False,False,Pymetrozine 25.0% + Thiamethoxam 17.5% + Hexaconazole 12.5% WG,"Pests: Brown Plant  Hopper, White Backed  Plant Hopper, Green  Leaf Hopper, Yellow  Stem Borer, Leaf Folder  Diseases: Sheath  Blight, Leaf Blast",free_text,COMPOUND,free_text,,,,,,100 + 70 + 50,unparseable,BARE_NUMBER,,,,,,,400,19,False,resolved,19,crop_out_of_scope
insecticides_20260331.pdf,85,3,,,,False,False,Pymetrozine 11.3% w/w + Triflumezopyrim 1.9% w/w SC,,empty,EMPTY,,,,,,,,empty,EMPTY,,,,,,,,,False,not_applicable,,crop_blank
insecticides_20260331.pdf,85,4,,Rice,,False,False,Pymetrozine 11.3% w/w + Triflumezopyrim 1.9% w/w SC,"Brown plant hopper,  White backed plant  hopper, Green  leafhopper",free_text,COMPOUND,free_text,,,,,,120 + 20,unparseable,BARE_NUMBER,,,,,,,1000,31,False,resolved,31,crop_out_of_scope
insecticides_20260331.pdf,85,5,,,,False,False,Pyraclostrobin 10% + Fipronil 5% w/v SC,,empty,EMPTY,,,,,,,,empty,EMPTY,,,,,,,,,False,not_applicable,,crop_blank
insecticides_20260331.pdf,85,6,,Rice,,False,False,Pyraclostrobin 10% + Fipronil 5% w/v SC,"Yellow stem borer,  Leaf folder, Brown  Plant Hopper (BPH),  Sheath Blight, Leaf  blast",free_text,COMPOUND,free_text,,,,,,50+100,unparseable,BARE_NUMBER,,,,,,,1000,53,False,resolved,53,crop_out_of_scope
insecticides_20260331.pdf,85,7,,Chilli,,False,False,Pyraclostrobin 10% + Fipronil 5% w/v SC,"Thrips, Chilli fruit  Borer, Powdery  Mildew, Anthracnose/  Fruit Rot",free_text,COMPOUND,free_text,,,,,,50+100,unparseable,BARE_NUMBER,,,,,,,1000,7,False,resolved,7,crop_out_of_scope
insecticides_20260331.pdf,85,8,,,,False,False,Pyraclostrobin 3.5% + Thiram 15.0% + Clothianidin 22.5% FS,,empty,EMPTY,,,,,,,,empty,EMPTY,,,,,,,,,False,not_applicable,,crop_blank
insecticides_20260331.pdf,85,9,,Ground nut   (Seed  Treatment),seed_treatment,False,False,Pyraclostrobin 3.5% + Thiram 15.0% + Clothianidin 22.5% FS,"Aphids, Jassids,  termites and  white grub",free_text,COMPOUND,free_text,,,,,,2.45 + 10.5 + 15.75,empty,EMPTY,,,,,,,,,True,not_applicable,Not applicable for seed  treatment,crop_out_of_scope
insecticides_20260331.pdf,85,10,,,,False,False,Pyriproxyfen05%+Fenpropathrin15%EC,,empty,EMPTY,,,,,,,,empty,EMPTY,,,,,,,,,False,not_applicable,,crop_blank
insecticides_20260331.pdf,85,13,,Brinjal,,False,False,Pyriproxyfen05%+Fenpropathrin15%EC,"Whitefly, Shoot &  fruit borer",free_text,COMPOUND,free_text,,,,,,25 +75 - 37.5 +112.5,unparseable,BARE_RANGE,,,,,,,500- 750,7,False,resolved,07,crop_out_of_scope
insecticides_20260331.pdf,85,14,,Okra  (Bhindi),,False,False,Pyriproxyfen05%+Fenpropathrin15%EC,"Whitefly, Fruit borer",free_text,COMPOUND,free_text,,,,,,25 +75-  37.5 +112.5,unparseable,BARE_RANGE,,,,,,,500 –750,7,False,resolved,07,crop_out_of_scope
insecticides_20260331.pdf,85,15,,Chilli,,False,False,Pyriproxyfen05%+Fenpropathrin15%EC,"Whitefly, Fruit borer",free_text,COMPOUND,free_text,,,,,,25 +75-  37.5 +112.5,unparseable,BARE_RANGE,,,,,,,500 –750,7,False,resolved,07,crop_out_of_scope
insecticides_20260331.pdf,85,16,,,,False,False,Pyriproxyfen 05%+Diafenthiuron 25%SE,,empty,EMPTY,,,,,,,,empty,EMPTY,,,,,,,,,False,not_applicable,,crop_blank
insecticides_20260331.pdf,86,1,,Chilli,,False,False,Pyriproxyfen 05%+Diafenthiuron 25%SE,"Whitefly (Bemisia tabaci),  Thrips (Thrips tabaci) and Mites  (Polyphagotarsonemus latus)",free_text,COMPOUND,free_text,,,,,,37.5 + 187.5 –  50 + 250,unparseable,BARE_RANGE,,,,,,,750 -  1000,10,False,resolved,10,crop_out_of_scope
insecticides_20260331.pdf,86,2,,,,False,False,Pyriproxyfen10%+Bifenthrin10%w/w EC,,empty,EMPTY,,,,,,,,empty,EMPTY,,,,,,,,,False,not_applicable,,crop_blank
insecticides_20260331.pdf,86,4,,Chilli,,False,False,Pyriproxyfen10%+Bifenthrin10%w/w EC,"Yellow mites,  Thrips,  whitefly, fruit  borer",free_text,COMPOUND,free_text,,,,,,125+125,unparseable,BARE_NUMBER,,,,,,,1250,15,False,resolved,15,crop_out_of_scope
insecticides_20260331.pdf,86,5,,Brinjal,,False,False,Pyriproxyfen10%+Bifenthrin10%w/w EC,"Whitefly, Shoot  & Fruit Borer",free_text,COMPOUND,free_text,,,,,,125+125,unparseable,BARE_NUMBER,,,,,,,1250,15,False,resolved,15,crop_out_of_scope
insecticides_20260331.pdf,86,7,,Green gram  Whitefly,,False,True,Pyriproxyfen10%+Bifenthrin10%w/w EC,,free_text,COMPOUND,free_text,,,,,,100+100,unparseable,BARE_NUMBER,,,,,,,1000,25,False,resolved,25,crop_out_of_scope
insecticides_20260331.pdf,86,8,,,,False,False,Pyriproxyfen 8% + Dinotefuran 5% + Diafenthiuron 18% SC,,empty,EMPTY,,,,,,,,empty,EMPTY,,,,,,,,,False,not_applicable,,crop_blank
insecticides_20260331.pdf,86,9,,Brinjal,,False,False,Pyriproxyfen 8% + Dinotefuran 5% + Diafenthiuron 18% SC,"Whitefly, Jassid,  Thrips and Aphids",free_text,COMPOUND,free_text,,,,,,48+30+108  to  66+41.25+148.5,unparseable,BARE_RANGE,,,,,,,600-825,10,False,resolved,8-10,crop_out_of_scope
insecticides_20260331.pdf,86,11,,Chilli,,False,False,Pyriproxyfen 8% + Dinotefuran 5% + Diafenthiuron 18% SC,"Whitefly, Jassids,  Thrips and Aphids",free_text,COMPOUND,free_text,,,,,,66 + 41.25 + 148.5,unparseable,BARE_NUMBER,,,,,,,825,5,False,resolved,5,crop_out_of_scope
insecticides_20260331.pdf,86,12,,,,False,False,Spinetoram 5.66% + Methoxyfenozide 28.3% w/w SC,,empty,EMPTY,,,,,,,,empty,EMPTY,,,,,,,,,False,not_applicable,,crop_blank
insecticides_20260331.pdf,86,13,,Rice,,False,False,Spinetoram 5.66% + Methoxyfenozide 28.3% w/w SC,"Stem Borer, Leaf Folder",numeric,BARE_RANGE,per_ha,135.0,54.6315,144.0,58.2736,g,135-144,unparseable,BARE_RANGE,,,,,,,375-400,56,False,resolved,56,crop_out_of_scope
insecticides_20260331.pdf,86,14,,Cabbage,,False,False,Spinetoram 5.66% + Methoxyfenozide 28.3% w/w SC,"Diamond Back Moth, Leaf  Eating Caterpillar",numeric,BARE_RANGE,per_ha,135.0,54.6315,144.0,58.2736,g,135-144,unparseable,BARE_RANGE,,,,,,,375-400,10,False,resolved,10,crop_out_of_scope
insecticides_20260331.pdf,86,15,,Cauliflower,,False,False,Spinetoram 5.66% + Methoxyfenozide 28.3% w/w SC,"Diamond Back Moth, Leaf  Eating Caterpillar",numeric,BARE_RANGE,per_ha,135.0,54.6315,144.0,58.2736,g,135-144,unparseable,BARE_RANGE,,,,,,,375-400,10,False,resolved,10,crop_out_of_scope
insecticides_20260331.pdf,86,16,,Blackgram,,False,False,Spinetoram 5.66% + Methoxyfenozide 28.3% w/w SC,"Pod Borer (H. armigera),  Spotted Pod Borer (M.  vitrata)",numeric,BARE_RANGE,per_ha,135.0,54.6315,144.0,58.2736,g,135-144,unparseable,BARE_RANGE,,,,,,,375-400,48,False,resolved,48,crop_out_of_scope
insecticides_20260331.pdf,86,17,,,,False,False,Spiromesifen 15% + Hexythiazox 2.2 % + Abamectin 1.15 % w/ SC,,empty,EMPTY,,,,,,,,empty,EMPTY,,,,,,,,,False,not_applicable,,crop_blank
insecticides_20260331.pdf,86,18,,Chilli,,False,False,Spiromesifen 15% + Hexythiazox 2.2 % + Abamectin 1.15 % w/ SC,Yellow mites  (Polyphagotarsonemus  latus) and Black thrips  (Thrips parvispinus),free_text,COMPOUND,free_text,,,,,,93.75 + 13.75 +  7.1875,unparseable,BARE_NUMBER,,,,,,,625,16,False,resolved,16,crop_out_of_scope
insecticides_20260331.pdf,86,19,,,,False,False,Spirotetramat 11.01%+ Imidacloprid 11.01%w/w SC,,empty,EMPTY,,,,,,,,empty,EMPTY,,,,,,,,,False,not_applicable,,crop_blank
insecticides_20260331.pdf,87,0,,Okra  (Bhindi),,False,False,Spirotetramat 11.01%+ Imidacloprid 11.01%w/w SC,Red spider  mites,free_text,COMPOUND,free_text,,,,,,60 +60,unparseable,BARE_NUMBER,,,,,,,500,3,False,resolved,03,crop_out_of_scope
insecticides_20260331.pdf,87,1,,Brinjal,,False,False,Spirotetramat 11.01%+ Imidacloprid 11.01%w/w SC,"Whitefly, Red  spider mites",free_text,COMPOUND,free_text,,,,,,60 +60,unparseable,BARE_NUMBER,,,,,,,500,5,False,resolved,05,crop_out_of_scope
insecticides_20260331.pdf,87,2,,Mango,,False,False,Spirotetramat 11.01%+ Imidacloprid 11.01%w/w SC,Mealy bug,numeric,PCT_SINGLE,concentration_pct,0.018,,,,%,0.018%,numeric,PCT_SINGLE,concentration_pct,0.075,,,,%,0.075%,15,False,resolved,15,crop_out_of_scope
insecticides_20260331.pdf,87,5,,,,False,False,Spiropidon 30% w/w + Acetamiprid 24% w/w WG,,empty,EMPTY,,,,,,,,empty,EMPTY,,,,,,,,,False,not_applicable,,crop_blank
insecticides_20260331.pdf,87,8,,,,False,False,SULFOXAFLOR 7.5% + BUPROFEZIN 15% SC,,empty,EMPTY,,,,,,,,empty,EMPTY,,,,,,,,,False,not_applicable,,crop_blank
insecticides_20260331.pdf,87,9,,Paddy,,False,False,SULFOXAFLOR 7.5% + BUPROFEZIN 15% SC,Brown Plant Hopper (BPH),free_text,COMPOUND,free_text,,,,,,60 + 120 – 75 + 150,unparseable,BARE_RANGE,,,,,,,800 - 1000,26,False,resolved,26,crop_out_of_scope
insecticides_20260331.pdf,87,10,,,,False,False,Tetraniliprole 0.4 % w/w + Fipronil 0.6 % w/w GR,,empty,EMPTY,,,,,,,,empty,EMPTY,,,,,,,,,False,not_applicable,,crop_blank
insecticides_20260331.pdf,87,11,,Rice,,False,False,Tetraniliprole 0.4 % w/w + Fipronil 0.6 % w/w GR,Stem borer (Scirpophaga  incertulas) and leaf folder  (Cnaphalocrocis medinalis),free_text,COMPOUND,free_text,,,,,,40 + 60 – 50 + 75,unparseable,BARE_RANGE,,,,,,,10 - 12.5,65,False,resolved,65,crop_out_of_scope
insecticides_20260331.pdf,87,12,,Sugarcane,,False,False,Tetraniliprole 0.4 % w/w + Fipronil 0.6 % w/w GR,Early shoot borer (Chilo  infuscatellus) and White grub  (Holotrichiaserra ta),free_text,COMPOUND,free_text,,,,,,50 + 75 – 60 + 90,unparseable,BARE_RANGE,,,,,,,12.5 – 15,314,False,resolved,314,crop_out_of_scope
insecticides_20260331.pdf,87,13,,,,False,False,Tetraniliprole 10.81 % w/w + Spirotetramat 21.62 % w/w SC,,empty,EMPTY,,,,,,,,empty,EMPTY,,,,,,,,,False,not_applicable,,crop_blank
insecticides_20260331.pdf,87,14,,Okra,,False,False,Tetraniliprole 10.81 % w/w + Spirotetramat 21.62 % w/w SC,"Fruit & Shoot borer, Aphids,  Whitefly and Mites",free_text,COMPOUND,free_text,,,,,,45 +90,unparseable,BARE_NUMBER,,,,,,,375,3,False,resolved,3,crop_out_of_scope
insecticides_20260331.pdf,87,15,,Cabbage,,False,False,Tetraniliprole 10.81 % w/w + Spirotetramat 21.62 % w/w SC,"Diamond back moth, Tobacco  caterpillar and Aphids",free_text,COMPOUND,free_text,,,,,,45 +90,unparseable,BARE_NUMBER,,,,,,,375,7,False,resolved,7,crop_out_of_scope
insecticides_20260331.pdf,87,16,,Chilli,,False,False,Tetraniliprole 10.81 % w/w + Spirotetramat 21.62 % w/w SC,"Fruit Borer, Thrips, Whitefly and  Mites",free_text,COMPOUND,free_text,,,,,,45 +90,unparseable,BARE_NUMBER,,,,,,,375,5,False,resolved,5,crop_out_of_scope
insecticides_20260331.pdf,87,17,,Brinjal,,False,False,Tetraniliprole 10.81 % w/w + Spirotetramat 21.62 % w/w SC,"Shoot and Fruit borer, Whitefly and  Mites",free_text,COMPOUND,free_text,,,,,,45 +90,unparseable,BARE_NUMBER,,,,,,,375,5,False,resolved,5,crop_out_of_scope
insecticides_20260331.pdf,88,1,,,,False,False,Tetraniliprole 10.08 % w/w + Thiacloprid 30.25% w/w SC,,empty,EMPTY,,,,,,,,empty,EMPTY,,,,,,,,,False,not_applicable,,crop_blank
insecticides_20260331.pdf,88,2,,Rice,,False,False,Tetraniliprole 10.08 % w/w + Thiacloprid 30.25% w/w SC,Stem Borer and Leaf Folder,free_text,COMPOUND,free_text,,,,,,37.5 + 112.5,unparseable,BARE_NUMBER,,,,,,,312.5,43,False,resolved,43,crop_out_of_scope
insecticides_20260331.pdf,88,3,,,,False,False,Thiamethoxam12.60%+Lambda-cyhalothrin 09.50% ZC,,empty,EMPTY,,,,,,,,empty,EMPTY,,,,,,,,,False,not_applicable,,crop_blank
insecticides_20260331.pdf,88,5,,Maize,,False,False,Thiamethoxam12.60%+Lambda-cyhalothrin 09.50% ZC,"Aphid, Shoot fly, Stem borer",numeric,BARE_NUMBER,per_ha,27.5,11.1286,,,g,27.50,unparseable,BARE_NUMBER,,,,,,,125,42,False,resolved,42,crop_out_of_scope
insecticides_20260331.pdf,88,6,,Groundnut,,False,False,Thiamethoxam12.60%+Lambda-cyhalothrin 09.50% ZC,"Leaf hopper, Leaf eating  caterpillar",numeric,BARE_NUMBER,per_ha,27.5,11.1286,,,g,27.5,unparseable,BARE_NUMBER,,,,,,,150,28,False,resolved,28,crop_out_of_scope
insecticides_20260331.pdf,88,8,,Chilli,,False,False,Thiamethoxam12.60%+Lambda-cyhalothrin 09.50% ZC,"Thrips, Fruit borer",numeric,BARE_NUMBER,per_ha,33.0,13.3544,,,g,33,unparseable,BARE_NUMBER,,,,,,,150,3,False,resolved,03,crop_out_of_scope
insecticides_20260331.pdf,88,9,,Tea,,False,False,Thiamethoxam12.60%+Lambda-cyhalothrin 09.50% ZC,"Tea mosquito bug, Thrips,  Semilooper",numeric,BARE_NUMBER,per_ha,33.0,13.3544,,,g,33,unparseable,BARE_NUMBER,,,,,,,150,1,False,resolved,01,crop_out_of_scope
insecticides_20260331.pdf,88,11,,Citrus,,False,False,Thiamethoxam12.60%+Lambda-cyhalothrin 09.50% ZC,Psyllids (Diaphorina citri) thrips  (Scirtothrips citri) and leaf  miner (Phyllocnistis citrella),empty,EMPTY,,,,,,,,empty,EMPTY,,,,,,,,,False,not_applicable,,crop_out_of_scope
insecticides_20260331.pdf,88,12,,,,False,False,Thiamethoxam 0.4% + Bifenthrin 0.8% GR,,empty,EMPTY,,,,,,,,empty,EMPTY,,,,,,,,,False,not_applicable,,crop_blank
insecticides_20260331.pdf,88,13,,Groundnut,,False,False,Thiamethoxam 0.4% + Bifenthrin 0.8% GR,White grub & Termite,free_text,COMPOUND,free_text,,,,,,48+96,unparseable,BARE_NUMBER,,,,,,,12,105,False,resolved,105,crop_out_of_scope
insecticides_20260331.pdf,88,14,,,,False,False,Thiamethoxam 00.90%+ Fipronil 00.20%w/w GR,,empty,EMPTY,,,,,,,,empty,EMPTY,,,,,,,,,False,not_applicable,,crop_blank
insecticides_20260331.pdf,88,15,,Groundnut,,False,False,Thiamethoxam 00.90%+ Fipronil 00.20%w/w GR,"White grub, Termite",free_text,COMPOUND,free_text,,,,,,108 +24 -  135 +30,unparseable,BARE_NUMBER,,,,,,,12.15,48,False,resolved,48,crop_out_of_scope
insecticides_20260331.pdf,88,16,,Sugarcane,,False,False,Thiamethoxam 00.90%+ Fipronil 00.20%w/w GR,White grub (Holotrichia  consanguineo) and  Termite (adontotermes  obesus),free_text,COMPOUND,free_text,,,,,,135+30,unparseable,BARE_NUMBER,,,,,,,15,296,False,resolved,296,crop_out_of_scope
insecticides_20260331.pdf,88,17,,,,False,False,Thiamethoxam 1.25% + Fipronil 1.25% + Chlorantraniliprole 0.60% w/w GR,,empty,EMPTY,,,,,,,,empty,EMPTY,,,,,,,,,False,not_applicable,,crop_blank
insecticides_20260331.pdf,88,18,,Paddy  (Rice),,False,False,Thiamethoxam 1.25% + Fipronil 1.25% + Chlorantraniliprole 0.60% w/w GR,Yellow stem borer  (Scirpophaga incertulas)  Leaf folder  (Cnaphalocrocis  medinalis),free_text,COMPOUND,free_text,,,,,,56.25 + 56.25 + 27,unparseable,BARE_NUMBER,,,,,,,4500,77,False,resolved,77,crop_out_of_scope
insecticides_20260331.pdf,88,19,,,,False,False,Thiocyclam Hydrogen Oxalate 3.0% + Clothianidin 1.2% GR,,empty,EMPTY,,,,,,,,empty,EMPTY,,,,,,,,,False,not_applicable,,crop_blank
insecticides_20260331.pdf,89,0,,Paddy,,False,False,Thiocyclam Hydrogen Oxalate 3.0% + Clothianidin 1.2% GR,"Yellow Stem Borer (Scirpophaga  incertulas), Leaf Folder  (Cnaphalocrocis medinalis), Brown  Plant Hopper (Nilaparvata lugens),  and White Backed plant Hopper  (Sogatella furcifera).",free_text,COMPOUND,free_text,,,,,,300 + 120 –  375 + 150,unparseable,BARE_RANGE,,,,,,,10000- 12500,56,False,resolved,56,crop_out_of_scope
insecticides_20260331.pdf,89,1,,,,False,False,TOLFENPYRAD 15% + BIFENTHRIN 7.5% SE,,empty,EMPTY,,,,,,,,empty,EMPTY,,,,,,,,,False,not_applicable,,crop_blank
insecticides_20260331.pdf,89,3,,Transplanted  Paddy,,False,False,TOLFENPYRAD 15% + BIFENTHRIN 7.5% SE,Brown plant hopper (Nilaparvata lugens)  Green leaf folder (Nephotettix  nigropictus) Stem borer (Scirpophaga  incertulus) Leaf folder (Cnaphalocrosis  medinalis),free_text,COMPOUND,free_text,,,,,,112.50 + 56.25,unparseable,BARE_NUMBER,,,,,,,750,35,False,resolved,35,crop_out_of_scope
insecticides_20260331.pdf,89,4,,,,False,False,Tolfenpyrad 18.75% + Emamectin Benzoate 0.94% SC,,empty,EMPTY,,,,,,,,empty,EMPTY,,,,,,,,,False,not_applicable,,crop_blank
insecticides_20260331.pdf,89,5,,Cauliflower,,False,False,Tolfenpyrad 18.75% + Emamectin Benzoate 0.94% SC,Diamond black moth (Plutella xylostella)  Tobacco caterpillar (Spodoptera litura),free_text,COMPOUND,free_text,,,,,,140 + 7,unparseable,BARE_NUMBER,,,,,,,700,7,False,resolved,7,crop_out_of_scope
insecticides_20260331.pdf,89,6,,Brinjal,,False,False,Tolfenpyrad 18.75% + Emamectin Benzoate 0.94% SC,"Shoot & Fruit borer (Leucinodes  orbonalis), Jassids (Amrasca biguttula  biguttula )",free_text,COMPOUND,free_text,,,,,,140 + 7,unparseable,BARE_NUMBER,,,,,,,700,3,False,resolved,3,crop_out_of_scope
insecticides_20260331.pdf,89,7,,,,False,False,Tolfenpyrad 30 % + Pyriproxyfen 10 % + Acetamiprid 4% w/w EC,,empty,EMPTY,,,,,,,,empty,EMPTY,,,,,,,,,False,not_applicable,,crop_blank
insecticides_20260331.pdf,89,8,,Chilli,,False,False,Tolfenpyrad 30 % + Pyriproxyfen 10 % + Acetamiprid 4% w/w EC,"Aphids, Black Thrips, Whitefly and  Jassids",free_text,COMPOUND,free_text,,,,,,150 + 50 + 20,unparseable,BARE_NUMBER,,,,,,,500,7,False,resolved,7,crop_out_of_scope
insecticides_20260331.pdf,89,9,,,,False,False,Flonicamid 15% + Pyriproxyfen 12% + Acetamiprid 2% ME,,empty,EMPTY,,,,,,,,empty,EMPTY,,,,,,,,,False,not_applicable,,crop_blank
insecticides_20260331.pdf,89,11,,,,False,False,Triflumezopyrim 4.79% + Spinetoram 8.62% w/w SC,,empty,EMPTY,,,,,,,,empty,EMPTY,,,,,,,,,False,not_applicable,,crop_blank
insecticides_20260331.pdf,89,12,,Paddy,,False,False,Triflumezopyrim 4.79% + Spinetoram 8.62% w/w SC,"Brown Plant Hopper (Nilaparvata  lugens), White Backed Plant  Hopper (Sogatellafurcifera), Stem  borer (Scirpophaga incertulas)",free_text,COMPOUND,free_text,,,,,,70 (25+45),unparseable,BARE_NUMBER,,,,,,,500,21,False,resolved,21,crop_out_of_scope
insecticides_20260331.pdf,89,13,,,,False,False,Triflumezopyrim 10% w/w + Spinetoram 12% w/w WG,,empty,EMPTY,,,,,,,,empty,EMPTY,,,,,,,,,False,not_applicable,,crop_blank
insecticides_20260331.pdf,89,14,,Paddy,,False,False,Triflumezopyrim 10% w/w + Spinetoram 12% w/w WG,"Brown Plant Hopper (Nilaparvata  lugens), White Back Plant Hopper  (Sogatella furcifera) Leaf Folder  (Cnaphalocrosis medinalis)",free_text,COMPOUND,free_text,,,,,,55 (25 +  30),unparseable,BARE_NUMBER,,,,,,,250,21,False,resolved,21,crop_out_of_scope
insecticides_20260331.pdf,89,15,,,,False,False,,,empty,EMPTY,,,,,,,,empty,EMPTY,,,,,,,,,False,not_applicable,,crop_blank
insecticides_20260331.pdf,89,16,,,,False,False,,,empty,EMPTY,,,,,,,,empty,EMPTY,,,,,,,,,False,not_applicable,,crop_blank
insecticides_20260331.pdf,89,17,,,,False,False,,,empty,EMPTY,,,,,,,,empty,EMPTY,,,,,,,,,False,not_applicable,,crop_blank
insecticides_20260331.pdf,90,0,,,,False,False,,,empty,EMPTY,,,,,,,,empty,EMPTY,,,,,,,,,False,not_applicable,,crop_blank
insecticides_20260331.pdf,90,1,,,,False,False,,,empty,EMPTY,,,,,,,,empty,EMPTY,,,,,,,,,False,not_applicable,,crop_blank
insecticides_20260331.pdf,90,2,,,,False,False,,,empty,EMPTY,,,,,,,,empty,EMPTY,,,,,,,,,False,not_applicable,,crop_blank
insecticides_20260331.pdf,90,3,,,,False,False,,,empty,EMPTY,,,,,,,,empty,EMPTY,,,,,,,,,False,not_applicable,,crop_blank
insecticides_20260331.pdf,90,4,,,,False,False,,,empty,EMPTY,,,,,,,,empty,EMPTY,,,,,,,,,False,not_applicable,,crop_blank
insecticides_20260331.pdf,90,5,,,,False,False,,,empty,EMPTY,,,,,,,,empty,EMPTY,,,,,,,,,False,not_applicable,,crop_blank
insecticides_20260331.pdf,90,6,,,,False,False,,,empty,EMPTY,,,,,,,,empty,EMPTY,,,,,,,,,False,not_applicable,,crop_blank
insecticides_20260331.pdf,90,7,,,,False,False,,,empty,EMPTY,,,,,,,,empty,EMPTY,,,,,,,,,False,not_applicable,,crop_blank
insecticides_20260331.pdf,90,8,,,,False,False,,,empty,EMPTY,,,,,,,,empty,EMPTY,,,,,,,,,False,not_applicable,,crop_blank
insecticides_20260331.pdf,90,9,,,,False,False,,,empty,EMPTY,,,,,,,,empty,EMPTY,,,,,,,,,False,not_applicable,,crop_blank
insecticides_20260331.pdf,90,10,,,,False,False,,,empty,EMPTY,,,,,,,,empty,EMPTY,,,,,,,,,False,not_applicable,,crop_blank
insecticides_20260331.pdf,90,11,,,,False,False,,,empty,EMPTY,,,,,,,,empty,EMPTY,,,,,,,,,False,not_applicable,,crop_blank
insecticides_20260331.pdf,90,12,,,,False,False,,,empty,EMPTY,,,,,,,,empty,EMPTY,,,,,,,,,False,not_applicable,,crop_blank
insecticides_20260331.pdf,90,13,,,,False,False,,,empty,EMPTY,,,,,,,,empty,EMPTY,,,,,,,,,False,not_applicable,,crop_blank
insecticides_20260331.pdf,90,14,,,,False,False,,,empty,EMPTY,,,,,,,,empty,EMPTY,,,,,,,,,False,not_applicable,,crop_blank
insecticides_20260331.pdf,90,15,,,,False,False,,,empty,EMPTY,,,,,,,,empty,EMPTY,,,,,,,,,False,not_applicable,,crop_blank
insecticides_20260331.pdf,90,16,,,,False,False,,,empty,EMPTY,,,,,,,,empty,EMPTY,,,,,,,,,False,not_applicable,,crop_blank
insecticides_20260331.pdf,90,17,,,,False,False,,,empty,EMPTY,,,,,,,,empty,EMPTY,,,,,,,,,False,not_applicable,,crop_blank
insecticides_20260331.pdf,90,18,,,,False,False,,,empty,EMPTY,,,,,,,,empty,EMPTY,,,,,,,,,False,not_applicable,,crop_blank
insecticides_20260331.pdf,91,0,,,,False,False,,,empty,EMPTY,,,,,,,,empty,EMPTY,,,,,,,,,False,not_applicable,,crop_blank
insecticides_20260331.pdf,91,1,,,,False,False,,,empty,EMPTY,,,,,,,,empty,EMPTY,,,,,,,,,False,not_applicable,,crop_blank
insecticides_20260331.pdf,91,2,,,,False,False,,,empty,EMPTY,,,,,,,,empty,EMPTY,,,,,,,,,False,not_applicable,,crop_blank
insecticides_20260331.pdf,91,3,,,,False,False,,,empty,EMPTY,,,,,,,,empty,EMPTY,,,,,,,,,False,not_applicable,,crop_blank
insecticides_20260331.pdf,91,4,,,,False,False,,,empty,EMPTY,,,,,,,,empty,EMPTY,,,,,,,,,False,not_applicable,,crop_blank
insecticides_20260331.pdf,91,5,,,,False,False,,,empty,EMPTY,,,,,,,,empty,EMPTY,,,,,,,,,False,not_applicable,,crop_blank
insecticides_20260331.pdf,91,6,,,,False,False,,,empty,EMPTY,,,,,,,,empty,EMPTY,,,,,,,,,False,not_applicable,,crop_blank
insecticides_20260331.pdf,91,7,,,,False,False,,,empty,EMPTY,,,,,,,,empty,EMPTY,,,,,,,,,False,not_applicable,,crop_blank
insecticides_20260331.pdf,91,8,,,,False,False,,,empty,EMPTY,,,,,,,,empty,EMPTY,,,,,,,,,False,not_applicable,,crop_blank
insecticides_20260331.pdf,91,9,,,,False,False,,,empty,EMPTY,,,,,,,,empty,EMPTY,,,,,,,,,False,not_applicable,,crop_blank
insecticides_20260331.pdf,91,10,,,,False,False,,,empty,EMPTY,,,,,,,,empty,EMPTY,,,,,,,,,False,not_applicable,,crop_blank
insecticides_20260331.pdf,91,11,,,,False,False,,,empty,EMPTY,,,,,,,,empty,EMPTY,,,,,,,,,False,not_applicable,,crop_blank
insecticides_20260331.pdf,91,12,,,,False,False,,,empty,EMPTY,,,,,,,,empty,EMPTY,,,,,,,,,False,not_applicable,,crop_blank
insecticides_20260331.pdf,91,13,,,,False,False,,,empty,EMPTY,,,,,,,,empty,EMPTY,,,,,,,,,False,not_applicable,,crop_blank
insecticides_20260331.pdf,91,14,,,,False,False,,,empty,EMPTY,,,,,,,,empty,EMPTY,,,,,,,,,False,not_applicable,,crop_blank
insecticides_20260331.pdf,91,15,,,,False,False,,,empty,EMPTY,,,,,,,,empty,EMPTY,,,,,,,,,False,not_applicable,,crop_blank
insecticides_20260331.pdf,91,16,,,,False,False,,,empty,EMPTY,,,,,,,,empty,EMPTY,,,,,,,,,False,not_applicable,,crop_blank
insecticides_20260331.pdf,91,17,,,,False,False,,,empty,EMPTY,,,,,,,,empty,EMPTY,,,,,,,,,False,not_applicable,,crop_blank
insecticides_20260331.pdf,92,0,,,,False,False,,,empty,EMPTY,,,,,,,,empty,EMPTY,,,,,,,,,False,not_applicable,,crop_blank
insecticides_20260331.pdf,92,1,,,,False,False,,,empty,EMPTY,,,,,,,,empty,EMPTY,,,,,,,,,False,not_applicable,,crop_blank
insecticides_20260331.pdf,92,2,,,,False,False,,,empty,EMPTY,,,,,,,,empty,EMPTY,,,,,,,,,False,not_applicable,,crop_blank
insecticides_20260331.pdf,92,3,,,,False,False,,,empty,EMPTY,,,,,,,,empty,EMPTY,,,,,,,,,False,not_applicable,,crop_blank
insecticides_20260331.pdf,92,4,,,,False,False,,,empty,EMPTY,,,,,,,,empty,EMPTY,,,,,,,,,False,not_applicable,,crop_blank
insecticides_20260331.pdf,92,5,,,,False,False,,,empty,EMPTY,,,,,,,,empty,EMPTY,,,,,,,,,False,not_applicable,,crop_blank
insecticides_20260331.pdf,92,6,,,,False,False,,,empty,EMPTY,,,,,,,,empty,EMPTY,,,,,,,,,False,not_applicable,,crop_blank
insecticides_20260331.pdf,92,7,,,,False,False,,,empty,EMPTY,,,,,,,,empty,EMPTY,,,,,,,,,False,not_applicable,,crop_blank
insecticides_20260331.pdf,92,8,,,,False,False,,,empty,EMPTY,,,,,,,,empty,EMPTY,,,,,,,,,False,not_applicable,,crop_blank
insecticides_20260331.pdf,92,9,,,,False,False,,,empty,EMPTY,,,,,,,,empty,EMPTY,,,,,,,,,False,not_applicable,,crop_blank
insecticides_20260331.pdf,92,10,,,,False,False,,,empty,EMPTY,,,,,,,,empty,EMPTY,,,,,,,,,False,not_applicable,,crop_blank
insecticides_20260331.pdf,92,11,,,,False,False,,,empty,EMPTY,,,,,,,,empty,EMPTY,,,,,,,,,False,not_applicable,,crop_blank
insecticides_20260331.pdf,92,12,,,,False,False,,,empty,EMPTY,,,,,,,,empty,EMPTY,,,,,,,,,False,not_applicable,,crop_blank
insecticides_20260331.pdf,92,13,,,,False,False,,,empty,EMPTY,,,,,,,,empty,EMPTY,,,,,,,,,False,not_applicable,,crop_blank
insecticides_20260331.pdf,92,14,,,,False,False,,,empty,EMPTY,,,,,,,,empty,EMPTY,,,,,,,,,False,not_applicable,,crop_blank
insecticides_20260331.pdf,92,15,,,,False,False,,,empty,EMPTY,,,,,,,,empty,EMPTY,,,,,,,,,False,not_applicable,,crop_blank
insecticides_20260331.pdf,92,16,,,,False,False,,,empty,EMPTY,,,,,,,,empty,EMPTY,,,,,,,,,False,not_applicable,,crop_blank
insecticides_20260331.pdf,92,17,,,,False,False,,,empty,EMPTY,,,,,,,,empty,EMPTY,,,,,,,,,False,not_applicable,,crop_blank
insecticides_20260331.pdf,92,18,,,,False,False,,,empty,EMPTY,,,,,,,,empty,EMPTY,,,,,,,,,False,not_applicable,,crop_blank
insecticides_20260331.pdf,92,19,,,,False,False,,,empty,EMPTY,,,,,,,,empty,EMPTY,,,,,,,,,False,not_applicable,,crop_blank
insecticides_20260331.pdf,92,20,,,,False,False,,,empty,EMPTY,,,,,,,,empty,EMPTY,,,,,,,,,False,not_applicable,,crop_blank
insecticides_20260331.pdf,92,21,,,,False,False,,,empty,EMPTY,,,,,,,,empty,EMPTY,,,,,,,,,False,not_applicable,,crop_blank
insecticides_20260331.pdf,93,0,,,,False,False,,,empty,EMPTY,,,,,,,,empty,EMPTY,,,,,,,,,False,not_applicable,,crop_blank
insecticides_20260331.pdf,93,1,,,,False,False,,,empty,EMPTY,,,,,,,,empty,EMPTY,,,,,,,,,False,not_applicable,,crop_blank
insecticides_20260331.pdf,93,2,,,,False,False,,,empty,EMPTY,,,,,,,,empty,EMPTY,,,,,,,,,False,not_applicable,,crop_blank
insecticides_20260331.pdf,93,3,,,,False,False,,,empty,EMPTY,,,,,,,,empty,EMPTY,,,,,,,,,False,not_applicable,,crop_blank
insecticides_20260331.pdf,93,4,,,,False,False,,,empty,EMPTY,,,,,,,,empty,EMPTY,,,,,,,,,False,not_applicable,,crop_blank
insecticides_20260331.pdf,93,5,,,,False,False,,,empty,EMPTY,,,,,,,,empty,EMPTY,,,,,,,,,False,not_applicable,,crop_blank
insecticides_20260331.pdf,93,6,,,,False,False,,,empty,EMPTY,,,,,,,,empty,EMPTY,,,,,,,,,False,not_applicable,,crop_blank
insecticides_20260331.pdf,93,7,,,,False,False,,,empty,EMPTY,,,,,,,,empty,EMPTY,,,,,,,,,False,not_applicable,,crop_blank
insecticides_20260331.pdf,93,8,,,,False,False,,,empty,EMPTY,,,,,,,,empty,EMPTY,,,,,,,,,False,not_applicable,,crop_blank
insecticides_20260331.pdf,93,9,,,,False,False,,,empty,EMPTY,,,,,,,,empty,EMPTY,,,,,,,,,False,not_applicable,,crop_blank
insecticides_20260331.pdf,93,10,,,,False,False,,,empty,EMPTY,,,,,,,,empty,EMPTY,,,,,,,,,False,not_applicable,,crop_blank
insecticides_20260331.pdf,94,0,,,,False,False,,,empty,EMPTY,,,,,,,,empty,EMPTY,,,,,,,,,False,not_applicable,,crop_blank
insecticides_20260331.pdf,94,1,,,,False,False,,,empty,EMPTY,,,,,,,,empty,EMPTY,,,,,,,,,False,not_applicable,,crop_blank
insecticides_20260331.pdf,94,2,,,,False,False,,,empty,EMPTY,,,,,,,,empty,EMPTY,,,,,,,,,False,not_applicable,,crop_blank
insecticides_20260331.pdf,94,3,,,,False,False,,,empty,EMPTY,,,,,,,,empty,EMPTY,,,,,,,,,False,not_applicable,,crop_blank
insecticides_20260331.pdf,94,4,,,,False,False,,,empty,EMPTY,,,,,,,,empty,EMPTY,,,,,,,,,False,not_applicable,,crop_blank
insecticides_20260331.pdf,94,5,,,,False,False,,,empty,EMPTY,,,,,,,,empty,EMPTY,,,,,,,,,False,not_applicable,,crop_blank
insecticides_20260331.pdf,94,6,,,,False,False,,,empty,EMPTY,,,,,,,,empty,EMPTY,,,,,,,,,False,not_applicable,,crop_blank
insecticides_20260331.pdf,94,7,,,,False,False,,,empty,EMPTY,,,,,,,,empty,EMPTY,,,,,,,,,False,not_applicable,,crop_blank
insecticides_20260331.pdf,94,8,,,,False,False,,,empty,EMPTY,,,,,,,,empty,EMPTY,,,,,,,,,False,not_applicable,,crop_blank
insecticides_20260331.pdf,94,9,,,,False,False,,,empty,EMPTY,,,,,,,,empty,EMPTY,,,,,,,,,False,not_applicable,,crop_blank
insecticides_20260331.pdf,94,10,,,,False,False,,,empty,EMPTY,,,,,,,,empty,EMPTY,,,,,,,,,False,not_applicable,,crop_blank
insecticides_20260331.pdf,94,11,,,,False,False,,,empty,EMPTY,,,,,,,,empty,EMPTY,,,,,,,,,False,not_applicable,,crop_blank
insecticides_20260331.pdf,94,12,,,,False,False,,,empty,EMPTY,,,,,,,,empty,EMPTY,,,,,,,,,False,not_applicable,,crop_blank
insecticides_20260331.pdf,94,13,,,,False,False,,,empty,EMPTY,,,,,,,,empty,EMPTY,,,,,,,,,False,not_applicable,,crop_blank
insecticides_20260331.pdf,94,14,,,,False,False,,,empty,EMPTY,,,,,,,,empty,EMPTY,,,,,,,,,False,not_applicable,,crop_blank
insecticides_20260331.pdf,95,0,,,,False,False,,,empty,EMPTY,,,,,,,,empty,EMPTY,,,,,,,,,False,not_applicable,,crop_blank
insecticides_20260331.pdf,95,1,,,,False,False,,,empty,EMPTY,,,,,,,,empty,EMPTY,,,,,,,,,False,not_applicable,,crop_blank
insecticides_20260331.pdf,95,2,,,,False,False,,,empty,EMPTY,,,,,,,,empty,EMPTY,,,,,,,,,False,not_applicable,,crop_blank
insecticides_20260331.pdf,95,3,,,,False,False,,,empty,EMPTY,,,,,,,,empty,EMPTY,,,,,,,,,False,not_applicable,,crop_blank
insecticides_20260331.pdf,95,4,,,,False,False,,,empty,EMPTY,,,,,,,,empty,EMPTY,,,,,,,,,False,not_applicable,,crop_blank
insecticides_20260331.pdf,95,5,,,,False,False,,,empty,EMPTY,,,,,,,,empty,EMPTY,,,,,,,,,False,not_applicable,,crop_blank
insecticides_20260331.pdf,95,6,,,,False,False,,,empty,EMPTY,,,,,,,,empty,EMPTY,,,,,,,,,False,not_applicable,,crop_blank
insecticides_20260331.pdf,95,7,,,,False,False,,,empty,EMPTY,,,,,,,,empty,EMPTY,,,,,,,,,False,not_applicable,,crop_blank
insecticides_20260331.pdf,95,8,,,,False,False,,,empty,EMPTY,,,,,,,,empty,EMPTY,,,,,,,,,False,not_applicable,,crop_blank
insecticides_20260331.pdf,95,9,,,,False,False,,,empty,EMPTY,,,,,,,,empty,EMPTY,,,,,,,,,False,not_applicable,,crop_blank
insecticides_20260331.pdf,95,10,,,,False,False,,,empty,EMPTY,,,,,,,,empty,EMPTY,,,,,,,,,False,not_applicable,,crop_blank
insecticides_20260331.pdf,95,11,,,,False,False,,,empty,EMPTY,,,,,,,,empty,EMPTY,,,,,,,,,False,not_applicable,,crop_blank
insecticides_20260331.pdf,95,12,,,,False,False,,,empty,EMPTY,,,,,,,,empty,EMPTY,,,,,,,,,False,not_applicable,,crop_blank
insecticides_20260331.pdf,95,13,,,,False,False,,,empty,EMPTY,,,,,,,,empty,EMPTY,,,,,,,,,False,not_applicable,,crop_blank
insecticides_20260331.pdf,95,14,,,,False,False,,,empty,EMPTY,,,,,,,,empty,EMPTY,,,,,,,,,False,not_applicable,,crop_blank
insecticides_20260331.pdf,95,15,,,,False,False,,,empty,EMPTY,,,,,,,,empty,EMPTY,,,,,,,,,False,not_applicable,,crop_blank
insecticides_20260331.pdf,95,16,,,,False,False,,,empty,EMPTY,,,,,,,,empty,EMPTY,,,,,,,,,False,not_applicable,,crop_blank
insecticides_20260331.pdf,95,17,,,,False,False,,,empty,EMPTY,,,,,,,,empty,EMPTY,,,,,,,,,False,not_applicable,,crop_blank
insecticides_20260331.pdf,95,18,,,,False,False,,,empty,EMPTY,,,,,,,,empty,EMPTY,,,,,,,,,False,not_applicable,,crop_blank
insecticides_20260331.pdf,95,19,,,,False,False,,,empty,EMPTY,,,,,,,,empty,EMPTY,,,,,,,,,False,not_applicable,,crop_blank
insecticides_20260331.pdf,95,20,,,,False,False,,,empty,EMPTY,,,,,,,,empty,EMPTY,,,,,,,,,False,not_applicable,,crop_blank
insecticides_20260331.pdf,95,21,,,,False,False,,,empty,EMPTY,,,,,,,,empty,EMPTY,,,,,,,,,False,not_applicable,,crop_blank
insecticides_20260331.pdf,95,22,,,,False,False,,,empty,EMPTY,,,,,,,,empty,EMPTY,,,,,,,,,False,not_applicable,,crop_blank
insecticides_20260331.pdf,95,23,,,,False,False,,,empty,EMPTY,,,,,,,,empty,EMPTY,,,,,,,,,False,not_applicable,,crop_blank
insecticides_20260331.pdf,95,24,,,,False,False,,,empty,EMPTY,,,,,,,,empty,EMPTY,,,,,,,,,False,not_applicable,,crop_blank
insecticides_20260331.pdf,96,0,,,,False,False,,,empty,EMPTY,,,,,,,,empty,EMPTY,,,,,,,,,False,not_applicable,,crop_blank
insecticides_20260331.pdf,96,1,,,,False,False,,,empty,EMPTY,,,,,,,,empty,EMPTY,,,,,,,,,False,not_applicable,,crop_blank
insecticides_20260331.pdf,96,2,,,,False,False,,,empty,EMPTY,,,,,,,,empty,EMPTY,,,,,,,,,False,not_applicable,,crop_blank
insecticides_20260331.pdf,96,3,,,,False,False,,,empty,EMPTY,,,,,,,,empty,EMPTY,,,,,,,,,False,not_applicable,,crop_blank
insecticides_20260331.pdf,96,4,,,,False,False,,,empty,EMPTY,,,,,,,,empty,EMPTY,,,,,,,,,False,not_applicable,,crop_blank
insecticides_20260331.pdf,96,5,,,,False,False,,,empty,EMPTY,,,,,,,,empty,EMPTY,,,,,,,,,False,not_applicable,,crop_blank
insecticides_20260331.pdf,96,6,,,,False,False,,,empty,EMPTY,,,,,,,,empty,EMPTY,,,,,,,,,False,not_applicable,,crop_blank
insecticides_20260331.pdf,96,7,,,,False,False,,,empty,EMPTY,,,,,,,,empty,EMPTY,,,,,,,,,False,not_applicable,,crop_blank
insecticides_20260331.pdf,96,8,,,,False,False,,,empty,EMPTY,,,,,,,,empty,EMPTY,,,,,,,,,False,not_applicable,,crop_blank
insecticides_20260331.pdf,96,9,,,,False,False,,,empty,EMPTY,,,,,,,,empty,EMPTY,,,,,,,,,False,not_applicable,,crop_blank
insecticides_20260331.pdf,96,10,,,,False,False,,,empty,EMPTY,,,,,,,,empty,EMPTY,,,,,,,,,False,not_applicable,,crop_blank
insecticides_20260331.pdf,96,11,,,,False,False,,,empty,EMPTY,,,,,,,,empty,EMPTY,,,,,,,,,False,not_applicable,,crop_blank
insecticides_20260331.pdf,96,12,,,,False,False,,,empty,EMPTY,,,,,,,,empty,EMPTY,,,,,,,,,False,not_applicable,,crop_blank
insecticides_20260331.pdf,96,13,,,,False,False,,,empty,EMPTY,,,,,,,,empty,EMPTY,,,,,,,,,False,not_applicable,,crop_blank
insecticides_20260331.pdf,96,14,,,,False,False,,,empty,EMPTY,,,,,,,,empty,EMPTY,,,,,,,,,False,not_applicable,,crop_blank
insecticides_20260331.pdf,96,15,,,,False,False,,,empty,EMPTY,,,,,,,,empty,EMPTY,,,,,,,,,False,not_applicable,,crop_blank
insecticides_20260331.pdf,96,16,,,,False,False,,,empty,EMPTY,,,,,,,,empty,EMPTY,,,,,,,,,False,not_applicable,,crop_blank
insecticides_20260331.pdf,96,17,,,,False,False,,,empty,EMPTY,,,,,,,,empty,EMPTY,,,,,,,,,False,not_applicable,,crop_blank
insecticides_20260331.pdf,96,18,,,,False,False,,,empty,EMPTY,,,,,,,,empty,EMPTY,,,,,,,,,False,not_applicable,,crop_blank
insecticides_20260331.pdf,97,0,,,,False,False,,,empty,EMPTY,,,,,,,,empty,EMPTY,,,,,,,,,False,not_applicable,,crop_blank
insecticides_20260331.pdf,97,1,,,,False,False,,,empty,EMPTY,,,,,,,,empty,EMPTY,,,,,,,,,False,not_applicable,,crop_blank
insecticides_20260331.pdf,97,2,,,,False,False,,,empty,EMPTY,,,,,,,,empty,EMPTY,,,,,,,,,False,not_applicable,,crop_blank
insecticides_20260331.pdf,97,3,,,,False,False,,,empty,EMPTY,,,,,,,,empty,EMPTY,,,,,,,,,False,not_applicable,,crop_blank
insecticides_20260331.pdf,97,4,,,,False,False,,,empty,EMPTY,,,,,,,,empty,EMPTY,,,,,,,,,False,not_applicable,,crop_blank
insecticides_20260331.pdf,97,5,,,,False,False,,,empty,EMPTY,,,,,,,,empty,EMPTY,,,,,,,,,False,not_applicable,,crop_blank
insecticides_20260331.pdf,97,6,,,,False,False,,,empty,EMPTY,,,,,,,,empty,EMPTY,,,,,,,,,False,not_applicable,,crop_blank
insecticides_20260331.pdf,97,7,,,,False,False,,,empty,EMPTY,,,,,,,,empty,EMPTY,,,,,,,,,False,not_applicable,,crop_blank
insecticides_20260331.pdf,97,8,,,,False,False,,,empty,EMPTY,,,,,,,,empty,EMPTY,,,,,,,,,False,not_applicable,,crop_blank
insecticides_20260331.pdf,97,9,,,,False,False,,,empty,EMPTY,,,,,,,,empty,EMPTY,,,,,,,,,False,not_applicable,,crop_blank
insecticides_20260331.pdf,97,10,,,,False,False,,,empty,EMPTY,,,,,,,,empty,EMPTY,,,,,,,,,False,not_applicable,,crop_blank
insecticides_20260331.pdf,97,11,,,,False,False,,,empty,EMPTY,,,,,,,,empty,EMPTY,,,,,,,,,False,not_applicable,,crop_blank
insecticides_20260331.pdf,97,12,,,,False,False,,,empty,EMPTY,,,,,,,,empty,EMPTY,,,,,,,,,False,not_applicable,,crop_blank
insecticides_20260331.pdf,97,13,,,,False,False,,,empty,EMPTY,,,,,,,,empty,EMPTY,,,,,,,,,False,not_applicable,,crop_blank
insecticides_20260331.pdf,97,14,,,,False,False,,,empty,EMPTY,,,,,,,,empty,EMPTY,,,,,,,,,False,not_applicable,,crop_blank
insecticides_20260331.pdf,97,15,,,,False,False,,,empty,EMPTY,,,,,,,,empty,EMPTY,,,,,,,,,False,not_applicable,,crop_blank
insecticides_20260331.pdf,97,16,,,,False,False,,,empty,EMPTY,,,,,,,,empty,EMPTY,,,,,,,,,False,not_applicable,,crop_blank
insecticides_20260331.pdf,97,17,,,,False,False,,,empty,EMPTY,,,,,,,,empty,EMPTY,,,,,,,,,False,not_applicable,,crop_blank
insecticides_20260331.pdf,98,0,,,,False,False,,,empty,EMPTY,,,,,,,,empty,EMPTY,,,,,,,,,False,not_applicable,,crop_blank
insecticides_20260331.pdf,98,1,,,,False,False,,,empty,EMPTY,,,,,,,,empty,EMPTY,,,,,,,,,False,not_applicable,,crop_blank
insecticides_20260331.pdf,98,2,,,,False,False,,,empty,EMPTY,,,,,,,,empty,EMPTY,,,,,,,,,False,not_applicable,,crop_blank
insecticides_20260331.pdf,98,3,,,,False,False,,,empty,EMPTY,,,,,,,,empty,EMPTY,,,,,,,,,False,not_applicable,,crop_blank
insecticides_20260331.pdf,98,4,,,,False,False,,,empty,EMPTY,,,,,,,,empty,EMPTY,,,,,,,,,False,not_applicable,,crop_blank
insecticides_20260331.pdf,98,5,,,,False,False,,,empty,EMPTY,,,,,,,,empty,EMPTY,,,,,,,,,False,not_applicable,,crop_blank
insecticides_20260331.pdf,98,6,,,,False,False,,,empty,EMPTY,,,,,,,,empty,EMPTY,,,,,,,,,False,not_applicable,,crop_blank
insecticides_20260331.pdf,98,7,,,,False,False,,,empty,EMPTY,,,,,,,,empty,EMPTY,,,,,,,,,False,not_applicable,,crop_blank
insecticides_20260331.pdf,98,8,,,,False,False,,,empty,EMPTY,,,,,,,,empty,EMPTY,,,,,,,,,False,not_applicable,,crop_blank
insecticides_20260331.pdf,98,9,,,,False,False,,,empty,EMPTY,,,,,,,,empty,EMPTY,,,,,,,,,False,not_applicable,,crop_blank
insecticides_20260331.pdf,98,10,,,,False,False,,,empty,EMPTY,,,,,,,,empty,EMPTY,,,,,,,,,False,not_applicable,,crop_blank
insecticides_20260331.pdf,98,11,,,,False,False,,,empty,EMPTY,,,,,,,,empty,EMPTY,,,,,,,,,False,not_applicable,,crop_blank
insecticides_20260331.pdf,98,12,,,,False,False,,,empty,EMPTY,,,,,,,,empty,EMPTY,,,,,,,,,False,not_applicable,,crop_blank
insecticides_20260331.pdf,98,13,,,,False,False,,,empty,EMPTY,,,,,,,,empty,EMPTY,,,,,,,,,False,not_applicable,,crop_blank
insecticides_20260331.pdf,98,14,,,,False,False,,,empty,EMPTY,,,,,,,,empty,EMPTY,,,,,,,,,False,not_applicable,,crop_blank
insecticides_20260331.pdf,99,0,,,,False,False,,,empty,EMPTY,,,,,,,,empty,EMPTY,,,,,,,,,False,not_applicable,,crop_blank
insecticides_20260331.pdf,99,1,,,,False,False,,,empty,EMPTY,,,,,,,,empty,EMPTY,,,,,,,,,False,not_applicable,,crop_blank
insecticides_20260331.pdf,99,2,,,,False,False,,,empty,EMPTY,,,,,,,,empty,EMPTY,,,,,,,,,False,not_applicable,,crop_blank
insecticides_20260331.pdf,99,3,,,,False,False,,,empty,EMPTY,,,,,,,,empty,EMPTY,,,,,,,,,False,not_applicable,,crop_blank
insecticides_20260331.pdf,99,4,,,,False,False,,,empty,EMPTY,,,,,,,,empty,EMPTY,,,,,,,,,False,not_applicable,,crop_blank
insecticides_20260331.pdf,99,5,,,,False,False,,,empty,EMPTY,,,,,,,,empty,EMPTY,,,,,,,,,False,not_applicable,,crop_blank
insecticides_20260331.pdf,99,6,,,,False,False,,,empty,EMPTY,,,,,,,,empty,EMPTY,,,,,,,,,False,not_applicable,,crop_blank
insecticides_20260331.pdf,99,7,,,,False,False,,,empty,EMPTY,,,,,,,,empty,EMPTY,,,,,,,,,False,not_applicable,,crop_blank
insecticides_20260331.pdf,99,8,,,,False,False,,,empty,EMPTY,,,,,,,,empty,EMPTY,,,,,,,,,False,not_applicable,,crop_blank
insecticides_20260331.pdf,99,9,,,,False,False,,,empty,EMPTY,,,,,,,,empty,EMPTY,,,,,,,,,False,not_applicable,,crop_blank
insecticides_20260331.pdf,99,10,,,,False,False,,,empty,EMPTY,,,,,,,,empty,EMPTY,,,,,,,,,False,not_applicable,,crop_blank
insecticides_20260331.pdf,99,11,,,,False,False,,,empty,EMPTY,,,,,,,,empty,EMPTY,,,,,,,,,False,not_applicable,,crop_blank
insecticides_20260331.pdf,99,12,,,,False,False,,,empty,EMPTY,,,,,,,,empty,EMPTY,,,,,,,,,False,not_applicable,,crop_blank
insecticides_20260331.pdf,99,13,,,,False,False,,,empty,EMPTY,,,,,,,,empty,EMPTY,,,,,,,,,False,not_applicable,,crop_blank
insecticides_20260331.pdf,99,14,,,,False,False,,,empty,EMPTY,,,,,,,,empty,EMPTY,,,,,,,,,False,not_applicable,,crop_blank
insecticides_20260331.pdf,99,15,,,,False,False,,,empty,EMPTY,,,,,,,,empty,EMPTY,,,,,,,,,False,not_applicable,,crop_blank
insecticides_20260331.pdf,99,16,,,,False,False,,,empty,EMPTY,,,,,,,,empty,EMPTY,,,,,,,,,False,not_applicable,,crop_blank
insecticides_20260331.pdf,99,17,,,,False,False,,,empty,EMPTY,,,,,,,,empty,EMPTY,,,,,,,,,False,not_applicable,,crop_blank
insecticides_20260331.pdf,99,18,,,,False,False,,,empty,EMPTY,,,,,,,,empty,EMPTY,,,,,,,,,False,not_applicable,,crop_blank
insecticides_20260331.pdf,99,19,,,,False,False,,,empty,EMPTY,,,,,,,,empty,EMPTY,,,,,,,,,False,not_applicable,,crop_blank
insecticides_20260331.pdf,99,20,,,,False,False,,,empty,EMPTY,,,,,,,,empty,EMPTY,,,,,,,,,False,not_applicable,,crop_blank
insecticides_20260331.pdf,100,0,,,,False,False,,,empty,EMPTY,,,,,,,,empty,EMPTY,,,,,,,,,False,not_applicable,,crop_blank
insecticides_20260331.pdf,100,1,,,,False,False,,,empty,EMPTY,,,,,,,,empty,EMPTY,,,,,,,,,False,not_applicable,,crop_blank
insecticides_20260331.pdf,100,2,,,,False,False,,,empty,EMPTY,,,,,,,,empty,EMPTY,,,,,,,,,False,not_applicable,,crop_blank
insecticides_20260331.pdf,100,3,,,,False,False,,,empty,EMPTY,,,,,,,,empty,EMPTY,,,,,,,,,False,not_applicable,,crop_blank
insecticides_20260331.pdf,100,4,,,,False,False,,,empty,EMPTY,,,,,,,,empty,EMPTY,,,,,,,,,False,not_applicable,,crop_blank
insecticides_20260331.pdf,100,5,,,,False,False,,,empty,EMPTY,,,,,,,,empty,EMPTY,,,,,,,,,False,not_applicable,,crop_blank
insecticides_20260331.pdf,100,6,,,,False,False,,,empty,EMPTY,,,,,,,,empty,EMPTY,,,,,,,,,False,not_applicable,,crop_blank
insecticides_20260331.pdf,100,7,,,,False,False,,,empty,EMPTY,,,,,,,,empty,EMPTY,,,,,,,,,False,not_applicable,,crop_blank
insecticides_20260331.pdf,100,8,,,,False,False,,,empty,EMPTY,,,,,,,,empty,EMPTY,,,,,,,,,False,not_applicable,,crop_blank
insecticides_20260331.pdf,100,9,,,,False,False,,,empty,EMPTY,,,,,,,,empty,EMPTY,,,,,,,,,False,not_applicable,,crop_blank
insecticides_20260331.pdf,100,10,,,,False,False,,,empty,EMPTY,,,,,,,,empty,EMPTY,,,,,,,,,False,not_applicable,,crop_blank
insecticides_20260331.pdf,100,11,,,,False,False,,,empty,EMPTY,,,,,,,,empty,EMPTY,,,,,,,,,False,not_applicable,,crop_blank
insecticides_20260331.pdf,100,12,,,,False,False,,,empty,EMPTY,,,,,,,,empty,EMPTY,,,,,,,,,False,not_applicable,,crop_blank
insecticides_20260331.pdf,100,13,,,,False,False,,,empty,EMPTY,,,,,,,,empty,EMPTY,,,,,,,,,False,not_applicable,,crop_blank
insecticides_20260331.pdf,100,14,,,,False,False,,,empty,EMPTY,,,,,,,,empty,EMPTY,,,,,,,,,False,not_applicable,,crop_blank
insecticides_20260331.pdf,100,15,,,,False,False,,,empty,EMPTY,,,,,,,,empty,EMPTY,,,,,,,,,False,not_applicable,,crop_blank
insecticides_20260331.pdf,100,16,,,,False,False,,,empty,EMPTY,,,,,,,,empty,EMPTY,,,,,,,,,False,not_applicable,,crop_blank
insecticides_20260331.pdf,100,17,,,,False,False,,,empty,EMPTY,,,,,,,,empty,EMPTY,,,,,,,,,False,not_applicable,,crop_blank
insecticides_20260331.pdf,100,18,,,,False,False,,,empty,EMPTY,,,,,,,,empty,EMPTY,,,,,,,,,False,not_applicable,,crop_blank
insecticides_20260331.pdf,101,0,,,,False,False,,,empty,EMPTY,,,,,,,,empty,EMPTY,,,,,,,,,False,not_applicable,,crop_blank
insecticides_20260331.pdf,101,1,,,,False,False,,,empty,EMPTY,,,,,,,,empty,EMPTY,,,,,,,,,False,not_applicable,,crop_blank
insecticides_20260331.pdf,101,2,,,,False,False,,,empty,EMPTY,,,,,,,,empty,EMPTY,,,,,,,,,False,not_applicable,,crop_blank
insecticides_20260331.pdf,101,3,,,,False,False,,,empty,EMPTY,,,,,,,,empty,EMPTY,,,,,,,,,False,not_applicable,,crop_blank
insecticides_20260331.pdf,101,4,,,,False,False,,,empty,EMPTY,,,,,,,,empty,EMPTY,,,,,,,,,False,not_applicable,,crop_blank
insecticides_20260331.pdf,101,5,,,,False,False,,,empty,EMPTY,,,,,,,,empty,EMPTY,,,,,,,,,False,not_applicable,,crop_blank
insecticides_20260331.pdf,101,6,,,,False,False,,,empty,EMPTY,,,,,,,,empty,EMPTY,,,,,,,,,False,not_applicable,,crop_blank
insecticides_20260331.pdf,101,7,,,,False,False,,,empty,EMPTY,,,,,,,,empty,EMPTY,,,,,,,,,False,not_applicable,,crop_blank
insecticides_20260331.pdf,101,8,,,,False,False,,,empty,EMPTY,,,,,,,,empty,EMPTY,,,,,,,,,False,not_applicable,,crop_blank
insecticides_20260331.pdf,101,9,,,,False,False,,,empty,EMPTY,,,,,,,,empty,EMPTY,,,,,,,,,False,not_applicable,,crop_blank
insecticides_20260331.pdf,101,10,,,,False,False,,,empty,EMPTY,,,,,,,,empty,EMPTY,,,,,,,,,False,not_applicable,,crop_blank
insecticides_20260331.pdf,101,11,,,,False,False,,,empty,EMPTY,,,,,,,,empty,EMPTY,,,,,,,,,False,not_applicable,,crop_blank
insecticides_20260331.pdf,101,12,,,,False,False,,,empty,EMPTY,,,,,,,,empty,EMPTY,,,,,,,,,False,not_applicable,,crop_blank
insecticides_20260331.pdf,101,13,,,,False,False,,,empty,EMPTY,,,,,,,,empty,EMPTY,,,,,,,,,False,not_applicable,,crop_blank
insecticides_20260331.pdf,101,14,,,,False,False,,,empty,EMPTY,,,,,,,,empty,EMPTY,,,,,,,,,False,not_applicable,,crop_blank
insecticides_20260331.pdf,101,15,,,,False,False,,,empty,EMPTY,,,,,,,,empty,EMPTY,,,,,,,,,False,not_applicable,,crop_blank
insecticides_20260331.pdf,101,16,,,,False,False,,,empty,EMPTY,,,,,,,,empty,EMPTY,,,,,,,,,False,not_applicable,,crop_blank
insecticides_20260331.pdf,101,17,,,,False,False,,,empty,EMPTY,,,,,,,,empty,EMPTY,,,,,,,,,False,not_applicable,,crop_blank
insecticides_20260331.pdf,101,18,,,,False,False,,,empty,EMPTY,,,,,,,,empty,EMPTY,,,,,,,,,False,not_applicable,,crop_blank
insecticides_20260331.pdf,102,0,,,,False,False,,,empty,EMPTY,,,,,,,,empty,EMPTY,,,,,,,,,False,not_applicable,,crop_blank
insecticides_20260331.pdf,102,1,,,,False,False,,,empty,EMPTY,,,,,,,,empty,EMPTY,,,,,,,,,False,not_applicable,,crop_blank
insecticides_20260331.pdf,102,2,,,,False,False,,,empty,EMPTY,,,,,,,,empty,EMPTY,,,,,,,,,False,not_applicable,,crop_blank
insecticides_20260331.pdf,102,3,,,,False,False,,,empty,EMPTY,,,,,,,,empty,EMPTY,,,,,,,,,False,not_applicable,,crop_blank
insecticides_20260331.pdf,102,4,,,,False,False,,,empty,EMPTY,,,,,,,,empty,EMPTY,,,,,,,,,False,not_applicable,,crop_blank
insecticides_20260331.pdf,102,5,,,,False,False,,,empty,EMPTY,,,,,,,,empty,EMPTY,,,,,,,,,False,not_applicable,,crop_blank
insecticides_20260331.pdf,102,6,,,,False,False,,,empty,EMPTY,,,,,,,,empty,EMPTY,,,,,,,,,False,not_applicable,,crop_blank
insecticides_20260331.pdf,102,7,,,,False,False,,,empty,EMPTY,,,,,,,,empty,EMPTY,,,,,,,,,False,not_applicable,,crop_blank
insecticides_20260331.pdf,102,8,,,,False,False,,,empty,EMPTY,,,,,,,,empty,EMPTY,,,,,,,,,False,not_applicable,,crop_blank
insecticides_20260331.pdf,102,9,,,,False,False,,,empty,EMPTY,,,,,,,,empty,EMPTY,,,,,,,,,False,not_applicable,,crop_blank
insecticides_20260331.pdf,102,10,,,,False,False,,,empty,EMPTY,,,,,,,,empty,EMPTY,,,,,,,,,False,not_applicable,,crop_blank
insecticides_20260331.pdf,102,11,,,,False,False,,,empty,EMPTY,,,,,,,,empty,EMPTY,,,,,,,,,False,not_applicable,,crop_blank
insecticides_20260331.pdf,102,12,,,,False,False,,,empty,EMPTY,,,,,,,,empty,EMPTY,,,,,,,,,False,not_applicable,,crop_blank
insecticides_20260331.pdf,102,13,,,,False,False,,,empty,EMPTY,,,,,,,,empty,EMPTY,,,,,,,,,False,not_applicable,,crop_blank
insecticides_20260331.pdf,102,14,,,,False,False,,,empty,EMPTY,,,,,,,,empty,EMPTY,,,,,,,,,False,not_applicable,,crop_blank
insecticides_20260331.pdf,102,15,,,,False,False,,,empty,EMPTY,,,,,,,,empty,EMPTY,,,,,,,,,False,not_applicable,,crop_blank
insecticides_20260331.pdf,103,0,,,,False,False,,,empty,EMPTY,,,,,,,,empty,EMPTY,,,,,,,,,False,not_applicable,,crop_blank
insecticides_20260331.pdf,103,1,,,,False,False,,,empty,EMPTY,,,,,,,,empty,EMPTY,,,,,,,,,False,not_applicable,,crop_blank
insecticides_20260331.pdf,103,2,,,,False,False,,,empty,EMPTY,,,,,,,,empty,EMPTY,,,,,,,,,False,not_applicable,,crop_blank
insecticides_20260331.pdf,103,3,,,,False,False,,,empty,EMPTY,,,,,,,,empty,EMPTY,,,,,,,,,False,not_applicable,,crop_blank
insecticides_20260331.pdf,103,4,,,,False,False,,,empty,EMPTY,,,,,,,,empty,EMPTY,,,,,,,,,False,not_applicable,,crop_blank
insecticides_20260331.pdf,103,5,,,,False,False,,,empty,EMPTY,,,,,,,,empty,EMPTY,,,,,,,,,False,not_applicable,,crop_blank
insecticides_20260331.pdf,103,6,,,,False,False,,,empty,EMPTY,,,,,,,,empty,EMPTY,,,,,,,,,False,not_applicable,,crop_blank
insecticides_20260331.pdf,103,7,,,,False,False,,,empty,EMPTY,,,,,,,,empty,EMPTY,,,,,,,,,False,not_applicable,,crop_blank
insecticides_20260331.pdf,103,8,,,,False,False,,,empty,EMPTY,,,,,,,,empty,EMPTY,,,,,,,,,False,not_applicable,,crop_blank
insecticides_20260331.pdf,103,9,,,,False,False,,,empty,EMPTY,,,,,,,,empty,EMPTY,,,,,,,,,False,not_applicable,,crop_blank
insecticides_20260331.pdf,103,10,,,,False,False,,,empty,EMPTY,,,,,,,,empty,EMPTY,,,,,,,,,False,not_applicable,,crop_blank
insecticides_20260331.pdf,103,11,,,,False,False,,,empty,EMPTY,,,,,,,,empty,EMPTY,,,,,,,,,False,not_applicable,,crop_blank
insecticides_20260331.pdf,103,12,,,,False,False,,,empty,EMPTY,,,,,,,,empty,EMPTY,,,,,,,,,False,not_applicable,,crop_blank
insecticides_20260331.pdf,103,13,,,,False,False,,,empty,EMPTY,,,,,,,,empty,EMPTY,,,,,,,,,False,not_applicable,,crop_blank
insecticides_20260331.pdf,103,14,,,,False,False,,,empty,EMPTY,,,,,,,,empty,EMPTY,,,,,,,,,False,not_applicable,,crop_blank
insecticides_20260331.pdf,103,15,,,,False,False,,,empty,EMPTY,,,,,,,,empty,EMPTY,,,,,,,,,False,not_applicable,,crop_blank
insecticides_20260331.pdf,103,16,,,,False,False,,,empty,EMPTY,,,,,,,,empty,EMPTY,,,,,,,,,False,not_applicable,,crop_blank
insecticides_20260331.pdf,103,17,,,,False,False,,,empty,EMPTY,,,,,,,,empty,EMPTY,,,,,,,,,False,not_applicable,,crop_blank
insecticides_20260331.pdf,103,18,,,,False,False,,,empty,EMPTY,,,,,,,,empty,EMPTY,,,,,,,,,False,not_applicable,,crop_blank
insecticides_20260331.pdf,104,0,,,,False,False,,,empty,EMPTY,,,,,,,,empty,EMPTY,,,,,,,,,False,not_applicable,,crop_blank
insecticides_20260331.pdf,104,1,,,,False,False,,,empty,EMPTY,,,,,,,,empty,EMPTY,,,,,,,,,False,not_applicable,,crop_blank
insecticides_20260331.pdf,104,2,,,,False,False,,,empty,EMPTY,,,,,,,,empty,EMPTY,,,,,,,,,False,not_applicable,,crop_blank
insecticides_20260331.pdf,104,3,,,,False,False,,,empty,EMPTY,,,,,,,,empty,EMPTY,,,,,,,,,False,not_applicable,,crop_blank
insecticides_20260331.pdf,104,4,,,,False,False,,,empty,EMPTY,,,,,,,,empty,EMPTY,,,,,,,,,False,not_applicable,,crop_blank
insecticides_20260331.pdf,104,5,,,,False,False,,,empty,EMPTY,,,,,,,,empty,EMPTY,,,,,,,,,False,not_applicable,,crop_blank
insecticides_20260331.pdf,104,6,,,,False,False,,,empty,EMPTY,,,,,,,,empty,EMPTY,,,,,,,,,False,not_applicable,,crop_blank
insecticides_20260331.pdf,104,7,,,,False,False,,,empty,EMPTY,,,,,,,,empty,EMPTY,,,,,,,,,False,not_applicable,,crop_blank
insecticides_20260331.pdf,104,8,,,,False,False,,,empty,EMPTY,,,,,,,,empty,EMPTY,,,,,,,,,False,not_applicable,,crop_blank
insecticides_20260331.pdf,104,9,,,,False,False,,,empty,EMPTY,,,,,,,,empty,EMPTY,,,,,,,,,False,not_applicable,,crop_blank
insecticides_20260331.pdf,104,10,,,,False,False,,,empty,EMPTY,,,,,,,,empty,EMPTY,,,,,,,,,False,not_applicable,,crop_blank
insecticides_20260331.pdf,104,11,,,,False,False,,,empty,EMPTY,,,,,,,,empty,EMPTY,,,,,,,,,False,not_applicable,,crop_blank
insecticides_20260331.pdf,104,12,,,,False,False,,,empty,EMPTY,,,,,,,,empty,EMPTY,,,,,,,,,False,not_applicable,,crop_blank
insecticides_20260331.pdf,104,13,,,,False,False,,,empty,EMPTY,,,,,,,,empty,EMPTY,,,,,,,,,False,not_applicable,,crop_blank
insecticides_20260331.pdf,105,0,,,,False,False,,,empty,EMPTY,,,,,,,,empty,EMPTY,,,,,,,,,False,not_applicable,,crop_blank
insecticides_20260331.pdf,105,1,,,,False,False,,,empty,EMPTY,,,,,,,,empty,EMPTY,,,,,,,,,False,not_applicable,,crop_blank
insecticides_20260331.pdf,105,2,,,,False,False,,,empty,EMPTY,,,,,,,,empty,EMPTY,,,,,,,,,False,not_applicable,,crop_blank
insecticides_20260331.pdf,105,3,,,,False,False,,,empty,EMPTY,,,,,,,,empty,EMPTY,,,,,,,,,False,not_applicable,,crop_blank
insecticides_20260331.pdf,105,4,,,,False,False,,,empty,EMPTY,,,,,,,,empty,EMPTY,,,,,,,,,False,not_applicable,,crop_blank
insecticides_20260331.pdf,105,5,,,,False,False,,,empty,EMPTY,,,,,,,,empty,EMPTY,,,,,,,,,False,not_applicable,,crop_blank
insecticides_20260331.pdf,105,6,,,,False,False,,,empty,EMPTY,,,,,,,,empty,EMPTY,,,,,,,,,False,not_applicable,,crop_blank
insecticides_20260331.pdf,105,7,,,,False,False,,,empty,EMPTY,,,,,,,,empty,EMPTY,,,,,,,,,False,not_applicable,,crop_blank
insecticides_20260331.pdf,105,8,,,,False,False,,,empty,EMPTY,,,,,,,,empty,EMPTY,,,,,,,,,False,not_applicable,,crop_blank
insecticides_20260331.pdf,105,9,,,,False,False,,,empty,EMPTY,,,,,,,,empty,EMPTY,,,,,,,,,False,not_applicable,,crop_blank
insecticides_20260331.pdf,105,10,,,,False,False,,,empty,EMPTY,,,,,,,,empty,EMPTY,,,,,,,,,False,not_applicable,,crop_blank
insecticides_20260331.pdf,105,11,,,,False,False,,,empty,EMPTY,,,,,,,,empty,EMPTY,,,,,,,,,False,not_applicable,,crop_blank
insecticides_20260331.pdf,105,12,,,,False,False,,,empty,EMPTY,,,,,,,,empty,EMPTY,,,,,,,,,False,not_applicable,,crop_blank
insecticides_20260331.pdf,105,13,,,,False,False,,,empty,EMPTY,,,,,,,,empty,EMPTY,,,,,,,,,False,not_applicable,,crop_blank
insecticides_20260331.pdf,105,14,,,,False,False,,,empty,EMPTY,,,,,,,,empty,EMPTY,,,,,,,,,False,not_applicable,,crop_blank
insecticides_20260331.pdf,105,15,,,,False,False,,,empty,EMPTY,,,,,,,,empty,EMPTY,,,,,,,,,False,not_applicable,,crop_blank
insecticides_20260331.pdf,105,16,,,,False,False,,,empty,EMPTY,,,,,,,,empty,EMPTY,,,,,,,,,False,not_applicable,,crop_blank
insecticides_20260331.pdf,105,17,,,,False,False,,,empty,EMPTY,,,,,,,,empty,EMPTY,,,,,,,,,False,not_applicable,,crop_blank
insecticides_20260331.pdf,106,0,,,,False,False,,,empty,EMPTY,,,,,,,,empty,EMPTY,,,,,,,,,False,not_applicable,,crop_blank
insecticides_20260331.pdf,106,1,,,,False,False,,,empty,EMPTY,,,,,,,,empty,EMPTY,,,,,,,,,False,not_applicable,,crop_blank
insecticides_20260331.pdf,106,2,,,,False,False,,,empty,EMPTY,,,,,,,,empty,EMPTY,,,,,,,,,False,not_applicable,,crop_blank
insecticides_20260331.pdf,106,3,,,,False,False,,,empty,EMPTY,,,,,,,,empty,EMPTY,,,,,,,,,False,not_applicable,,crop_blank
insecticides_20260331.pdf,106,4,,,,False,False,,,empty,EMPTY,,,,,,,,empty,EMPTY,,,,,,,,,False,not_applicable,,crop_blank
insecticides_20260331.pdf,106,5,,,,False,False,,,empty,EMPTY,,,,,,,,empty,EMPTY,,,,,,,,,False,not_applicable,,crop_blank
insecticides_20260331.pdf,106,6,,,,False,False,,,empty,EMPTY,,,,,,,,empty,EMPTY,,,,,,,,,False,not_applicable,,crop_blank
insecticides_20260331.pdf,106,7,,,,False,False,,,empty,EMPTY,,,,,,,,empty,EMPTY,,,,,,,,,False,not_applicable,,crop_blank
insecticides_20260331.pdf,106,8,,,,False,False,,,empty,EMPTY,,,,,,,,empty,EMPTY,,,,,,,,,False,not_applicable,,crop_blank
insecticides_20260331.pdf,106,9,,,,False,False,,,empty,EMPTY,,,,,,,,empty,EMPTY,,,,,,,,,False,not_applicable,,crop_blank
insecticides_20260331.pdf,106,10,,,,False,False,,,empty,EMPTY,,,,,,,,empty,EMPTY,,,,,,,,,False,not_applicable,,crop_blank
insecticides_20260331.pdf,106,11,,,,False,False,,,empty,EMPTY,,,,,,,,empty,EMPTY,,,,,,,,,False,not_applicable,,crop_blank
insecticides_20260331.pdf,106,12,,,,False,False,,,empty,EMPTY,,,,,,,,empty,EMPTY,,,,,,,,,False,not_applicable,,crop_blank
insecticides_20260331.pdf,106,13,,,,False,False,,,empty,EMPTY,,,,,,,,empty,EMPTY,,,,,,,,,False,not_applicable,,crop_blank
insecticides_20260331.pdf,106,14,,,,False,False,,,empty,EMPTY,,,,,,,,empty,EMPTY,,,,,,,,,False,not_applicable,,crop_blank
insecticides_20260331.pdf,106,15,,,,False,False,,,empty,EMPTY,,,,,,,,empty,EMPTY,,,,,,,,,False,not_applicable,,crop_blank
insecticides_20260331.pdf,106,16,,,,False,False,,,empty,EMPTY,,,,,,,,empty,EMPTY,,,,,,,,,False,not_applicable,,crop_blank
insecticides_20260331.pdf,106,17,,,,False,False,,,empty,EMPTY,,,,,,,,empty,EMPTY,,,,,,,,,False,not_applicable,,crop_blank
insecticides_20260331.pdf,106,18,,,,False,False,,,empty,EMPTY,,,,,,,,empty,EMPTY,,,,,,,,,False,not_applicable,,crop_blank
insecticides_20260331.pdf,106,19,,,,False,False,,,empty,EMPTY,,,,,,,,empty,EMPTY,,,,,,,,,False,not_applicable,,crop_blank
insecticides_20260331.pdf,106,20,,,,False,False,,,empty,EMPTY,,,,,,,,empty,EMPTY,,,,,,,,,False,not_applicable,,crop_blank
insecticides_20260331.pdf,106,21,,,,False,False,,,empty,EMPTY,,,,,,,,empty,EMPTY,,,,,,,,,False,not_applicable,,crop_blank
insecticides_20260331.pdf,106,22,,,,False,False,,,empty,EMPTY,,,,,,,,empty,EMPTY,,,,,,,,,False,not_applicable,,crop_blank
insecticides_20260331.pdf,107,0,,,,False,False,,,empty,EMPTY,,,,,,,,empty,EMPTY,,,,,,,,,False,not_applicable,,crop_blank
insecticides_20260331.pdf,107,1,,,,False,False,,,empty,EMPTY,,,,,,,,empty,EMPTY,,,,,,,,,False,not_applicable,,crop_blank
insecticides_20260331.pdf,107,2,,,,False,False,,,empty,EMPTY,,,,,,,,empty,EMPTY,,,,,,,,,False,not_applicable,,crop_blank
insecticides_20260331.pdf,107,3,,,,False,False,,,empty,EMPTY,,,,,,,,empty,EMPTY,,,,,,,,,False,not_applicable,,crop_blank
insecticides_20260331.pdf,107,4,,,,False,False,,,empty,EMPTY,,,,,,,,empty,EMPTY,,,,,,,,,False,not_applicable,,crop_blank
insecticides_20260331.pdf,107,5,,,,False,False,,,empty,EMPTY,,,,,,,,empty,EMPTY,,,,,,,,,False,not_applicable,,crop_blank
insecticides_20260331.pdf,107,6,,,,False,False,,,empty,EMPTY,,,,,,,,empty,EMPTY,,,,,,,,,False,not_applicable,,crop_blank
insecticides_20260331.pdf,107,7,,,,False,False,,,empty,EMPTY,,,,,,,,empty,EMPTY,,,,,,,,,False,not_applicable,,crop_blank
insecticides_20260331.pdf,107,8,,,,False,False,,,empty,EMPTY,,,,,,,,empty,EMPTY,,,,,,,,,False,not_applicable,,crop_blank
insecticides_20260331.pdf,107,9,,,,False,False,,,empty,EMPTY,,,,,,,,empty,EMPTY,,,,,,,,,False,not_applicable,,crop_blank
insecticides_20260331.pdf,107,10,,,,False,False,,,empty,EMPTY,,,,,,,,empty,EMPTY,,,,,,,,,False,not_applicable,,crop_blank
insecticides_20260331.pdf,107,11,,,,False,False,,,empty,EMPTY,,,,,,,,empty,EMPTY,,,,,,,,,False,not_applicable,,crop_blank
insecticides_20260331.pdf,107,12,,,,False,False,,,empty,EMPTY,,,,,,,,empty,EMPTY,,,,,,,,,False,not_applicable,,crop_blank
insecticides_20260331.pdf,107,13,,,,False,False,,,empty,EMPTY,,,,,,,,empty,EMPTY,,,,,,,,,False,not_applicable,,crop_blank
insecticides_20260331.pdf,107,14,,,,False,False,,,empty,EMPTY,,,,,,,,empty,EMPTY,,,,,,,,,False,not_applicable,,crop_blank
insecticides_20260331.pdf,107,15,,,,False,False,,,empty,EMPTY,,,,,,,,empty,EMPTY,,,,,,,,,False,not_applicable,,crop_blank
insecticides_20260331.pdf,107,16,,,,False,False,,,empty,EMPTY,,,,,,,,empty,EMPTY,,,,,,,,,False,not_applicable,,crop_blank
insecticides_20260331.pdf,107,17,,,,False,False,,,empty,EMPTY,,,,,,,,empty,EMPTY,,,,,,,,,False,not_applicable,,crop_blank
insecticides_20260331.pdf,107,18,,,,False,False,,,empty,EMPTY,,,,,,,,empty,EMPTY,,,,,,,,,False,not_applicable,,crop_blank
insecticides_20260331.pdf,107,19,,,,False,False,,,empty,EMPTY,,,,,,,,empty,EMPTY,,,,,,,,,False,not_applicable,,crop_blank
insecticides_20260331.pdf,108,0,,,,False,False,,,empty,EMPTY,,,,,,,,empty,EMPTY,,,,,,,,,False,not_applicable,,crop_blank
insecticides_20260331.pdf,108,1,,,,False,False,,,empty,EMPTY,,,,,,,,empty,EMPTY,,,,,,,,,False,not_applicable,,crop_blank
insecticides_20260331.pdf,108,2,,,,False,False,,,empty,EMPTY,,,,,,,,empty,EMPTY,,,,,,,,,False,not_applicable,,crop_blank
insecticides_20260331.pdf,108,3,,,,False,False,,,empty,EMPTY,,,,,,,,empty,EMPTY,,,,,,,,,False,not_applicable,,crop_blank
insecticides_20260331.pdf,108,4,,,,False,False,,,empty,EMPTY,,,,,,,,empty,EMPTY,,,,,,,,,False,not_applicable,,crop_blank
insecticides_20260331.pdf,108,5,,,,False,False,,,empty,EMPTY,,,,,,,,empty,EMPTY,,,,,,,,,False,not_applicable,,crop_blank
insecticides_20260331.pdf,108,6,,,,False,False,,,empty,EMPTY,,,,,,,,empty,EMPTY,,,,,,,,,False,not_applicable,,crop_blank
insecticides_20260331.pdf,108,7,,,,False,False,,,empty,EMPTY,,,,,,,,empty,EMPTY,,,,,,,,,False,not_applicable,,crop_blank
insecticides_20260331.pdf,108,8,,,,False,False,,,empty,EMPTY,,,,,,,,empty,EMPTY,,,,,,,,,False,not_applicable,,crop_blank
insecticides_20260331.pdf,108,9,,,,False,False,,,empty,EMPTY,,,,,,,,empty,EMPTY,,,,,,,,,False,not_applicable,,crop_blank
insecticides_20260331.pdf,108,10,,,,False,False,,,empty,EMPTY,,,,,,,,empty,EMPTY,,,,,,,,,False,not_applicable,,crop_blank
insecticides_20260331.pdf,108,11,,,,False,False,,,empty,EMPTY,,,,,,,,empty,EMPTY,,,,,,,,,False,not_applicable,,crop_blank
insecticides_20260331.pdf,108,12,,,,False,False,,,empty,EMPTY,,,,,,,,empty,EMPTY,,,,,,,,,False,not_applicable,,crop_blank
insecticides_20260331.pdf,108,13,,,,False,False,,,empty,EMPTY,,,,,,,,empty,EMPTY,,,,,,,,,False,not_applicable,,crop_blank
insecticides_20260331.pdf,108,14,,,,False,False,,,empty,EMPTY,,,,,,,,empty,EMPTY,,,,,,,,,False,not_applicable,,crop_blank
insecticides_20260331.pdf,108,15,,,,False,False,,,empty,EMPTY,,,,,,,,empty,EMPTY,,,,,,,,,False,not_applicable,,crop_blank
insecticides_20260331.pdf,108,16,,,,False,False,,,empty,EMPTY,,,,,,,,empty,EMPTY,,,,,,,,,False,not_applicable,,crop_blank
insecticides_20260331.pdf,108,17,,,,False,False,,,empty,EMPTY,,,,,,,,empty,EMPTY,,,,,,,,,False,not_applicable,,crop_blank
insecticides_20260331.pdf,109,0,,,,False,False,,,empty,EMPTY,,,,,,,,empty,EMPTY,,,,,,,,,False,not_applicable,,crop_blank
insecticides_20260331.pdf,109,1,,,,False,False,,,empty,EMPTY,,,,,,,,empty,EMPTY,,,,,,,,,False,not_applicable,,crop_blank
insecticides_20260331.pdf,109,2,,,,False,False,,,empty,EMPTY,,,,,,,,empty,EMPTY,,,,,,,,,False,not_applicable,,crop_blank
insecticides_20260331.pdf,109,3,,,,False,False,,,empty,EMPTY,,,,,,,,empty,EMPTY,,,,,,,,,False,not_applicable,,crop_blank
insecticides_20260331.pdf,109,4,,,,False,False,,,empty,EMPTY,,,,,,,,empty,EMPTY,,,,,,,,,False,not_applicable,,crop_blank
insecticides_20260331.pdf,109,5,,,,False,False,,,empty,EMPTY,,,,,,,,empty,EMPTY,,,,,,,,,False,not_applicable,,crop_blank
insecticides_20260331.pdf,109,6,,,,False,False,,,empty,EMPTY,,,,,,,,empty,EMPTY,,,,,,,,,False,not_applicable,,crop_blank
insecticides_20260331.pdf,109,7,,,,False,False,,,empty,EMPTY,,,,,,,,empty,EMPTY,,,,,,,,,False,not_applicable,,crop_blank
insecticides_20260331.pdf,109,8,,,,False,False,,,empty,EMPTY,,,,,,,,empty,EMPTY,,,,,,,,,False,not_applicable,,crop_blank
insecticides_20260331.pdf,109,9,,,,False,False,,,empty,EMPTY,,,,,,,,empty,EMPTY,,,,,,,,,False,not_applicable,,crop_blank
fungicides_20260331.pdf,2,0,,,,False,False,1. Fungicides single product formulations use,,empty,EMPTY,,,,,,,,empty,EMPTY,,,,,,,,,False,not_applicable,,crop_blank
fungicides_20260331.pdf,2,1,,,,False,False,,,empty,EMPTY,,,,,,,,empty,EMPTY,,,,,,,,,False,not_applicable,,crop_blank
fungicides_20260331.pdf,2,2,,,,False,False,,,empty,EMPTY,,,,,,,,empty,EMPTY,,,,,,,,,False,not_applicable,,crop_blank
fungicides_20260331.pdf,2,3,,,,False,False,Amisulbrom 20% SC,,empty,EMPTY,,,,,,,,empty,EMPTY,,,,,,,,,False,not_applicable,,crop_blank
fungicides_20260331.pdf,2,4,,Potato,,False,False,Amisulbrom 20% SC,Late blight  (Phytophthora  infestans),numeric,BARE_NUMBER,per_ha,100.0,40.4678,,,g,100,unparseable,BARE_NUMBER,,,,,,,500,19,False,resolved,19,crop_out_of_scope
fungicides_20260331.pdf,2,6,,,,False,False,Azoxystrobin 23% SC,,empty,EMPTY,,,,,,,,empty,EMPTY,,,,,,,,,False,not_applicable,,crop_blank
fungicides_20260331.pdf,2,8,,Chilli,,False,False,Azoxystrobin 23% SC,"Fruitrot,  Powdery mildew",numeric,NUM_UNIT,per_ha,125.0,50.5848,,,g,125gm,numeric,NUM_UNIT,per_ha,500.0,202.339,,,ml,500 ml,5,False,resolved,5,crop_out_of_scope
fungicides_20260331.pdf,2,9,,Mango,,False,False,Azoxystrobin 23% SC,"Anthracnose,  Powdery mildew",numeric,PCT_SINGLE,concentration_pct,0.025,,,,%,0.025%,numeric,PCT_SINGLE,concentration_pct,0.1,,,,%,0.1%,5,False,resolved,5,crop_out_of_scope
fungicides_20260331.pdf,2,11,,Potato,,False,False,Azoxystrobin 23% SC,Late Blight,numeric,PCT_WITH_EQUIV,concentration_pct,0.025,,,,%,0.025%(125)  gm,numeric,NUM_UNIT,per_ha,500.0,202.339,,,ml,500 ml,12,False,resolved,12,crop_out_of_scope
fungicides_20260331.pdf,2,12,,Cucumber,,False,False,Azoxystrobin 23% SC,"Downy mildew,  Powdery mildew",numeric,NUM_UNIT,per_ha,125.0,50.5848,,,g,125 gm,unparseable,BARE_NUMBER,,,,,,,500,5,False,resolved,5,crop_out_of_scope
fungicides_20260331.pdf,2,13,,Cumin,,False,False,Azoxystrobin 23% SC,Blight &  Powdery mildew,numeric,NUM_UNIT,per_ha,115.0,46.538,,,g,115 gm,unparseable,BARE_NUMBER,,,,,,,500,28,False,resolved,28,crop_out_of_scope
fungicides_20260331.pdf,3,0,,Potato,,False,False,Azoxystrobin 23% SC,Black scurf disease  (Rhizoctonia  solani),numeric,BARE_NUMBER,per_ha,1.0,0.4047,,,g,1 .00,unparseable,BARE_NUMBER,,,,,,,4.00,,False,not_applicable,-,crop_out_of_scope
fungicides_20260331.pdf,3,1,,,,False,False,Aureofungin 46.15% w/v SP,,empty,EMPTY,,,,,,,,empty,EMPTY,,,,,,,,,False,not_applicable,,crop_blank
fungicides_20260331.pdf,3,2,,Paddy(Rice),,False,False,Aureofungin 46.15% w/v SP,"Blast, Brown leaf",empty,NULL_MARKER,,,,,,,-,numeric,PCT_SINGLE,concentration_pct,0.005,,,,%,0.005%,30,False,resolved,30,crop_out_of_scope
fungicides_20260331.pdf,3,3,,Paddy(Rice),,False,False,Aureofungin 46.15% w/v SP,spot,empty,EMPTY,,,,,,,,empty,EMPTY,,,,,,,,,False,not_applicable,,crop_out_of_scope
fungicides_20260331.pdf,3,5,,Citrus,,False,False,Aureofungin 46.15% w/v SP,Gummosis,empty,NULL_MARKER,,,,,,,-,numeric,PCT_SINGLE,concentration_pct,1.0,,,,%,1.0%,30,False,resolved,30,crop_out_of_scope
fungicides_20260331.pdf,3,6,,Apple,,False,False,Aureofungin 46.15% w/v SP,Powdery mildew  White root rot,empty,NULL_MARKER,,,,,,,-  -,unparseable,PCT_RANGE_BOTH,,,,,,,0.005%  0.2%,30,False,resolved,30,crop_out_of_scope
fungicides_20260331.pdf,3,7,,Potato,,False,False,Aureofungin 46.15% w/v SP,Early blight,empty,NULL_MARKER,,,,,,,-,numeric,PCT_SINGLE,concentration_pct,0.005,,,,%,0.005%,30,False,resolved,30,crop_out_of_scope
fungicides_20260331.pdf,3,8,,,,False,False,Bitertanol25%WP,,empty,EMPTY,,,,,,,,empty,EMPTY,,,,,,,,,False,not_applicable,,crop_blank
fungicides_20260331.pdf,3,9,,Groundnut,,False,False,Bitertanol25%WP,Rust,numeric,NUM_UNIT,per_ha,250.0,101.1695,,,g,250gm,numeric,NUM_UNIT,per_ha,1000.0,404.6781,,,g,1000gm,30,False,resolved,30,crop_out_of_scope
fungicides_20260331.pdf,3,10,,Groundnut,,False,False,Bitertanol25%WP,Tikka,numeric,NUM_UNIT,per_ha,250.0,101.1695,,,g,250gm,numeric,NUM_UNIT,per_ha,1000.0,404.6781,,,g,1000gm,30,False,resolved,30,crop_out_of_scope
fungicides_20260331.pdf,3,11,,Wheat,,False,False,Bitertanol25%WP,Karnal bunt,numeric,NUM_UNIT,per_ha,560.0,226.6197,,,g,560gm,numeric,NUM_UNIT,per_ha,2240.0,906.4789,,,g,2240gm,,False,not_applicable,-,crop_out_of_scope
fungicides_20260331.pdf,3,12,,,,False,False,Bupirimate 26.7% w/w EC,,empty,EMPTY,,,,,,,,empty,EMPTY,,,,,,,,,False,not_applicable,,crop_blank
fungicides_20260331.pdf,3,13,,Rose,,False,False,Bupirimate 26.7% w/w EC,Powdery mildew,numeric,BARE_NUMBER,per_ha,1000.0,404.6781,,,g,1000,unparseable,BARE_NUMBER,,,,,,,4000,5,False,resolved,5,crop_out_of_scope
fungicides_20260331.pdf,3,14,,Apple,,False,False,Bupirimate 26.7% w/w EC,Powdery mildew,numeric,NUM_UNIT,per_ha,0.375,0.1518,,,g,0.375 g,unparseable,PER_LITRE,,,,,,,1.50/lit.,15,False,resolved,15,crop_out_of_scope
fungicides_20260331.pdf,3,16,,Chilli,,False,False,Bupirimate 26.7% w/w EC,Powdery mildew,numeric,BARE_NUMBER,per_ha,500.0,202.339,,,g,500,unparseable,BARE_NUMBER,,,,,,,2000,7,False,resolved,07,crop_out_of_scope
fungicides_20260331.pdf,3,17,,Watermelon,,False,False,Bupirimate 26.7% w/w EC,Powdery mildew,numeric,BARE_NUMBER,per_ha,500.0,202.339,,,g,500,unparseable,BARE_NUMBER,,,,,,,2000,7,False,resolved,07,crop_out_of_scope
fungicides_20260331.pdf,3,18,,,,False,False,Captan 50% WG,,empty,EMPTY,,,,,,,,empty,EMPTY,,,,,,,,,False,not_applicable,,crop_blank
fungicides_20260331.pdf,3,19,,Chilli,,False,False,Captan 50% WG,Fruit rot  (Anthracnose),numeric,NUM_UNIT,per_ha,750.0,303.5086,,,g,750gm,numeric,NUM_UNIT,per_ha,1500.0,607.0171,,,g,1500gm,5,False,resolved,5,crop_out_of_scope
fungicides_20260331.pdf,4,0,,Potato,,False,False,Captan 50% WG,Early  Blight & Late  blight,numeric,NUM_UNIT,per_ha,750.0,303.5086,,,g,750gm,numeric,NUM_UNIT,per_ha,1500.0,607.0171,,,g,1500gm,21,False,resolved,21,crop_out_of_scope
fungicides_20260331.pdf,4,1,,,,False,False,Captan 50% WP,,empty,EMPTY,,,,,,,,empty,EMPTY,,,,,,,,,False,not_applicable,,crop_blank
fungicides_20260331.pdf,4,2,,Apple,,False,False,Captan 50% WP,Scab,numeric,NUM_UNIT,per_ha,1250.0,505.8476,,,g,1250gm,numeric,NUM_UNIT,per_ha,2.5,1.0117,,,kg,2.5kg,,False,not_applicable,-,crop_out_of_scope
fungicides_20260331.pdf,4,3,,Cherry,,False,False,Captan 50% WP,Brown rot,numeric,NUM_UNIT,per_ha,1250.0,505.8476,,,g,1250gm,numeric,NUM_UNIT,per_ha,2.5,1.0117,,,kg,2.5kg,,False,not_applicable,-,crop_out_of_scope
fungicides_20260331.pdf,4,5,,Potato,,False,False,Captan 50% WP,Early blight,numeric,NUM_UNIT,per_ha,1250.0,505.8476,,,g,1250gm,numeric,NUM_UNIT,per_ha,2.5,1.0117,,,kg,2.5kg,,False,not_applicable,-,crop_out_of_scope
fungicides_20260331.pdf,4,6,,Potato,,False,False,Captan 50% WP,Late blight,numeric,NUM_UNIT,per_ha,1250.0,505.8476,,,g,1250gm,numeric,NUM_UNIT,per_ha,2.5,1.0117,,,kg,2.5kg,,False,not_applicable,-,crop_out_of_scope
fungicides_20260331.pdf,4,9,,,,False,False,Captan 75% WP,,empty,EMPTY,,,,,,,,empty,EMPTY,,,,,,,,,False,not_applicable,,crop_blank
fungicides_20260331.pdf,4,10,,Apple*,,False,False,Captan 75% WP,"Scab, Fly speck &  Bitter rot",numeric,PCT_SINGLE,concentration_pct,0.12,,,,%,0.12%**,numeric,NUM_UNIT,per_ha,1667.0,674.5984,,,g,1667gm,8,False,resolved,8,crop_out_of_scope
fungicides_20260331.pdf,4,11,,Cherry,,False,False,Captan 75% WP,Brown rot,numeric,PCT_SINGLE,concentration_pct,0.12,,,,%,0.12%**,numeric,NUM_UNIT,per_ha,1667.0,674.5984,,,g,1667gm,,False,not_applicable,NA,crop_out_of_scope
fungicides_20260331.pdf,4,14,,Potato,,False,False,Captan 75% WP,Early blight,numeric,NUM_UNIT,per_ha,1250.0,505.8476,,,g,1250gm,numeric,NUM_UNIT,per_ha,1667.0,674.5984,,,g,1667gm,8,False,resolved,8,crop_out_of_scope
fungicides_20260331.pdf,4,15,,Potato,,False,False,Captan 75% WP,Late blight,numeric,NUM_UNIT,per_ha,1250.0,505.8476,,,g,1250gm,numeric,NUM_UNIT,per_ha,1667.0,674.5984,,,g,1667gm,8,False,resolved,8,crop_out_of_scope
fungicides_20260331.pdf,4,18,,Chillies,,False,False,Captan 75% WP,Early blight,numeric,NUM_UNIT,per_ha,1250.0,505.8476,,,g,1250gm,numeric,NUM_UNIT,per_ha,1667.0,674.5984,,,g,1667gm,8,False,resolved,8,crop_out_of_scope
fungicides_20260331.pdf,4,19,,Chillies,,False,False,Captan 75% WP,Fruit rot,numeric,NUM_UNIT,per_ha,1500.0,607.0171,,,g,1500gm,numeric,NUM_UNIT,per_ha,2000.0,809.3562,,,g,2000gm,8,False,resolved,8,crop_out_of_scope
fungicides_20260331.pdf,4,20,,Citrus,,False,False,Captan 75% WP,Brown rot,numeric,BARE_NUMBER,per_ha,0.25,0.1012,,,g,0.25**,numeric,NUM_UNIT,per_ha,2500.0,1011.6952,,,g,2500gm,,False,not_applicable,NA,crop_out_of_scope
fungicides_20260331.pdf,4,21,,Citrus,,False,False,Captan 75% WP,Scab,numeric,BARE_NUMBER,per_ha,0.12,0.0486,,,g,0.12**,numeric,NUM_UNIT,per_ha,1667.0,674.5984,,,g,1667gm,,False,not_applicable,NA,crop_out_of_scope
fungicides_20260331.pdf,4,22,,Rose,,False,False,Captan 75% WP,Blackspot,numeric,NUM_UNIT,per_ha,1250.0,505.8476,,,g,1250gm,numeric,NUM_UNIT,per_ha,1667.0,674.5984,,,g,1667gm,,False,not_applicable,NA,crop_out_of_scope
fungicides_20260331.pdf,4,23,,Paddy(Rice),,False,False,Captan 75% WP,Leafspot,numeric,NUM_UNIT,per_ha,750.0,303.5086,,,g,750gm,numeric,NUM_UNIT,per_ha,1000.0,404.6781,,,g,1000gm,,False,not_applicable,NA,crop_out_of_scope
fungicides_20260331.pdf,5,0,,,,False,False,Captan 75% WS,,empty,EMPTY,,,,,,,,empty,EMPTY,,,,,,,,,False,not_applicable,,crop_blank
fungicides_20260331.pdf,5,1,,Chillies (soil  drench),soil_drench,False,False,Captan 75% WS,Damping off  (soil drench),numeric,PER_KG_SEED,per_kg_seed,15.0,,25.0,,g,15-25  Gm  per kg  seed,numeric,PER_KG_SEED,per_kg_seed,20.0,,30.0,,g,20-30gm  Per kg seed,,False,not_applicable,,crop_out_of_scope
fungicides_20260331.pdf,5,2,,Cabbage,,False,False,Captan 75% WS,Damping off  (soil drench),numeric,PER_KG_SEED,per_kg_seed,15.0,,25.0,,g,15-25gm per  kg seed,numeric,PER_KG_SEED,per_kg_seed,20.0,,30.0,,g,20-30gm  Per kg seed,,False,not_applicable,,crop_out_of_scope
fungicides_20260331.pdf,5,4,,,,False,False,Carbendazim 5% GR,,empty,EMPTY,,,,,,,,empty,EMPTY,,,,,,,,,False,not_applicable,,crop_blank
fungicides_20260331.pdf,5,5,,Paddy (Rice),,False,False,Carbendazim 5% GR,Brown leaf spot,numeric,NUM_UNIT,per_ha,0.62,0.2509,,,kg,0.62kg,numeric,NUM_UNIT,per_ha,12.5,5.0585,,,kg,12.5 kg,,False,not_applicable,,crop_out_of_scope
fungicides_20260331.pdf,5,6,,,,False,False,Carbendazim 46.27% SC,,empty,EMPTY,,,,,,,,empty,EMPTY,,,,,,,,,False,not_applicable,,crop_blank
fungicides_20260331.pdf,5,8,,Mango,,False,False,Carbendazim 46.27% SC,Powdery mildew,numeric,PCT_WITH_EQUIV,concentration_pct,0.046,,,,%,0.046%  or 46 g/100  lit. water,numeric,PCT_WITH_EQUIV,concentration_pct,0.1,,,,%,0.1%or100  ml/100lit.  Water,15,False,resolved,15,crop_out_of_scope
fungicides_20260331.pdf,5,9,,,,False,False,Carbendazim 50%WP,,empty,EMPTY,,,,,,,,empty,EMPTY,,,,,,,,,False,not_applicable,,crop_blank
fungicides_20260331.pdf,5,10,,Paddy (Rice),,False,False,Carbendazim 50%WP,Blast,numeric,RANGE_UNIT,per_ha,125.0,50.5848,250.0,101.1695,g,125-250 gm,numeric,RANGE_UNIT,per_ha,250.0,101.1695,500.0,202.339,g,250-500gm,,True,not_applicable,(wet slurry  treatment),crop_out_of_scope
fungicides_20260331.pdf,5,11,,Paddy (Rice),,False,False,Carbendazim 50%WP,Sheath blight,numeric,PER_KG_SEED,per_kg_seed,1.0,,,,g,1gm/ kg seed,numeric,PER_KG_SEED,per_kg_seed,2.0,,,,g,2 gm/ kg seed,,True,not_applicable,(wet slurry  treatment),crop_out_of_scope
fungicides_20260331.pdf,5,12,,Paddy (Rice),,False,False,Carbendazim 50%WP,Aerial phase,numeric,RANGE_UNIT,per_ha,125.0,50.5848,250.0,101.1695,g,125-250 gm,numeric,RANGE_UNIT,per_ha,250.0,101.1695,500.0,202.339,g,250-500gm,,True,not_applicable,(wet slurry  treatment),crop_out_of_scope
fungicides_20260331.pdf,5,13,,Wheat,,False,False,Carbendazim 50%WP,Loose smut,numeric,PER_KG_SEED,per_kg_seed,1.0,,,,g,1gm/kg seed,numeric,PER_KG_SEED,per_kg_seed,2.0,,,,g,2gm/kg seed,,True,not_applicable,(wet slurry  treatment),crop_out_of_scope
fungicides_20260331.pdf,5,14,,Barley,,False,False,Carbendazim 50%WP,Loose smut,numeric,PER_KG_SEED,per_kg_seed,1.0,,,,g,1 gm/kg seed,numeric,PER_KG_SEED,per_kg_seed,2.0,,,,g,2 gm/kg seed,,True,not_applicable,(wet slurry  treatment),crop_out_of_scope
fungicides_20260331.pdf,5,15,,Tapioca,,False,False,Carbendazim 50%WP,Set rot,numeric,NUM_UNIT,per_ha,0.5,0.2023,,,g,0.5gm,unparseable,BARE_NUMBER,,,,,,,1,,False,not_applicable,-,crop_out_of_scope
fungicides_20260331.pdf,5,17,,Jute,,False,False,Carbendazim 50%WP,Seedling blight,numeric,PER_KG_SEED,per_kg_seed,1.0,,,,g,1gm/kg  seed,numeric,PER_KG_SEED,per_kg_seed,2.0,,,,g,2gm/kg seed,,True,not_applicable,(wet slurry  treatment),crop_out_of_scope
fungicides_20260331.pdf,5,18,,Groundnut,,False,False,Carbendazim 50%WP,Tikka leafspot,numeric,NUM_UNIT,per_ha,112.5,45.5263,,,g,112.5 gm,numeric,NUM_UNIT,per_ha,225.0,91.0526,,,g,225gm,,False,not_applicable,-,crop_out_of_scope
fungicides_20260331.pdf,5,19,,Sugar beet,,False,False,Carbendazim 50%WP,Leafspot,numeric,NUM_UNIT,per_ha,100.0,40.4678,,,g,100gm,numeric,NUM_UNIT,per_ha,200.0,80.9356,,,g,200gm,,False,not_applicable,-,crop_out_of_scope
fungicides_20260331.pdf,5,20,,Sugar beet,,False,False,Carbendazim 50%WP,Powdery mildew,numeric,NUM_UNIT,per_ha,100.0,40.4678,,,g,100gm,numeric,NUM_UNIT,per_ha,200.0,80.9356,,,g,200gm,,False,not_applicable,-,crop_out_of_scope
fungicides_20260331.pdf,6,0,,Peas,,False,False,Carbendazim 50%WP,Powdery mildew,numeric,NUM_UNIT,per_ha,125.0,50.5848,,,g,125gm,numeric,NUM_UNIT,per_ha,250.0,101.1695,,,g,250gm,,False,not_applicable,-,crop_out_of_scope
fungicides_20260331.pdf,6,1,,Cluster Beans,,False,False,Carbendazim 50%WP,Powdery mildew,numeric,NUM_UNIT,per_ha,175.0,70.8187,,,g,175gm,numeric,NUM_UNIT,per_ha,350.0,141.6373,,,g,350gm,,False,not_applicable,-,crop_out_of_scope
fungicides_20260331.pdf,6,2,,Cucurbits,,False,False,Carbendazim 50%WP,Powdery mildew,numeric,NUM_UNIT,per_ha,150.0,60.7017,,,g,150gm,numeric,NUM_UNIT,per_ha,300.0,121.4034,,,g,300gm,,False,not_applicable,-,crop_out_of_scope
fungicides_20260331.pdf,6,3,,Cucurbits,,False,False,Carbendazim 50%WP,Anthracnose,numeric,NUM_UNIT,per_ha,150.0,60.7017,,,g,150gm,numeric,NUM_UNIT,per_ha,300.0,121.4034,,,g,300gm,,False,not_applicable,-,crop_out_of_scope
fungicides_20260331.pdf,6,4,,Brinjal,,False,False,Carbendazim 50%WP,Leafspot,numeric,NUM_UNIT,per_ha,150.0,60.7017,,,g,150gm,numeric,NUM_UNIT,per_ha,300.0,121.4034,,,g,300gm,,False,not_applicable,-,crop_out_of_scope
fungicides_20260331.pdf,6,5,,Brinjal,,False,False,Carbendazim 50%WP,Fruit rot,numeric,NUM_UNIT,per_ha,150.0,60.7017,,,g,150gm,numeric,NUM_UNIT,per_ha,300.0,121.4034,,,g,300gm,,False,not_applicable,-,crop_out_of_scope
fungicides_20260331.pdf,6,6,,Apples,,False,False,Carbendazim 50%WP,Scab,numeric,NUM_UNIT,per_ha,1.25,0.5058,,,g,1.25gm,numeric,NUM_UNIT,per_ha,2.5,1.0117,,,g,2.5gm,,False,not_applicable,-,crop_out_of_scope
fungicides_20260331.pdf,6,8,,Walnut,,False,False,Carbendazim 50%WP,Downy leafspot,numeric,NUM_UNIT,per_ha,1.5,0.607,,,g,1.5gm,numeric,NUM_UNIT,per_ha,3.0,1.214,,,g,3gm,,False,not_applicable,-,crop_out_of_scope
fungicides_20260331.pdf,6,9,,Rose,,False,False,Carbendazim 50%WP,Powdery mildew,numeric,NUM_UNIT,per_ha,0.5,0.2023,,,g,0.5gm,numeric,NUM_UNIT,per_ha,1.0,0.4047,,,g,1gm,,False,not_applicable,-,crop_out_of_scope
fungicides_20260331.pdf,6,10,,Ber,,False,False,Carbendazim 50%WP,Powdery mildew,numeric,NUM_UNIT,per_ha,5.0,2.0234,,,g,5gm,numeric,NUM_UNIT,per_ha,10.0,4.0468,,,g,10gm,,False,not_applicable,-,crop_out_of_scope
fungicides_20260331.pdf,6,11,,Chillies,,False,False,Carbendazim 50%WP,Damping Off,numeric,PER_KG_SEED,per_kg_seed,1.0,,,,g,1 gm/kg seed,numeric,PER_KG_SEED,per_kg_seed,2.0,,,,g,2 gm/kg seed,,True,not_applicable,(wet slurry  treatment),crop_out_of_scope
fungicides_20260331.pdf,6,12,,Moong,,False,False,Carbendazim 50%WP,Powdery mildew,numeric,BARE_NUMBER,per_ha,250.0,101.1695,,,g,250,unparseable,BARE_NUMBER,,,,,,,500,,False,not_applicable,-,crop_out_of_scope
fungicides_20260331.pdf,6,13,,Moong,,False,False,Carbendazim 50%WP,Leaf spot & Web  blight,numeric,BARE_RANGE,per_ha,125.0,50.5848,250.0,101.1695,g,125-250,unparseable,BARE_RANGE,,,,,,,250-500,,False,not_applicable,-,crop_out_of_scope
fungicides_20260331.pdf,6,14,,Cow Pea,,False,False,Carbendazim 50%WP,Leaf Spot,numeric,BARE_NUMBER,per_ha,150.0,60.7017,,,g,150,unparseable,BARE_NUMBER,,,,,,,300,,False,not_applicable,-,crop_out_of_scope
fungicides_20260331.pdf,6,15,,Cow Pea,,False,False,Carbendazim 50%WP,Collar rot,numeric,BARE_NUMBER,per_ha,150.0,60.7017,,,g,150,unparseable,BARE_NUMBER,,,,,,,300,,False,not_applicable,-,crop_out_of_scope
fungicides_20260331.pdf,6,16,,Cow Pea,,False,False,Carbendazim 50%WP,Anthracnose,numeric,BARE_NUMBER,per_ha,150.0,60.7017,,,g,150,unparseable,BARE_NUMBER,,,,,,,300,,False,not_applicable,-,crop_out_of_scope
fungicides_20260331.pdf,6,17,,Cow Pea,,False,False,Carbendazim 50%WP,Powdery Mildew,numeric,BARE_NUMBER,per_ha,150.0,60.7017,,,g,150,unparseable,BARE_NUMBER,,,,,,,300,,False,not_applicable,-,crop_out_of_scope
fungicides_20260331.pdf,6,18,,Tobacco,,False,False,Carbendazim 50%WP,Frog eye spot,numeric,BARE_NUMBER,per_ha,112.5,45.5263,,,g,112.5,unparseable,BARE_NUMBER,,,,,,,225,,False,not_applicable,-,crop_out_of_scope
fungicides_20260331.pdf,6,19,,Tobacco,,False,False,Carbendazim 50%WP,Anthracnose,numeric,BARE_NUMBER,per_ha,112.5,45.5263,,,g,112.5,unparseable,BARE_NUMBER,,,,,,,225,,False,not_applicable,-,crop_out_of_scope
fungicides_20260331.pdf,6,20,,,,False,False,Carboxin 75% WP,,empty,EMPTY,,,,,,,,empty,EMPTY,,,,,,,,,False,not_applicable,,crop_blank
fungicides_20260331.pdf,6,21,,Wheat,,False,False,Carboxin 75% WP,Flag smut,numeric,PER_KG_SEED,per_kg_seed,1.5,,1.875,,g,1.5 -1.875  gm/ kg seed,numeric,PER_KG_SEED,per_kg_seed,2.0,,2.5,,g,2-2.5 gm/  kg seed,,True,not_applicable,Only onetime  seed  treatment   required,crop_out_of_scope
fungicides_20260331.pdf,6,22,,Wheat,,False,False,Carboxin 75% WP,Loose smut,numeric,PER_KG_SEED,per_kg_seed,1.5,,1.875,,g,1.5 - 1.875  gm/ kg seed,numeric,PER_KG_SEED,per_kg_seed,2.0,,2.5,,g,2-  2.5gm/kg seed,,True,not_applicable,Only one  time seed  Treatment  required,crop_out_of_scope
fungicides_20260331.pdf,6,23,,Wheat,,False,False,Carboxin 75% WP,Bunt,numeric,PER_KG_SEED,per_kg_seed,1.5,,1.875,,g,1.5 - 1.875  gm/ kg seed,numeric,PER_KG_SEED,per_kg_seed,2.0,,2.5,,g,2-2.5 gm/  kg seed,,True,not_applicable,Only one  time seed  treatment  required,crop_out_of_scope
fungicides_20260331.pdf,7,0,,Barley,,False,False,Carboxin 75% WP,Loose smut,numeric,PER_KG_SEED,per_kg_seed,1.5,,1.875,,g,1.5 - 1.875  gm/ kg seed,numeric,PER_KG_SEED,per_kg_seed,2.0,,2.5,,g,2-2.5 gm/  kg seed,,True,not_applicable,Only one  time seed  treatment,crop_out_of_scope
fungicides_20260331.pdf,7,1,,Barley,,False,False,Carboxin 75% WP,Covered smut,numeric,PER_KG_SEED,per_kg_seed,1.5,,1.875,,g,1.5 - 1.875  gm/ kg seed,numeric,PER_KG_SEED,per_kg_seed,2.0,,2.5,,g,2-2.5 gm/  kg seed,,True,not_applicable,required,crop_out_of_scope
fungicides_20260331.pdf,7,3,,,,False,False,Carpropamid 27.8% SC,,empty,EMPTY,,,,,,,,empty,EMPTY,,,,,,,,,False,not_applicable,,crop_blank
fungicides_20260331.pdf,7,4,,Rice (Paddy),,False,False,Carpropamid 27.8% SC,Blast,numeric,PCT_SINGLE,concentration_pct,0.03,,,,%,0.03%,numeric,PCT_SINGLE,concentration_pct,0.1,,,,%,0.1%,,False,not_applicable,-,crop_out_of_scope
fungicides_20260331.pdf,7,5,,,,False,False,Chlorothalonil 75% WP,,empty,EMPTY,,,,,,,,empty,EMPTY,,,,,,,,,False,not_applicable,,crop_blank
fungicides_20260331.pdf,7,6,,Groundnut,,False,False,Chlorothalonil 75% WP,Tikka leaf spot,numeric,BARE_RANGE,per_ha,0.66,0.2671,0.863,0.3492,g,0.66 - 0.863,unparseable,BARE_RANGE,,,,,,,0.88-1.150,14,False,resolved,14,crop_out_of_scope
fungicides_20260331.pdf,7,7,,Groundnut,,False,False,Chlorothalonil 75% WP,Rust,numeric,BARE_RANGE,per_ha,0.66,0.2671,0.863,0.3492,g,0.66 - 0.863,unparseable,BARE_RANGE,,,,,,,0.88-1.150,14,False,resolved,14,crop_out_of_scope
fungicides_20260331.pdf,7,8,,Potato,,False,False,Chlorothalonil 75% WP,Early & Late  blight,numeric,BARE_RANGE,per_ha,0.66,0.2671,0.937,0.3792,g,0.66 - 0.937,unparseable,BARE_RANGE,,,,,,,0.875-1.250,14,False,resolved,14,crop_out_of_scope
fungicides_20260331.pdf,7,9,,Apple,,False,False,Chlorothalonil 75% WP,Scab,numeric,PCT_WITH_EQUIV,concentration_pct,0.15,,,,%,0.150%  (150gm/10Lt  r. water),numeric,PCT_WITH_EQUIV,concentration_pct,0.2,,,,%,0.200%  (200gm/100  water),45,False,resolved,45,crop_out_of_scope
fungicides_20260331.pdf,7,11,,Chilli,,False,False,Chlorothalonil 75% WP,Fruit rot,numeric,BARE_NUMBER,per_ha,600.0,242.8068,,,g,600,unparseable,BARE_NUMBER,,,,,,,800,10,False,resolved,10,crop_out_of_scope
fungicides_20260331.pdf,7,12,,Cauliflower,,False,False,Chlorothalonil 75% WP,Leaf spot,numeric,PER_LITRE,per_litre_water,1.5,,,,g,1.5 g a.i./Ltr.,numeric,PER_LITRE,per_litre_water,2.0,,,,g,2.0 g/Ltr.,3,False,resolved,3,crop_out_of_scope
fungicides_20260331.pdf,7,13,,Watermelon,,False,False,Chlorothalonil 75% WP,Downy mildew  and Leaf spot,numeric,PER_LITRE,per_litre_water,1.5,,,,g,1.5 g a.i./Ltr.,numeric,PER_LITRE,per_litre_water,2.0,,,,g,2.0 g/Ltr.,3,False,resolved,3,crop_out_of_scope
fungicides_20260331.pdf,7,14,,,,False,False,Copper Oxychloride  50% WG,,empty,EMPTY,,,,,,,,empty,EMPTY,,,,,,,,,False,not_applicable,,crop_blank
fungicides_20260331.pdf,7,16,,Mango,,False,False,Copper Oxychloride  50% WG,Anthracnose,numeric,PCT_WITH_EQUIV,concentration_pct,0.12,,,,%,0.12%or120  g/100Ltr.  water,numeric,PCT_WITH_EQUIV,concentration_pct,0.24,,,,%,0.24%or  240g/100Ltr.  water,10,False,resolved,10,crop_out_of_scope
fungicides_20260331.pdf,8,0,,,,False,False,Copper oxychloride 50% WP,,empty,EMPTY,,,,,,,,empty,EMPTY,,,,,,,,,False,not_applicable,,crop_blank
fungicides_20260331.pdf,8,1,,Citrus,,False,False,Copper oxychloride 50% WP,Leaf spot,numeric,BARE_NUMBER,per_ha,1.25,0.5058,,,g,1.25,unparseable,BARE_NUMBER,,,,,,,2.5,,False,not_applicable,-,crop_out_of_scope
fungicides_20260331.pdf,8,2,,Citrus,,False,False,Copper oxychloride 50% WP,Canker,numeric,BARE_NUMBER,per_ha,1.25,0.5058,,,g,1.25,unparseable,BARE_NUMBER,,,,,,,2.5,,False,not_applicable,-,crop_out_of_scope
fungicides_20260331.pdf,8,3,,Chillies,,False,False,Copper oxychloride 50% WP,Leaf spot,numeric,BARE_NUMBER,per_ha,1.25,0.5058,,,g,1.25,unparseable,BARE_NUMBER,,,,,,,2.5,,False,not_applicable,-,crop_out_of_scope
fungicides_20260331.pdf,8,4,,Chillies,,False,False,Copper oxychloride 50% WP,Fruit rot,numeric,BARE_NUMBER,per_ha,1.25,0.5058,,,g,1.25,unparseable,BARE_NUMBER,,,,,,,2.5,,False,not_applicable,-,crop_out_of_scope
fungicides_20260331.pdf,8,5,,Betel,,False,False,Copper oxychloride 50% WP,Foot rot,numeric,BARE_NUMBER,per_ha,1.25,0.5058,,,g,1.25,unparseable,BARE_NUMBER,,,,,,,2.5,,False,not_applicable,-,crop_out_of_scope
fungicides_20260331.pdf,8,6,,Betel,,False,False,Copper oxychloride 50% WP,Leaf spot,numeric,BARE_NUMBER,per_ha,1.25,0.5058,,,g,1.25,unparseable,BARE_NUMBER,,,,,,,2.5,,False,not_applicable,-,crop_out_of_scope
fungicides_20260331.pdf,8,7,,Banana,,False,False,Copper oxychloride 50% WP,Fruit rot,numeric,BARE_NUMBER,per_ha,1.25,0.5058,,,g,1.25,unparseable,BARE_NUMBER,,,,,,,2.5,,False,not_applicable,-,crop_out_of_scope
fungicides_20260331.pdf,8,8,,Banana,,False,False,Copper oxychloride 50% WP,Leaf spot,numeric,BARE_NUMBER,per_ha,1.25,0.5058,,,g,1.25,unparseable,BARE_NUMBER,,,,,,,2.5,,False,not_applicable,-,crop_out_of_scope
fungicides_20260331.pdf,8,9,,Coffee,,False,False,Copper oxychloride 50% WP,Black rot,numeric,BARE_RANGE,per_ha,1.87,0.7567,3.75,1.5175,g,1.87-3.75,unparseable,BARE_RANGE,,,,,,,3.75-5.5,,False,not_applicable,-,crop_out_of_scope
fungicides_20260331.pdf,8,10,,Coffee,,False,False,Copper oxychloride 50% WP,Rust,numeric,BARE_RANGE,per_ha,1.87,0.7567,3.75,1.5175,g,1.87-3.75,unparseable,BARE_RANGE,,,,,,,3.75-5.5,,False,not_applicable,-,crop_out_of_scope
fungicides_20260331.pdf,8,11,,Potato,,False,False,Copper oxychloride 50% WP,Early blight,numeric,BARE_NUMBER,per_ha,1.25,0.5058,,,g,1.25,unparseable,BARE_NUMBER,,,,,,,2.5,,False,not_applicable,-,crop_out_of_scope
fungicides_20260331.pdf,8,12,,Potato,,False,False,Copper oxychloride 50% WP,Late blight,numeric,BARE_NUMBER,per_ha,1.25,0.5058,,,g,1.25,unparseable,BARE_NUMBER,,,,,,,2.5,,False,not_applicable,-,crop_out_of_scope
fungicides_20260331.pdf,8,13,,Tobacco,,False,False,Copper oxychloride 50% WP,Downy mildew,numeric,BARE_NUMBER,per_ha,1.25,0.5058,,,g,1.25,unparseable,BARE_NUMBER,,,,,,,2.5,,False,not_applicable,-,crop_out_of_scope
fungicides_20260331.pdf,8,14,,Tobacco,,False,False,Copper oxychloride 50% WP,Black Sank,numeric,BARE_NUMBER,per_ha,1.25,0.5058,,,g,1.25,unparseable,BARE_NUMBER,,,,,,,2.5,,False,not_applicable,-,crop_out_of_scope
fungicides_20260331.pdf,8,15,,Tobacco,,False,False,Copper oxychloride 50% WP,Frog eye leaf,numeric,BARE_NUMBER,per_ha,1.25,0.5058,,,g,1.25,unparseable,BARE_NUMBER,,,,,,,2.5,,False,not_applicable,-,crop_out_of_scope
fungicides_20260331.pdf,8,20,,Coconut,,False,False,Copper oxychloride 50% WP,Bud rot,numeric,BARE_NUMBER,per_ha,1.25,0.5058,,,g,1.25,unparseable,BARE_NUMBER,,,,,,,2.5,,False,not_applicable,-,crop_out_of_scope
fungicides_20260331.pdf,8,21,,Cardamom,,False,False,Copper oxychloride 50% WP,Clump rot,numeric,BARE_RANGE,per_ha,1.87,0.7567,3.75,1.5175,g,1.87-3.75,unparseable,BARE_RANGE,,,,,,,3.75-5.5,,False,not_applicable,-,crop_out_of_scope
fungicides_20260331.pdf,8,22,,Cardamom,,False,False,Copper oxychloride 50% WP,Leaf spot,numeric,BARE_NUMBER,per_ha,1.25,0.5058,,,g,1.25,unparseable,BARE_NUMBER,,,,,,,2.5,,False,not_applicable,-,crop_out_of_scope
fungicides_20260331.pdf,8,23,,,,False,False,Copper Hydroxide 53.8% DF,,empty,EMPTY,,,,,,,,empty,EMPTY,,,,,,,,,False,not_applicable,,crop_blank
fungicides_20260331.pdf,8,24,,Potato,,False,False,Copper Hydroxide 53.8% DF,Late blight,numeric,BARE_NUMBER,per_ha,525.0,212.456,,,g,525,unparseable,BARE_NUMBER,,,,,,,1500,22,False,resolved,22,crop_out_of_scope
fungicides_20260331.pdf,8,26,,Chilli,,False,False,Copper Hydroxide 53.8% DF,Anthracnose,numeric,BARE_NUMBER,per_ha,350.0,141.6373,,,g,350,unparseable,BARE_NUMBER,,,,,,,1000,5,False,resolved,5,crop_out_of_scope
fungicides_20260331.pdf,8,27,,Rice (Paddy),,False,False,Copper Hydroxide 53.8% DF,"False smut,  Bacterial leaf  blight",numeric,BARE_NUMBER,per_ha,525.0,212.456,,,g,525,unparseable,BARE_NUMBER,,,,,,,1500,10,False,resolved,10,crop_out_of_scope
fungicides_20260331.pdf,8,28,,,,False,False,Copper Hydroxide 61.41% WG,,empty,EMPTY,,,,,,,,empty,EMPTY,,,,,,,,,False,not_applicable,,crop_blank
fungicides_20260331.pdf,8,29,,Chilli,,False,False,Copper Hydroxide 61.41% WG,Anthracnose,numeric,BARE_NUMBER,per_ha,537.34,217.4497,,,g,537.34,unparseable,BARE_NUMBER,,,,,,,875,3,False,resolved,3,crop_out_of_scope
fungicides_20260331.pdf,9,0,,Rice,,False,False,Copper Hydroxide 61.41% WG,False smut,numeric,BARE_NUMBER,per_ha,767.63,310.643,,,g,767.63,unparseable,BARE_NUMBER,,,,,,,1250,21,False,resolved,21,crop_out_of_scope
fungicides_20260331.pdf,9,3,,Tea,,False,False,Copper Hydroxide 61.41% WG,Blister blight,numeric,BARE_NUMBER,per_ha,921.15,372.7692,,,g,921.15,unparseable,BARE_NUMBER,,,,,,,1500,3,False,resolved,3,crop_out_of_scope
fungicides_20260331.pdf,9,4,,,,False,False,Copper Hydroxide 77% WP,,empty,EMPTY,,,,,,,,empty,EMPTY,,,,,,,,,False,not_applicable,,crop_blank
fungicides_20260331.pdf,9,5,,Rice (Paddy),,False,False,Copper Hydroxide 77% WP,False smut,numeric,NUM_UNIT,per_ha,1000.0,404.6781,,,g,1000gm,numeric,NUM_UNIT,per_ha,2000.0,809.3562,,,g,2000gm,,False,not_applicable,-,crop_out_of_scope
fungicides_20260331.pdf,9,6,,,,False,False,Copper Hydroxide 46.1% WG,,empty,EMPTY,,,,,,,,empty,EMPTY,,,,,,,,,False,not_applicable,,crop_blank
fungicides_20260331.pdf,9,7,,Cucumber,,False,False,Copper Hydroxide 46.1% WG,"Downey mildew,  Powdery mildew,  Angular leaf spot  & Anthracnose",numeric,BARE_NUMBER,per_ha,375.0,151.7543,,,g,375,unparseable,BARE_NUMBER,,,,,,,1250,15,False,resolved,15,crop_out_of_scope
fungicides_20260331.pdf,9,8,,,,False,False,Copper Sulphate 2.62% SC,,empty,EMPTY,,,,,,,,empty,EMPTY,,,,,,,,,False,not_applicable,,crop_blank
fungicides_20260331.pdf,9,10,,Potato,,False,False,Copper Sulphate 2.62% SC,Early blight and  Late blight,empty,NULL_MARKER,,,,,,,-,numeric,NUM_UNIT,per_ha,1.0,0.4047,,,l,1 litre,3,False,resolved,3 days,crop_out_of_scope
fungicides_20260331.pdf,9,11,,Chilli,,False,False,Copper Sulphate 2.62% SC,Fruit rot  (anthracnose),empty,NULL_MARKER,,,,,,,-,numeric,NUM_UNIT,per_ha,1.0,0.4047,,,l,1 litre,3,False,resolved,3 days,crop_out_of_scope
fungicides_20260331.pdf,9,13,,,,False,False,Copper Sulphate Pentahydrate 6% SC,,empty,EMPTY,,,,,,,,empty,EMPTY,,,,,,,,,False,not_applicable,,crop_blank
fungicides_20260331.pdf,9,14,,Rice,,False,False,Copper Sulphate Pentahydrate 6% SC,Bacterial  leaf blight,numeric,NUM_UNIT,per_ha,60.0,24.2807,,,g,60 gm,numeric,NUM_UNIT,per_ha,1000.0,404.6781,,,ml,1000 ml,21,False,resolved,21,crop_out_of_scope
fungicides_20260331.pdf,9,17,,Apple,,False,False,Copper Sulphate Pentahydrate 6% SC,Stem canker,numeric,BARE_NUMBER,per_ha,375.0,151.7543,,,g,375,unparseable,BARE_NUMBER,,,,,,,6250,,False,not_applicable,-,crop_out_of_scope
fungicides_20260331.pdf,9,18,,Chilli,,False,False,Copper Sulphate Pentahydrate 6% SC,"Anthracnose, Leaf  spot and Fruit rot  (Colletotrichum  capsici)",numeric,BARE_NUMBER,per_ha,75.0,30.3509,,,g,75,unparseable,BARE_NUMBER,,,,,,,1250,7,False,resolved,7,crop_out_of_scope
fungicides_20260331.pdf,9,19,,,,False,False,Cyflufenamid 5% EW,,empty,EMPTY,,,,,,,,empty,EMPTY,,,,,,,,,False,not_applicable,,crop_blank
fungicides_20260331.pdf,9,20,,Chilli,,False,False,Cyflufenamid 5% EW,Powdery mildew (Leveilulla  taurica),numeric,BARE_NUMBER,per_ha,15.0,6.0702,,,g,15,unparseable,BARE_NUMBER,,,,,,,300,5,False,resolved,5,crop_out_of_scope
fungicides_20260331.pdf,10,2,,Black gram,,False,False,Cyflufenamid 5% EW,Powdery mildew,numeric,BARE_NUMBER,per_ha,25.0,10.117,,,g,25,unparseable,BARE_NUMBER,,,,,,,500,24,False,resolved,24,crop_out_of_scope
fungicides_20260331.pdf,10,3,,,,False,False,Cymoxanil 50% WP,,empty,EMPTY,,,,,,,,empty,EMPTY,,,,,,,,,False,not_applicable,,crop_blank
fungicides_20260331.pdf,10,5,,,,False,False,Cyazofamid 34.5% SC,,empty,EMPTY,,,,,,,,empty,EMPTY,,,,,,,,,False,not_applicable,,crop_blank
fungicides_20260331.pdf,10,6,,Potato,,False,False,Cyazofamid 34.5% SC,Late blight,numeric,NUM_UNIT,per_ha,80.0,32.3742,,,g,80g,numeric,NUM_UNIT,per_ha,200.0,80.9356,,,ml,200ml,27,False,resolved,27,crop_out_of_scope
fungicides_20260331.pdf,10,9,,,,False,False,Cyclobutrifluram 41.6% w/w FS,,empty,EMPTY,,,,,,,,empty,EMPTY,,,,,,,,,False,not_applicable,,crop_blank
fungicides_20260331.pdf,10,10,,Groundnut,,False,False,Cyclobutrifluram 41.6% w/w FS,Pyraclostrobin 75  g/l + Tricyclazole  150 g/l ZC,numeric,PER_KG_SEED,per_kg_seed,0.1,,,,g,0.1 a.i g/kg  seed,numeric,PER_KG_SEED,per_kg_seed,0.2,,,,ml,0.2 ml/kg seed,,False,not_applicable,-,crop_out_of_scope
fungicides_20260331.pdf,10,11,,Rice,,False,False,Cyclobutrifluram 41.6% w/w FS,Bakane (Gibberella  fujikoroi),numeric,PER_KG_SEED,per_kg_seed,0.2,,,,g,0.2 a.i. g/kg  seed,numeric,PER_KG_SEED,per_kg_seed,0.4,,,,ml,0.4 ml/kg seed,,False,not_applicable,-,crop_out_of_scope
fungicides_20260331.pdf,10,12,,,,False,False,Difenoconazole 3% WS,,empty,EMPTY,,,,,,,,empty,EMPTY,,,,,,,,,False,not_applicable,,crop_blank
fungicides_20260331.pdf,10,13,,Wheat,,False,False,Difenoconazole 3% WS,Loose smut,numeric,BARE_NUMBER,per_ha,6.0,2.4281,,,g,6.0,unparseable,BARE_NUMBER,,,,,,,200,,True,not_applicable,This is used  as seed  dresser,crop_out_of_scope
fungicides_20260331.pdf,10,14,,,,False,False,Difenoconazole 25% EC,,empty,EMPTY,,,,,,,,empty,EMPTY,,,,,,,,,False,not_applicable,,crop_blank
fungicides_20260331.pdf,10,15,,Apple,,False,False,Difenoconazole 25% EC,Scab,numeric,PCT_WITH_EQUIV,concentration_pct,0.004,,,,%,0.004%  or4  g/100ltr.  water,numeric,PCT_WITH_EQUIV,concentration_pct,0.015,,,,%,0.015%or  15ml/100  ltr. water,14,False,resolved,14,crop_out_of_scope
fungicides_20260331.pdf,10,16,,Paddy (Rice),,False,False,Difenoconazole 25% EC,Sheath blight,numeric,PCT_WITH_EQUIV,concentration_pct,0.0125,,,,%,0.0125%  or12.5g/100lt  r. water,numeric,PCT_WITH_EQUIV,concentration_pct,0.05,,,,%,0.05%or50  ml/100ltr.  water,25,False,resolved,25,crop_out_of_scope
fungicides_20260331.pdf,10,17,,Chilli,,False,False,Difenoconazole 25% EC,"Die-back,  Fruit rot",numeric,PCT_WITH_EQUIV,concentration_pct,0.0125,,,,%,0.0125%or  12.5g/100  ltr. water,numeric,PCT_WITH_EQUIV,concentration_pct,0.05,,,,%,0.05%or50  ml/100ltr.  water,15,False,resolved,15,crop_out_of_scope
fungicides_20260331.pdf,11,0,,Cumin,,False,False,Difenoconazole 25% EC,"Blight,  Powdery mildew",numeric,PCT_WITH_EQUIV,concentration_pct,0.0125,,,,%,0.0125%or  12.5 g/100  ltr.. water,numeric,PCT_WITH_EQUIV,concentration_pct,0.05,,,,%,0.05%or 50  ml/100  ltr..water.,15,False,resolved,15,crop_out_of_scope
fungicides_20260331.pdf,11,4,,Groundnut,,False,False,Difenoconazole 25% EC,"Leaf spot, rust",numeric,PCT_WITH_EQUIV,concentration_pct,0.025,,,,%,0.025% or  25g/100ltr.  water,numeric,PCT_WITH_EQUIV,concentration_pct,0.1,,,,%,0.1%or  100 ml/100  ltr..water.,34,False,resolved,34,crop_out_of_scope
fungicides_20260331.pdf,11,5,,,,False,False,Dimethomorph 50% WP,,empty,EMPTY,,,,,,,,empty,EMPTY,,,,,,,,,False,not_applicable,,crop_blank
fungicides_20260331.pdf,11,7,,Potato,,False,False,Dimethomorph 50% WP,Late blight,numeric,NUM_UNIT,per_ha,500.0,202.339,,,g,500gm,numeric,NUM_UNIT,per_ha,1000.0,404.6781,,,g,1000gm,16,False,resolved,16,crop_out_of_scope
fungicides_20260331.pdf,11,8,,,,False,False,Dinocap 48% EC,,empty,EMPTY,,,,,,,,empty,EMPTY,,,,,,,,,False,not_applicable,,crop_blank
fungicides_20260331.pdf,11,9,,Mango,,False,False,Dinocap 48% EC,Powdery mildew,numeric,NUM_UNIT,per_ha,2.4,0.9712,,,g,2.4gm,numeric,NUM_UNIT,per_ha,5.0,2.0234,,,g,5gm,,False,not_applicable,-,crop_out_of_scope
fungicides_20260331.pdf,11,10,,Rose,,False,False,Dinocap 48% EC,Powdery mildew,numeric,NUM_UNIT,per_ha,0.96,0.3885,,,g,0.96gm,numeric,NUM_UNIT,per_ha,2.0,0.8094,,,ml,2ml,,False,not_applicable,-,crop_out_of_scope
fungicides_20260331.pdf,11,11,,,,False,False,Dithianon 75%WP,,empty,EMPTY,,,,,,,,empty,EMPTY,,,,,,,,,False,not_applicable,,crop_blank
fungicides_20260331.pdf,11,12,,Apple,,False,False,Dithianon 75%WP,Scab,numeric,NUM_UNIT,per_ha,1350.0,546.3154,,,g,1350gm,numeric,NUM_UNIT,per_ha,1800.0,728.4205,,,g,1800gms,21,False,resolved,14-21,crop_out_of_scope
fungicides_20260331.pdf,11,13,,,,False,False,Dodine 40% SC,,empty,EMPTY,,,,,,,,empty,EMPTY,,,,,,,,,False,not_applicable,,crop_blank
fungicides_20260331.pdf,11,14,,Apple,,False,False,Dodine 40% SC,Alternaria leaf  blight/Blotch,numeric,BARE_NUMBER,per_ha,0.05,0.0202,,,g,0.05,unparseable,BARE_NUMBER,,,,,,,0.075,21,False,resolved,21,crop_out_of_scope
fungicides_20260331.pdf,11,15,,Apple,,False,False,Dodine 40% SC,Premature leaf  fall,numeric,BARE_NUMBER,per_ha,0.05,0.0202,,,g,0.05,unparseable,BARE_NUMBER,,,,,,,0.075,21,False,resolved,21,crop_out_of_scope
fungicides_20260331.pdf,11,16,,,,False,False,Dodine65%WP,,empty,EMPTY,,,,,,,,empty,EMPTY,,,,,,,,,False,not_applicable,,crop_blank
fungicides_20260331.pdf,11,17,,Apple,,False,False,Dodine65%WP,Scab,numeric,PCT_SINGLE,concentration_pct,0.05,,,,%,0.05%,numeric,PCT_SINGLE,concentration_pct,0.075,,,,%,0.075%,21,False,resolved,21,crop_out_of_scope
fungicides_20260331.pdf,12,0,,,,False,False,Ediphenphos 50%EC,,empty,EMPTY,,,,,,,,empty,EMPTY,,,,,,,,,False,not_applicable,,crop_blank
fungicides_20260331.pdf,12,1,,Paddy (Rice),,False,False,Ediphenphos 50%EC,Blast,numeric,BARE_RANGE,per_ha,250.0,101.1695,300.0,121.4034,g,250-300,unparseable,BARE_RANGE,,,,,,,500-600,21,False,resolved,21,crop_out_of_scope
fungicides_20260331.pdf,12,2,,Paddy (Rice),,False,False,Ediphenphos 50%EC,Brown leaf spot,numeric,BARE_RANGE,per_ha,250.0,101.1695,300.0,121.4034,g,250-300,unparseable,BARE_RANGE,,,,,,,500-600,21,False,resolved,21,crop_out_of_scope
fungicides_20260331.pdf,12,3,,,,False,False,Ethaboxam 40% SC,,empty,EMPTY,,,,,,,,empty,EMPTY,,,,,,,,,False,not_applicable,,crop_blank
fungicides_20260331.pdf,12,4,,Potato,,False,False,Ethaboxam 40% SC,Late blight,numeric,BARE_RANGE,per_ha,200.0,80.9356,225.0,91.0526,g,200-225,numeric,RANGE_UNIT,per_ha,500.0,202.339,663.0,268.3016,ml,500-663 ml,11,False,resolved,11,crop_out_of_scope
fungicides_20260331.pdf,12,6,,,,False,False,Fludioxonil 20.4% w/w SC,,empty,EMPTY,,,,,,,,empty,EMPTY,,,,,,,,,False,not_applicable,,crop_blank
fungicides_20260331.pdf,12,7,,Mango,,False,False,Fludioxonil 20.4% w/w SC,Botryosphaeria  spp Diplodia spp  Colletotrichum  gloeosporiodes,numeric,PER_N_LITRE,per_litre_water,0.345,,,,g,34.5 g ai/100 L  water,numeric,PER_N_LITRE,per_litre_water,1.5,,,,ml,150 ml/100 L  water,30,False,resolved,30,crop_out_of_scope
fungicides_20260331.pdf,12,8,,Citrus,,False,False,Fludioxonil 20.4% w/w SC,Post harvest fruit rot  complex of fungi  Grey mould Botrytis  cinerea Blue mould  Penicillium sp Fruit  rot Diplodia sp  Colletotrichum  Alternaria,numeric,PER_N_LITRE,per_litre_water,0.7475,,,,g,74.75 g ai/100  L water,numeric,PER_N_LITRE,per_litre_water,3.25,,,,ml,325 ml/100 L  water,30,False,resolved,30,crop_out_of_scope
fungicides_20260331.pdf,12,9,,Apple,,False,False,Fludioxonil 20.4% w/w SC,"Botrytis cinerea,  Penicillium sp  Alternaria alternata  Mucor piriformis",numeric,PER_N_LITRE,per_litre_water,0.575,,,,g,57.5 g ai/100 L  water,numeric,PER_N_LITRE,per_litre_water,2.5,,,,ml,250 ml/100 L  water,40,False,resolved,40,crop_out_of_scope
fungicides_20260331.pdf,12,10,,,,False,False,Flusilazole 40% EC,,empty,EMPTY,,,,,,,,empty,EMPTY,,,,,,,,,False,not_applicable,,crop_blank
fungicides_20260331.pdf,12,11,,Rice (Paddy),,False,False,Flusilazole 40% EC,Sheath blight,numeric,PER_HA_EXPLICIT,per_ha,120.0,48.5614,,,g,120g a.i./ha,numeric,PER_HA_EXPLICIT,per_ha,300.0,121.4034,,,ml,300ml/ha,24,False,resolved,24,crop_out_of_scope
fungicides_20260331.pdf,12,12,,Chilli,,False,False,Flusilazole 40% EC,Powdery mildew,numeric,PER_HA_EXPLICIT,per_ha,40.0,16.1871,60.0,24.2807,g,40-60 g  a.i/ha,numeric,PER_HA_EXPLICIT,per_ha,100.0,40.4678,150.0,60.7017,ml,100-150  ml/ha,5,False,resolved,5,crop_out_of_scope
fungicides_20260331.pdf,12,13,,,,False,False,Fluxapyroxad 333 g/l FS,,empty,EMPTY,,,,,,,,empty,EMPTY,,,,,,,,,False,not_applicable,,crop_blank
fungicides_20260331.pdf,12,14,,Sorghum,,False,False,Fluxapyroxad 333 g/l FS,Anthracnose,numeric,BARE_NUMBER,per_ha,0.33,0.1335,,,g,0.33,numeric,PER_KG_SEED,per_kg_seed,1.0,,,,ml,1.0 ml/kg seed,,True,not_applicable,N.A(Seed  Dresser),crop_out_of_scope
fungicides_20260331.pdf,12,17,,,,False,False,PYRACLOSTROBIN AL 80% WP,,empty,EMPTY,,,,,,,,empty,EMPTY,,,,,,,,,False,not_applicable,,crop_blank
fungicides_20260331.pdf,12,19,,Cardamom,,False,False,PYRACLOSTROBIN AL 80% WP,Azukhal  Disease and  Damping off,numeric,RANGE_UNIT,per_ha,1800.0,728.4205,2400.0,971.2274,g,1800-  2400gm,numeric,RANGE_UNIT,per_ha,2250.0,910.5257,3000.0,1214.0342,g,2250-3000  gm,90,False,resolved,90,crop_out_of_scope
fungicides_20260331.pdf,13,2,,,,False,False,Flutriafol 23% w/w SC,,empty,EMPTY,,,,,,,,empty,EMPTY,,,,,,,,,False,not_applicable,,crop_blank
fungicides_20260331.pdf,13,3,,Rice,,False,False,Flutriafol 23% w/w SC,Sheath blight &  brown spot,numeric,BARE_NUMBER,per_ha,150.0,60.7017,,,g,150,unparseable,BARE_NUMBER,,,,,,,600,24,False,resolved,24,crop_out_of_scope
fungicides_20260331.pdf,13,4,,,,False,False,Hexaconazole 0.5% GR,,empty,EMPTY,,,,,,,,empty,EMPTY,,,,,,,,,False,not_applicable,,crop_blank
fungicides_20260331.pdf,13,5,,Rice,,False,False,Hexaconazole 0.5% GR,Sheath blight &  Sheath rot,numeric,NUM_UNIT,per_ha,50.0,20.2339,,,g,50 gm,numeric,NUM_UNIT,per_ha,10.0,4.0468,,,kg,10 kg,38,False,resolved,38,crop_out_of_scope
fungicides_20260331.pdf,13,6,,,,False,False,Hexaconazole 2% SC,,empty,EMPTY,,,,,,,,empty,EMPTY,,,,,,,,,False,not_applicable,,crop_blank
fungicides_20260331.pdf,13,7,,Chillies,,False,False,Hexaconazole 2% SC,Powdery mildew  & Fruit rot,numeric,NUM_UNIT,per_ha,60.0,24.2807,,,g,60gm,numeric,NUM_UNIT,per_ha,3.0,1.214,,,l,3.0L,7,False,resolved,7,crop_out_of_scope
fungicides_20260331.pdf,13,8,,Potato,,False,False,Hexaconazole 2% SC,Early blight&  Late blight,numeric,NUM_UNIT,per_ha,60.0,24.2807,,,g,60gm,numeric,NUM_UNIT,per_ha,3.0,1.214,,,l,3.0L,21,False,resolved,21,crop_out_of_scope
fungicides_20260331.pdf,13,10,,,,False,False,Hexaconazole 5% EC,,empty,EMPTY,,,,,,,,empty,EMPTY,,,,,,,,,False,not_applicable,,crop_blank
fungicides_20260331.pdf,13,11,,Apple,,False,False,Hexaconazole 5% EC,Scab,numeric,PCT_SINGLE,concentration_pct,0.0025,,,,%,0.0025%,numeric,PCT_WITH_EQUIV,concentration_pct,0.05,,,,%,0.05%  (50ml/100lt),30,False,resolved,30,crop_out_of_scope
fungicides_20260331.pdf,13,12,,Rice (Paddy),,False,False,Hexaconazole 5% EC,"Blast,  Sheath blight",numeric,NUM_UNIT,per_ha,50.0,20.2339,,,g,50gm,numeric,NUM_UNIT,per_ha,1000.0,404.6781,,,ml,1000 ml,40,False,resolved,40,crop_out_of_scope
fungicides_20260331.pdf,13,13,,Groundnut,,False,False,Hexaconazole 5% EC,Tikka leaf spot,numeric,NUM_UNIT,per_ha,75.0,30.3509,,,g,75gm,numeric,NUM_UNIT,per_ha,1500.0,607.0171,,,ml,1500  ml,30,False,resolved,30,crop_out_of_scope
fungicides_20260331.pdf,13,14,,Mango,,False,False,Hexaconazole 5% EC,Powdery  mildew,numeric,PCT_WITH_EQUIV,concentration_pct,0.005,,,,%,0.005%  (5g/100  lit),numeric,PCT_WITH_EQUIV,concentration_pct,0.1,,,,%,0.1%  (100ml/100 lt),30,False,resolved,30,crop_out_of_scope
fungicides_20260331.pdf,13,16,,Tea,,False,False,Hexaconazole 5% EC,Blister blight,numeric,NUM_UNIT,per_ha,10.0,4.0468,,,g,10gm,numeric,NUM_UNIT,per_ha,200.0,80.9356,,,ml,200ml,7,False,resolved,7,crop_out_of_scope
fungicides_20260331.pdf,13,18,,,,False,False,Hexaconazole 5% SC,,empty,EMPTY,,,,,,,,empty,EMPTY,,,,,,,,,False,not_applicable,,crop_blank
fungicides_20260331.pdf,13,19,,Mango,,False,False,Hexaconazole 5% SC,Powdery mildew,numeric,PCT_WITH_EQUIV,concentration_pct,0.01,,,,%,0.01%  (10 g/100 lt.  water),numeric,PCT_WITH_EQUIV,concentration_pct,0.2,,,,%,0.2%or  (200ml/100  lt. water),27,False,resolved,27,crop_out_of_scope
fungicides_20260331.pdf,14,0,,Rice (Paddy),,False,False,Hexaconazole 5% SC,Sheath blight,numeric,PCT_WITH_EQUIV,concentration_pct,0.01,,,,%,0.01%  (10  g/100lt.wate  r),numeric,PCT_WITH_EQUIV,concentration_pct,0.2,,,,%,0.2%or  (200ml/100  lt. water),40,False,resolved,40,crop_out_of_scope
fungicides_20260331.pdf,14,2,,,,False,False,Hexaconazole 75% WG,,empty,EMPTY,,,,,,,,empty,EMPTY,,,,,,,,,False,not_applicable,,crop_blank
fungicides_20260331.pdf,14,3,,Paddy (Rice),,False,False,Hexaconazole 75% WG,Sheath blight &  Sheath rot,numeric,BARE_NUMBER,per_ha,50.0,20.2339,,,g,50,unparseable,BARE_NUMBER,,,,,,,66.7,30,False,resolved,30,crop_out_of_scope
fungicides_20260331.pdf,14,4,,Groundnut,,False,False,Hexaconazole 75% WG,"Tikka leaf spot,  rust",numeric,BARE_NUMBER,per_ha,50.0,20.2339,,,g,50,unparseable,BARE_NUMBER,,,,,,,66.7,31,False,resolved,31,crop_out_of_scope
fungicides_20260331.pdf,14,5,,Chilli,,False,False,Hexaconazole 75% WG,"Leaf spot,  anthracnose,  Powdery mildew",numeric,BARE_NUMBER,per_ha,50.0,20.2339,,,g,50,unparseable,BARE_NUMBER,,,,,,,66.7,7,False,resolved,7,crop_out_of_scope
fungicides_20260331.pdf,14,6,,Coffee,,False,False,Hexaconazole 75% WG,Leaf rust,numeric,BARE_NUMBER,per_ha,100.0,40.4678,,,g,100,unparseable,BARE_NUMBER,,,,,,,133.3,54,False,resolved,54,crop_out_of_scope
fungicides_20260331.pdf,14,7,,Apple,,False,False,Hexaconazole 75% WG,Alternaria leaf  spot,numeric,PCT_SINGLE,concentration_pct,0.003,,,,%,0.003%,numeric,PCT_WITH_EQUIV,concentration_pct,0.004,,,,%,0.004% (4 g/100  lts of water),30,False,resolved,30,crop_out_of_scope
fungicides_20260331.pdf,14,8,,,,False,False,Iprodione 50% WP,,empty,EMPTY,,,,,,,,empty,EMPTY,,,,,,,,,False,not_applicable,,crop_blank
fungicides_20260331.pdf,14,9,,Rapeseed/  Mustard,,False,False,Iprodione 50% WP,Alternaria blight,numeric,RANGE_UNIT,per_ha,1.125,0.4553,1.5,0.607,kg,1.125Kg -1.5  kg,numeric,RANGE_UNIT,per_ha,2.25,0.9105,3.0,1.214,kg,2.25kg-3kg,50,False,resolved,50,crop_out_of_scope
fungicides_20260331.pdf,14,10,,Rice (Paddy),,False,False,Iprodione 50% WP,Sheath blight,numeric,NUM_UNIT,per_ha,1.125,0.4553,,,kg,1.125kg,numeric,NUM_UNIT,per_ha,2.25,0.9105,,,kg,2.25kg,35,False,resolved,35,crop_out_of_scope
fungicides_20260331.pdf,14,13,,,,False,False,Isoprothiolane 40% EC,,empty,EMPTY,,,,,,,,empty,EMPTY,,,,,,,,,False,not_applicable,,crop_blank
fungicides_20260331.pdf,14,14,,Rice (Paddy),,False,False,Isoprothiolane 40% EC,Blast,numeric,BARE_NUMBER,per_ha,300.0,121.4034,,,g,300,unparseable,BARE_NUMBER,,,,,,,750,60,False,resolved,60,crop_out_of_scope
fungicides_20260331.pdf,14,15,,,,False,False,Kasugamycin 3% SL,,empty,EMPTY,,,,,,,,empty,EMPTY,,,,,,,,,False,not_applicable,,crop_blank
fungicides_20260331.pdf,14,16,,Rice (Paddy),,False,False,Kasugamycin 3% SL,Blast,unparseable,COLUMN_COLLAPSE,,,,,,,30-50 gm  0.030%  0.050%,numeric,RANGE_UNIT,per_ha,1000.0,404.6781,1500.0,607.0171,ml,1000-1500 ml,30,False,resolved,30,crop_out_of_scope
fungicides_20260331.pdf,15,0,,Cabbage,,False,False,Kasugamycin 3% SL,Black rot,numeric,BARE_NUMBER,per_ha,45.0,18.2105,,,g,45,unparseable,BARE_NUMBER,,,,,,,1500,20,False,resolved,20,crop_out_of_scope
fungicides_20260331.pdf,15,1,,Chilli,,False,False,Kasugamycin 3% SL,"Bacterial leaf spot,  Cercospora leaf spot  & Die-back",numeric,BARE_RANGE,per_ha,30.0,12.1403,37.5,15.1754,g,30-37.50,unparseable,BARE_RANGE,,,,,,,1000-1250,5,False,resolved,05,crop_out_of_scope
fungicides_20260331.pdf,15,2,,Potato,,False,False,Kasugamycin 3% SL,Early Blight,numeric,BARE_RANGE,per_ha,30.0,12.1403,45.0,18.2105,g,30-45,unparseable,BARE_RANGE,,,,,,,1000-1500,8,False,resolved,08,crop_out_of_scope
fungicides_20260331.pdf,15,3,,,,False,False,Kitazin 17% GR,,empty,EMPTY,,,,,,,,empty,EMPTY,,,,,,,,,False,not_applicable,,crop_blank
fungicides_20260331.pdf,15,4,,Rice (Paddy),,False,False,Kitazin 17% GR,Blast,numeric,NUM_UNIT,per_ha,0.5,0.2023,,,kg,0.5 kg,numeric,NUM_UNIT,per_ha,3.0,1.214,,,kg,3 kg,15,False,resolved,15 days,crop_out_of_scope
fungicides_20260331.pdf,15,5,,,,False,False,Kitazin 48% EC,,empty,EMPTY,,,,,,,,empty,EMPTY,,,,,,,,,False,not_applicable,,crop_blank
fungicides_20260331.pdf,15,6,,Rice (Paddy),,False,False,Kitazin 48% EC,"Blast,  Sheath blight",numeric,PCT_WITH_EQUIV,concentration_pct,0.1,,,,%,0.10%  or100  Gram in  100ltr.  Of water,numeric,PCT_WITH_EQUIV,concentration_pct,0.2,,,,%,0.20%or  200mlin  200lit.of  water,15,False,resolved,15,crop_out_of_scope
fungicides_20260331.pdf,15,7,,Chilly,,False,False,Kitazin 48% EC,Fruit rot /die-  back,numeric,PCT_WITH_EQUIV,concentration_pct,0.1,,,,%,0.10%  Or  100  gram  in  100lit.  of water,numeric,PCT_WITH_EQUIV,concentration_pct,0.2,,,,%,0.20%or  200mlin  200lit. of  water,3,False,resolved,3,crop_out_of_scope
fungicides_20260331.pdf,15,9,,Potato,,False,False,Kitazin 48% EC,Early blight,numeric,PCT_WITH_EQUIV,concentration_pct,0.1,,,,%,0.10%  or100  Gram in  100lit.  Of water,numeric,PCT_WITH_EQUIV,concentration_pct,0.2,,,,%,0.20%or  200mlin  200lit. of  water,48,False,resolved,48,crop_out_of_scope
fungicides_20260331.pdf,16,2,,,,False,False,Kresoxim-methyl 44.3% SC,,empty,EMPTY,,,,,,,,empty,EMPTY,,,,,,,,,False,not_applicable,,crop_blank
fungicides_20260331.pdf,16,3,,"Paddy (Rice)  Blast,",,False,True,Kresoxim-methyl 44.3% SC,Sheath blight,numeric,NUM_UNIT,per_ha,250.0,101.1695,,,g,250gm,numeric,NUM_UNIT,per_ha,500.0,202.339,,,ml,500 ml,30,False,resolved,30,crop_out_of_scope
fungicides_20260331.pdf,16,5,,Chillies,,False,False,Kresoxim-methyl 44.3% SC,"Powdery mildew,  Fruit rot , die  back, twig blight",numeric,BARE_NUMBER,per_ha,250.0,101.1695,,,g,250,unparseable,BARE_NUMBER,,,,,,,500,25,False,resolved,25,crop_out_of_scope
fungicides_20260331.pdf,16,7,,Potato,,False,False,Kresoxim-methyl 44.3% SC,Early blight &  late blight,numeric,BARE_NUMBER,per_ha,250.0,101.1695,,,g,250,unparseable,BARE_NUMBER,,,,,,,500,25,False,resolved,25,crop_out_of_scope
fungicides_20260331.pdf,16,9,,Wheat,,False,False,Kresoxim-methyl 44.3% SC,"Rust, Leaf blight",numeric,BARE_NUMBER,per_ha,250.0,101.1695,,,g,250,unparseable,BARE_NUMBER,,,,,,,500,34,False,resolved,34,crop_out_of_scope
fungicides_20260331.pdf,16,10,,Maize,,False,False,Kresoxim-methyl 44.3% SC,"Turcicum leaf  blight, Rust",numeric,BARE_NUMBER,per_ha,250.0,101.1695,,,g,250,unparseable,BARE_NUMBER,,,,,,,500,25,False,resolved,25,crop_out_of_scope
fungicides_20260331.pdf,16,11,,Tea,,False,False,Kresoxim-methyl 44.3% SC,Grey Blight  disease,numeric,NUM_UNIT,per_ha,100.0,40.4678,,,g,100 g,numeric,NUM_UNIT,per_ha,200.0,80.9356,,,ml,200 ml,21,False,resolved,21,crop_out_of_scope
fungicides_20260331.pdf,16,12,,Apple,,False,False,Kresoxim-methyl 44.3% SC,"Apple Blotch, Leaf  Scab and Fruit Scab",numeric,PCT_SINGLE,concentration_pct,0.025,,,,%,0.025%,numeric,PCT_WITH_EQUIV,concentration_pct,0.05,,,,%,0.05% (50 ml/100  L of water,7,False,resolved,07,crop_out_of_scope
fungicides_20260331.pdf,16,13,,,,False,False,Lime Sulphur 22% SC,,empty,EMPTY,,,,,,,,empty,EMPTY,,,,,,,,,False,not_applicable,,crop_blank
fungicides_20260331.pdf,16,15,,Cherry,,False,False,Lime Sulphur 22% SC,Leaf spot,numeric,PER_HA_EXPLICIT,per_ha,0.44,0.1781,1.1,0.4451,g,0.44-1.10/ha,numeric,PER_HA_EXPLICIT,per_ha,2.0,0.8094,5.0,2.0234,l,2-5 lit/hectare,,False,raised,"3  applications  after petal  fall , 2 weeks  later & after  harvest",crop_out_of_scope
fungicides_20260331.pdf,17,0,grape,Grapes,,False,False,Lime Sulphur 22% SC,Powdery mildew,numeric,PER_HA_EXPLICIT,per_ha,0.44,0.1781,1.1,0.4451,g,0.44-1.10/ha,numeric,PER_HA_EXPLICIT,per_ha,2.0,0.8094,5.0,2.0234,l,2-5 lit/hectare,,False,raised,February  followed by  2 dusting in  summer,phi_defect
fungicides_20260331.pdf,17,1,,Pear,,False,False,Lime Sulphur 22% SC,Black spot,numeric,PER_HA_EXPLICIT,per_ha,0.44,0.1781,1.1,0.4451,g,0.44-1.10/ha,numeric,PER_HA_EXPLICIT,per_ha,2.0,0.8094,5.0,2.0234,l,2-5 lit/hectare,,True,not_applicable,"At whit bud,  Petal fall",crop_out_of_scope
fungicides_20260331.pdf,17,2,,Plum,,False,False,Lime Sulphur 22% SC,Black spot,numeric,PER_HA_EXPLICIT,per_ha,0.44,0.1781,1.1,0.4451,g,0.44-1.10/ha,numeric,PER_HA_EXPLICIT,per_ha,2.0,0.8094,5.0,2.0234,l,2-5 lit/hectare,,True,not_applicable,Delayed  dormant  spray,crop_out_of_scope
fungicides_20260331.pdf,17,3,,Rose,,False,False,Lime Sulphur 22% SC,Powdery mildew,numeric,PER_HA_EXPLICIT,per_ha,0.44,0.1781,1.1,0.4451,g,0.44-1.10/ha,numeric,PER_HA_EXPLICIT,per_ha,2.0,0.8094,5.0,2.0234,l,2-5 lit/hectare,,True,not_applicable,Delayed  dormant  spray,crop_out_of_scope
fungicides_20260331.pdf,17,5,,Peach,,False,False,Lime Sulphur 22% SC,Powdery mildew,numeric,PER_HA_EXPLICIT,per_ha,0.44,0.1781,1.1,0.4451,g,0.44-1.10/ha,numeric,PER_HA_EXPLICIT,per_ha,2.0,0.8094,5.0,2.0234,l,2-5 lit/hectare,,False,raised,"Only one  application  before the  buds swell, 3  pre harvest  application",crop_out_of_scope
fungicides_20260331.pdf,17,6,,,,False,False,Mancozeb 35% SC,,empty,EMPTY,,,,,,,,empty,EMPTY,,,,,,,,,False,not_applicable,,crop_blank
fungicides_20260331.pdf,17,8,,Potato,,False,False,Mancozeb 35% SC,Early blight &  Late blight,numeric,PCT_WITH_EQUIV,concentration_pct,0.175,,,,%,0.175%or1  75gm/100  Ltr. water,numeric,PCT_WITH_EQUIV,concentration_pct,0.5,,,,%,0.5%or500  gm/100lt.  water,35,False,resolved,35,crop_out_of_scope
fungicides_20260331.pdf,17,9,,,,False,False,Mancozeb 75% WG,,empty,EMPTY,,,,,,,,empty,EMPTY,,,,,,,,,False,not_applicable,,crop_blank
fungicides_20260331.pdf,17,11,,Potato,,False,False,Mancozeb 75% WG,Late blight,numeric,NUM_UNIT,per_ha,750.0,303.5086,,,g,750gm,numeric,NUM_UNIT,per_ha,1000.0,404.6781,,,g,1000gm,5,False,resolved,3-5,crop_out_of_scope
fungicides_20260331.pdf,17,12,,Apple,,False,False,Mancozeb 75% WG,"Scab, Pre-  mature leaf fall,  Alternaria  spot/blight,  sooty blotch",numeric,PER_TREE,per_tree,18.75,,22.5,,g,18.75-  22.5/tree,unparseable,PER_TREE,,,,,,,25-30/tree,40,False,resolved,40,crop_out_of_scope
fungicides_20260331.pdf,17,13,,,,False,False,Mancozeb 75% WP,,empty,EMPTY,,,,,,,,empty,EMPTY,,,,,,,,,False,not_applicable,,crop_blank
fungicides_20260331.pdf,18,0,,Wheat,,False,False,Mancozeb 75% WP,"Brown&  black rust,  Blight",numeric,RANGE_UNIT,per_ha,1.125,0.4553,1.5,0.607,kg,1.125-1.5  kg,numeric,RANGE_UNIT,per_ha,1.5,0.607,2.0,0.8094,kg,1.5-2kg,,False,not_applicable,-,crop_out_of_scope
fungicides_20260331.pdf,18,1,,Maize,,False,False,Mancozeb 75% WP,"Leaf blight,  Downy mildew",numeric,RANGE_UNIT,per_ha,1.125,0.4553,1.5,0.607,kg,1.125-1.5  kg,numeric,RANGE_UNIT,per_ha,1.5,0.607,2.0,0.8094,kg,1.5-2kg,,False,not_applicable,-,crop_out_of_scope
fungicides_20260331.pdf,18,2,,Paddy (Rice),,False,False,Mancozeb 75% WP,Blast,numeric,RANGE_UNIT,per_ha,1.125,0.4553,1.5,0.607,kg,1.125-1.5  kg,numeric,RANGE_UNIT,per_ha,1.5,0.607,2.0,0.8094,kg,1.5-2kg,,False,not_applicable,-,crop_out_of_scope
fungicides_20260331.pdf,18,3,,Jowar,,False,False,Mancozeb 75% WP,Leafspot,numeric,RANGE_UNIT,per_ha,1.125,0.4553,1.5,0.607,kg,1.125-1.5  kg,numeric,RANGE_UNIT,per_ha,1.5,0.607,2.0,0.8094,kg,1.5-2kg,,False,not_applicable,-,crop_out_of_scope
fungicides_20260331.pdf,18,4,,Potato,,False,False,Mancozeb 75% WP,"Late blight,  Early blight",numeric,RANGE_UNIT,per_ha,1.125,0.4553,1.5,0.607,kg,1.125-1.5  kg,numeric,RANGE_UNIT,per_ha,1.5,0.607,2.0,0.8094,kg,1.5-2kg,,False,not_applicable,-,crop_out_of_scope
fungicides_20260331.pdf,18,6,,Chilies,,False,False,Mancozeb 75% WP,Damping off,numeric,NUM_UNIT,per_ha,2.25,0.9105,,,g,2.25g,numeric,NUM_WITH_METHOD,per_ha,3.0,1.214,,,g,3g (soil drench),,False,not_applicable,-,crop_out_of_scope
fungicides_20260331.pdf,18,7,,Chilies,,False,False,Mancozeb 75% WP,"Fruit rot, Ripe  rot, Leafspot",numeric,RANGE_UNIT,per_ha,1.125,0.4553,1.5,0.607,kg,1.125-1.5kg,numeric,RANGE_UNIT,per_ha,1.5,0.607,2.0,0.8094,kg,1.5-2kg,,False,not_applicable,-,crop_out_of_scope
fungicides_20260331.pdf,18,8,,Cauliflower,,False,False,Mancozeb 75% WP,Collar rot,numeric,NUM_UNIT,per_ha,2.25,0.9105,,,g,2.25gm,numeric,NUM_UNIT,per_ha,3.0,1.214,,,g,3gm,,False,not_applicable,-,crop_out_of_scope
fungicides_20260331.pdf,18,9,,Cauliflower,,False,False,Mancozeb 75% WP,Leafspot,numeric,RANGE_UNIT,per_ha,1.125,0.4553,1.5,0.607,kg,1.125-1.5kg,numeric,RANGE_UNIT,per_ha,1.5,0.607,2.0,0.8094,kg,1.5-2kg,,False,not_applicable,-,crop_out_of_scope
fungicides_20260331.pdf,18,10,,Groundnut,,False,False,Mancozeb 75% WP,Tikka disease&  rust,numeric,RANGE_UNIT,per_ha,1.125,0.4553,1.5,0.607,kg,1.125-  1.5kg,numeric,RANGE_UNIT,per_ha,1.5,0.607,2.0,0.8094,kg,1.5-2kg,,False,not_applicable,-,crop_out_of_scope
fungicides_20260331.pdf,18,11,,Groundnut,,False,False,Mancozeb 75% WP,"Collar rot,  Leaf spot",numeric,PER_N_KG_SEED,per_kg_seed,1.875,,2.25,,g,18.75 to  22.50/ 10  kg seed,unparseable,PER_N_KG_SEED,,,,,,,25 to 30/ 10 kg  seed,,False,not_applicable,-,crop_out_of_scope
fungicides_20260331.pdf,18,13,,Guava,,False,False,Mancozeb 75% WP,Fruit rot,numeric,PER_TREE,per_tree,15.0,,,,g,15g/tree,numeric,PER_TREE,per_tree,20.0,,,,g,20g/tree,,False,not_applicable,-,crop_out_of_scope
fungicides_20260331.pdf,18,14,,Banana,,False,False,Mancozeb 75% WP,"Cigar end rot,  Tip rot,  Sigatoka  leafspot",numeric,RANGE_UNIT,per_ha,1.125,0.4553,1.5,0.607,kg,1.125-1.5  kg,numeric,RANGE_UNIT,per_ha,1.5,0.607,2.0,0.8094,kg,1.5-2kg,,False,not_applicable,-,crop_out_of_scope
fungicides_20260331.pdf,18,15,,Apple,,False,False,Mancozeb 75% WP,Scab&  sooty blotch,numeric,PER_TREE,per_tree,22.5,,,,g,22.5 g /tree,numeric,PER_TREE,per_tree,30.0,,,,g,30gm/tree,,False,not_applicable,-,crop_out_of_scope
fungicides_20260331.pdf,18,16,,Cumin,,False,False,Mancozeb 75% WP,Blight,numeric,RANGE_UNIT,per_ha,1.125,0.4553,1.5,0.607,kg,1.125-1.5  kg,numeric,RANGE_UNIT,per_ha,1.5,0.607,2.0,0.8094,kg,1.5-2kg,,False,not_applicable,-,crop_out_of_scope
fungicides_20260331.pdf,18,17,,,,False,False,Mandipropamid 23.4% SC,,empty,EMPTY,,,,,,,,empty,EMPTY,,,,,,,,,False,not_applicable,,crop_blank
fungicides_20260331.pdf,19,0,,Potato,,False,False,Mandipropamid 23.4% SC,Late blight,numeric,PER_LITRE,per_litre_water,0.2,,,,ml,0.2 ml/Ltr.,numeric,PER_LITRE,per_litre_water,0.8,,,,ml,0.8 ml/Ltr.,40,False,resolved,40,crop_out_of_scope
fungicides_20260331.pdf,19,2,,Cucumber,,False,False,Mandipropamid 23.4% SC,Downy Mildew,free_text,MULTI_RATE,free_text,,,,,,100 g/a.i./L or  0.2 g a.i./L,free_text,MULTI_BASIS,free_text,,,,,,400 ml/ha or  0.8 ml/L,7,False,resolved,7,crop_out_of_scope
fungicides_20260331.pdf,19,3,,Watermelon,,False,False,Mandipropamid 23.4% SC,Downy Mildew,free_text,MULTI_RATE,free_text,,,,,,100 g/a.i./L or  0.2 g a.i./L,free_text,MULTI_BASIS,free_text,,,,,,400 ml/ha or  0.8 ml/L,10,False,resolved,10,crop_out_of_scope
fungicides_20260331.pdf,19,4,,Bitter gourd,,False,False,Mandipropamid 23.4% SC,Downy Mildew,free_text,MULTI_RATE,free_text,,,,,,100 g/a.i./L or  0.2 g a.i./L,free_text,MULTI_BASIS,free_text,,,,,,400 ml/ha or  0.8 ml/L,7,False,resolved,7,crop_out_of_scope
fungicides_20260331.pdf,19,5,,,,False,False,Meptyl Dinocap 35.7% EC,,empty,EMPTY,,,,,,,,empty,EMPTY,,,,,,,,,False,not_applicable,,crop_blank
fungicides_20260331.pdf,19,7,,Chillies,,False,False,Meptyl Dinocap 35.7% EC,Powdery mildew,numeric,BARE_RANGE,per_ha,108.0,43.7052,120.0,48.5614,g,108-120,unparseable,BARE_RANGE,,,,,,,308.6-342.8,7,False,resolved,7,crop_out_of_scope
fungicides_20260331.pdf,19,8,,Mango,,False,False,Meptyl Dinocap 35.7% EC,Powdery mildew,numeric,BARE_RANGE,per_ha,108.0,43.7052,120.0,48.5614,g,108-120,unparseable,BARE_RANGE,,,,,,,308.6-342.8,7,False,resolved,7,crop_out_of_scope
fungicides_20260331.pdf,19,9,,Pea,,False,False,Meptyl Dinocap 35.7% EC,Powdery mildew,numeric,BARE_RANGE,per_ha,108.0,43.7052,120.0,48.5614,g,108-120,unparseable,BARE_RANGE,,,,,,,308.6-342.8,7,False,resolved,7,crop_out_of_scope
fungicides_20260331.pdf,19,10,,,,False,False,Metalaxyl-M 31.8% ES,,empty,EMPTY,,,,,,,,empty,EMPTY,,,,,,,,,False,not_applicable,,crop_blank
fungicides_20260331.pdf,19,11,,Maize,,False,False,Metalaxyl-M 31.8% ES,Downey mildew,numeric,BARE_NUMBER,per_ha,0.76,0.3076,,,g,0.76,empty,EMPTY,,,,,,,,120,False,resolved,3.5-4  months,crop_out_of_scope
fungicides_20260331.pdf,19,12,,Chilli,,False,False,Metalaxyl-M 31.8% ES,Damping Off,numeric,BARE_NUMBER,per_ha,0.64,0.259,,,g,0.64,empty,EMPTY,,,,,,,,,True,not_applicable,used as  seed  dresser,crop_out_of_scope
fungicides_20260331.pdf,19,14,,Pearl millet,,False,False,Metalaxyl-M 31.8% ES,Downey mildew,numeric,BARE_NUMBER,per_ha,0.64,0.259,,,g,0.64,empty,EMPTY,,,,,,,,76,False,resolved,76,crop_out_of_scope
fungicides_20260331.pdf,19,15,,Sorghum,,False,False,Metalaxyl-M 31.8% ES,Downey mildew,numeric,BARE_NUMBER,per_ha,0.64,0.259,,,g,0.64,empty,EMPTY,,,,,,,,114,False,resolved,114,crop_out_of_scope
fungicides_20260331.pdf,19,16,,Sunflower,,False,False,Metalaxyl-M 31.8% ES,Downey mildew,numeric,BARE_NUMBER,per_ha,0.64,0.259,,,g,0.64,empty,EMPTY,,,,,,,,90,False,resolved,90,crop_out_of_scope
fungicides_20260331.pdf,19,17,,Mustard,,False,False,Metalaxyl-M 31.8% ES,Downey  mildew and  White rust,numeric,BARE_NUMBER,per_ha,1.11,0.4492,,,g,1.11,empty,EMPTY,,,,,,,,,True,not_applicable,used as seed  dresser,crop_out_of_scope
fungicides_20260331.pdf,19,18,,,,False,False,Metalaxyl 35% WS,,empty,EMPTY,,,,,,,,empty,EMPTY,,,,,,,,,False,not_applicable,,crop_blank
fungicides_20260331.pdf,20,0,,Maize,,False,False,Metalaxyl 35% WS,"Sorghum  Downy mildew,  Sugarcane  downy mildew,  Phillippine  Downy mildew,  Browny stripe  downy mildew",free_text,PROSE_METHOD,free_text,,,,,,Slurry  seed  treatment  with240g/  100 kg  seed,numeric,PER_N_KG_SEED,per_kg_seed,7.0,,,,g,700g/100  Kg seed,120,False,resolved,3½-4months  Depending on  the variety,crop_out_of_scope
fungicides_20260331.pdf,20,1,,Bajra,,False,False,Metalaxyl 35% WS,Downy mildew,free_text,PROSE_METHOD,free_text,,,,,,Slurry seed  treatment  with  200g/100  Kg seed,numeric,PER_N_KG_SEED,per_kg_seed,6.0,,,,g,600g/100  Kg seed,105,False,resolved,3-3½months  Depending  on the variety,crop_out_of_scope
fungicides_20260331.pdf,20,2,,Sorghum,,False,False,Metalaxyl 35% WS,Downy mildew,free_text,PROSE_METHOD,free_text,,,,,,Slurry seed  treatment  with  200g/100  Kg seed,numeric,PER_N_KG_SEED,per_kg_seed,6.0,,,,g,600g/100  Kg seed,120,False,resolved,3½-4months  Depending  on  the  variety,crop_out_of_scope
fungicides_20260331.pdf,20,3,,Sunflower,,False,False,Metalaxyl 35% WS,Downy mildew,free_text,PROSE_METHOD,free_text,,,,,,Slurry seed  treatment  with  200g/100  Kg seed,numeric,PER_N_KG_SEED,per_kg_seed,6.0,,,,g,600g/100  Kg seed,120,False,resolved,3½-4months  Depending  on  the  variety,crop_out_of_scope
fungicides_20260331.pdf,20,4,,Mustard,,False,False,Metalaxyl 35% WS,White rust,free_text,PROSE_METHOD,free_text,,,,,,Slurry seed  treatment  with  200g/100  Kg seed,numeric,PER_N_KG_SEED,per_kg_seed,6.0,,,,g,600gm/100 Kg  seed,120,False,resolved,3½-4months  Depending  on the  variety,crop_out_of_scope
fungicides_20260331.pdf,20,5,,,,False,False,Metiram 70%WG,,empty,EMPTY,,,,,,,,empty,EMPTY,,,,,,,,,False,not_applicable,,crop_blank
fungicides_20260331.pdf,20,7,,Groundnut,,False,False,Metiram 70%WG,Tikka,numeric,NUM_UNIT,per_ha,1400.0,566.5493,,,g,1400gm,numeric,NUM_UNIT,per_ha,2000.0,809.3562,,,g,2000gm,16,False,resolved,16,crop_out_of_scope
fungicides_20260331.pdf,20,8,,Potato,,False,False,Metiram 70%WG,"Late blight, Early  Blight",numeric,NUM_UNIT,per_ha,1400.0,566.5493,,,g,1400 gm,numeric,NUM_UNIT,per_ha,2000.0,809.3562,,,g,2000 gm,17,False,resolved,17,crop_out_of_scope
fungicides_20260331.pdf,20,10,,Rice (Paddy),,False,False,Metiram 70%WG,Blast and Brown  spot,numeric,BARE_RANGE,per_ha,1050.0,424.912,1400.0,566.5493,g,1050-1400,unparseable,BARE_RANGE,,,,,,,1500-2000,51,False,resolved,51,crop_out_of_scope
fungicides_20260331.pdf,20,11,,Chilli,,False,False,Metiram 70%WG,Anthracnose,numeric,BARE_NUMBER,per_ha,1400.0,566.5493,,,g,1400,unparseable,BARE_NUMBER,,,,,,,2000,10,False,resolved,10,crop_out_of_scope
fungicides_20260331.pdf,21,0,,Apple,,False,False,Metiram 70%WG,Scab,numeric,PCT_SINGLE,concentration_pct,0.3,,,,%,0.3%,numeric,PER_N_LITRE,per_litre_water,3.0,,,,g,300 gm/ 100 L  of Water,21,False,resolved,21,crop_out_of_scope
fungicides_20260331.pdf,21,1,,Mango,,False,False,Metiram 70%WG,Anthracnose,numeric,NUM_UNIT,per_ha,87.5,35.4093,,,g,87.5 g,numeric,NUM_UNIT,per_ha,125.0,50.5848,,,g,125 g,64,False,resolved,64,crop_out_of_scope
fungicides_20260331.pdf,21,3,,Black gram,,False,False,Metiram 70%WG,"Cercospora  leaf spot,",numeric,BARE_RANGE,per_ha,875.0,354.0933,1050.0,424.912,g,875-1050,unparseable,BARE_RANGE,,,,,,,1250-1500,34,False,resolved,34,crop_out_of_scope
fungicides_20260331.pdf,21,7,,Mango,,False,False,Metiram 70%WG,Anthracnose,numeric,PER_N_LITRE,per_litre_water,0.7,,0.875,,g,70-87.5/100 l of  water,unparseable,PER_N_LITRE,,,,,,,100-125/100 l of  water,64,False,resolved,64,crop_out_of_scope
fungicides_20260331.pdf,21,9,,Cucumber,,False,False,Metiram 70%WG,Powdery mildew,numeric,BARE_RANGE,per_ha,875.0,354.0933,1050.0,424.912,g,875-1050,unparseable,BARE_RANGE,,,,,,,1250-1500,3,False,resolved,3,crop_out_of_scope
fungicides_20260331.pdf,21,10,,,,False,False,Metrafenone 500 g/l SC,,empty,EMPTY,,,,,,,,empty,EMPTY,,,,,,,,,False,not_applicable,,crop_blank
fungicides_20260331.pdf,21,12,,Mango,,False,False,Metrafenone 500 g/l SC,Powdery mildew,numeric,BARE_NUMBER,per_ha,200.0,80.9356,,,g,200,numeric,PER_LITRE,per_litre_water,0.2,,,,ml,0.2ml/l,35,False,resolved,35,crop_out_of_scope
fungicides_20260331.pdf,21,13,,Apple,,False,False,Metrafenone 500 g/l SC,Powdery mildew,numeric,BARE_NUMBER,per_ha,187.5,75.8771,,,g,187.5,numeric,PER_LITRE,per_litre_water,0.15,,,,ml,0.15ml/l,42,False,resolved,42,crop_out_of_scope
fungicides_20260331.pdf,21,14,,Cucumber,,False,False,Metrafenone 500 g/l SC,Powdery mildew,numeric,BARE_NUMBER,per_ha,125.0,50.5848,,,g,125,unparseable,BARE_NUMBER,,,,,,,250,7,False,resolved,7,crop_out_of_scope
fungicides_20260331.pdf,21,15,,Chilli,,False,False,Metrafenone 500 g/l SC,Powdery mildew,numeric,BARE_RANGE,per_ha,100.0,40.4678,125.0,50.5848,g,100-125,unparseable,BARE_RANGE,,,,,,,200-250,7,False,resolved,7,crop_out_of_scope
fungicides_20260331.pdf,21,16,,,,False,False,Myclobutanil 10% WP,,empty,EMPTY,,,,,,,,empty,EMPTY,,,,,,,,,False,not_applicable,,crop_blank
fungicides_20260331.pdf,21,17,,Apple,,False,False,Myclobutanil 10% WP,Scab,numeric,PCT_SINGLE,concentration_pct,0.004,,,,%,0.004%,numeric,PCT_SINGLE,concentration_pct,0.04,,,,%,0.04%,21,False,resolved,21,crop_out_of_scope
fungicides_20260331.pdf,22,1,,Chilies,,False,False,Myclobutanil 10% WP,"Powdery  mildew,  Leafspot, Die-  back",numeric,PCT_SINGLE,concentration_pct,0.004,,,,%,0.004%,numeric,PCT_SINGLE,concentration_pct,0.04,,,,%,0.04%,3,False,resolved,03,crop_out_of_scope
fungicides_20260331.pdf,22,2,,,,False,False,Oxathiapiprolin 10.1% OD,,empty,EMPTY,,,,,,,,empty,EMPTY,,,,,,,,,False,not_applicable,,crop_blank
fungicides_20260331.pdf,22,3,,Potato,,False,False,Oxathiapiprolin 10.1% OD,Late blight,numeric,BARE_NUMBER,per_ha,20.0,8.0936,,,g,20,unparseable,BARE_NUMBER,,,,,,,200,22,False,resolved,22 days,crop_out_of_scope
fungicides_20260331.pdf,22,5,,,,False,False,Penconazole 10% EC,,empty,EMPTY,,,,,,,,empty,EMPTY,,,,,,,,,False,not_applicable,,crop_blank
fungicides_20260331.pdf,22,7,,Apple,,False,False,Penconazole 10% EC,Scab,numeric,PCT_WITH_EQUIV,concentration_pct,0.005,,,,%,0.005%  or5 gm  /100 Ltr.  water,numeric,PER_N_LITRE,per_litre_water,0.5,,,,ml,50ml/100Ltr.  water,30,False,resolved,30,crop_out_of_scope
fungicides_20260331.pdf,22,8,,Mango,,False,False,Penconazole 10% EC,Powdery mildew,numeric,PCT_WITH_EQUIV,concentration_pct,0.005,,,,%,0.005%  or5  gm/100  Ltr. water,numeric,PER_N_LITRE,per_litre_water,0.5,,,,ml,50ml/100Ltr.  water,30,False,resolved,30,crop_out_of_scope
fungicides_20260331.pdf,22,9,,Pulses  (Black gram  /Greengram),,False,False,Penconazole 10% EC,Powdery mildew,numeric,PCT_WITH_EQUIV,concentration_pct,0.005,,,,%,0.005%  or5  gm/100  Ltr. water,numeric,PER_N_LITRE,per_litre_water,0.5,,,,ml,50ml/100Ltr.  water,30,False,resolved,30,crop_out_of_scope
fungicides_20260331.pdf,22,10,,,,False,False,Penflufen 22.43% FS,,empty,EMPTY,,,,,,,,empty,EMPTY,,,,,,,,,False,not_applicable,,crop_blank
fungicides_20260331.pdf,22,11,,Potato,,False,False,Penflufen 22.43% FS,Black Scurf,numeric,BARE_NUMBER,per_ha,0.02,0.0081,,,g,0.02,unparseable,BARE_NUMBER,,,,,,,0.083,,False,raised,800 kg seed  tubers of  potato are  dipped in the  solutions of  fungicide for  10 minutes.  Tubers after  treatment are  dried in shade  and then  sown.,crop_out_of_scope
fungicides_20260331.pdf,23,0,,Rice,,False,False,Penflufen 22.43% FS,Sheath blight,numeric,PER_KG_SEED,per_kg_seed,1.92,,2.4,,g,1.92 – 2.40 g  a.i./kg seed,numeric,PER_KG_SEED,per_kg_seed,8.0,,10.0,,ml,8 – 10 ml  formulation / kg  seed,,False,not_applicable,NA,crop_out_of_scope
fungicides_20260331.pdf,23,1,,,,False,False,Pencycuron 22.9% SC,,empty,EMPTY,,,,,,,,empty,EMPTY,,,,,,,,,False,not_applicable,,crop_blank
fungicides_20260331.pdf,23,2,,Rice (Paddy),,False,False,Pencycuron 22.9% SC,Sheath blight,numeric,RANGE_UNIT,per_ha,150.0,60.7017,187.5,75.8771,g,150-187.5gm,numeric,RANGE_UNIT,per_ha,600.0,242.8068,750.0,303.5086,ml,600-750ml,69,False,resolved,69,crop_out_of_scope
fungicides_20260331.pdf,23,3,,Potato tuber,,False,False,Pencycuron 22.9% SC,Black scurf,numeric,BARE_RANGE,per_ha,0.0625,0.0253,0.125,0.0506,g,0.0625-  0.125,unparseable,BARE_RANGE,,,,,,,0.25-0.50,78,False,resolved,78,crop_out_of_scope
fungicides_20260331.pdf,23,4,,,,False,False,Picarbutrazox 9.53% w/w SC,,empty,EMPTY,,,,,,,,empty,EMPTY,,,,,,,,,False,not_applicable,,crop_blank
fungicides_20260331.pdf,23,7,,Potato,,False,False,Picarbutrazox 9.53% w/w SC,Late blight,numeric,BARE_RANGE,per_ha,100.0,40.4678,125.0,50.5848,g,100-125,unparseable,BARE_RANGE,,,,,,,1000-1250,34,False,resolved,34,crop_out_of_scope
fungicides_20260331.pdf,23,8,,,,False,False,Picoxystrobin 22.52% w/w SC,,empty,EMPTY,,,,,,,,empty,EMPTY,,,,,,,,,False,not_applicable,,crop_blank
fungicides_20260331.pdf,23,9,,Rice (Paddy),,False,False,Picoxystrobin 22.52% w/w SC,Rice blast,numeric,BARE_NUMBER,per_ha,150.0,60.7017,,,g,150,unparseable,BARE_NUMBER,,,,,,,600,12,False,resolved,12,crop_out_of_scope
fungicides_20260331.pdf,23,12,,Cumin,,False,False,Picoxystrobin 22.52% w/w SC,Cumin blight  (Alternaria  burnsii),numeric,BARE_NUMBER,per_ha,100.0,40.4678,,,g,100,unparseable,BARE_NUMBER,,,,,,,400,20,False,resolved,20,crop_out_of_scope
fungicides_20260331.pdf,23,13,,,,False,False,Polyoxin D Zinc Salt 5% SC,,empty,EMPTY,,,,,,,,empty,EMPTY,,,,,,,,,False,not_applicable,,crop_blank
fungicides_20260331.pdf,24,0,,Rice,,False,False,Polyoxin D Zinc Salt 5% SC,Sheath Blight,numeric,NUM_UNIT,per_ha,30.0,12.1403,,,g,30 gm,numeric,NUM_UNIT,per_ha,600.0,242.8068,,,g,600 gm,0,False,resolved,0,crop_out_of_scope
fungicides_20260331.pdf,24,1,,Chilli,,False,False,Polyoxin D Zinc Salt 5% SC,Powdery Mildew,numeric,BARE_NUMBER,per_ha,50.0,20.2339,,,g,50,unparseable,BARE_NUMBER,,,,,,,1000,0,False,resolved,0,crop_out_of_scope
fungicides_20260331.pdf,24,2,,,,False,False,Prochloraz 39.6% w/w EC,,empty,EMPTY,,,,,,,,empty,EMPTY,,,,,,,,,False,not_applicable,,crop_blank
fungicides_20260331.pdf,24,3,,Rice,,False,False,Prochloraz 39.6% w/w EC,Blast,numeric,BARE_NUMBER,per_ha,450.0,182.1051,,,g,450,unparseable,BARE_NUMBER,,,,,,,1000,26,False,resolved,26,crop_out_of_scope
fungicides_20260331.pdf,24,4,,,,False,False,Propiconazole 25% EC,,empty,EMPTY,,,,,,,,empty,EMPTY,,,,,,,,,False,not_applicable,,crop_blank
fungicides_20260331.pdf,24,5,,Wheat,,False,False,Propiconazole 25% EC,Karnal bunt  (Neovossia  indica),numeric,NUM_UNIT,per_ha,125.0,50.5848,,,g,125gm,numeric,NUM_UNIT,per_ha,500.0,202.339,,,g,500gm,30,False,resolved,30,crop_out_of_scope
fungicides_20260331.pdf,24,6,,Wheat,,False,False,Propiconazole 25% EC,Leaf rust / Brown  Rust (Puccinia  recondi  te F.sp. tritici),numeric,NUM_UNIT,per_ha,125.0,50.5848,,,g,125gm,numeric,NUM_UNIT,per_ha,500.0,202.339,,,g,500gm,30,False,resolved,30,crop_out_of_scope
fungicides_20260331.pdf,24,7,,Wheat,,False,False,Propiconazole 25% EC,Stem rust  (P.graminis f.sp  . tritici),numeric,NUM_UNIT,per_ha,125.0,50.5848,,,g,125gm,numeric,NUM_UNIT,per_ha,500.0,202.339,,,g,500gm,30,False,resolved,30,crop_out_of_scope
fungicides_20260331.pdf,24,8,,Wheat,,False,False,Propiconazole 25% EC,Stripe rust  /Yellow Rust (P.  striiformis),numeric,NUM_UNIT,per_ha,125.0,50.5848,,,g,125gm,numeric,NUM_UNIT,per_ha,500.0,202.339,,,g,500gm,30,False,resolved,30,crop_out_of_scope
fungicides_20260331.pdf,24,9,,Rice (Paddy),,False,False,Propiconazole 25% EC,Sheath blight  (Rhizoctonia   solani f.sesakii),numeric,NUM_UNIT,per_ha,125.0,50.5848,,,g,125gm,numeric,NUM_UNIT,per_ha,500.0,202.339,,,g,500gm,30,False,resolved,30,crop_out_of_scope
fungicides_20260331.pdf,24,10,,Groundnut,,False,False,Propiconazole 25% EC,Early leaf  spot  (Cercospora  arachidicola),numeric,NUM_UNIT,per_ha,125.0,50.5848,,,g,125gm,numeric,NUM_UNIT,per_ha,500.0,202.339,,,g,500gm,15,False,resolved,15,crop_out_of_scope
fungicides_20260331.pdf,24,11,,Groundnut,,False,False,Propiconazole 25% EC,Lateleafspot  (C.  personata),numeric,NUM_UNIT,per_ha,125.0,50.5848,,,g,125gm,numeric,NUM_UNIT,per_ha,500.0,202.339,,,g,500gm,15,False,resolved,15,crop_out_of_scope
fungicides_20260331.pdf,24,12,,Groundnut,,False,False,Propiconazole 25% EC,Rust  (Puccinia  arachidis),numeric,NUM_UNIT,per_ha,125.0,50.5848,,,g,125gm,numeric,NUM_UNIT,per_ha,500.0,202.339,,,g,500gm,15,False,resolved,15,crop_out_of_scope
fungicides_20260331.pdf,24,13,,Tea,,False,False,Propiconazole 25% EC,Blister blight,numeric,RANGE_UNIT,per_ha,31.25,12.6462,62.5,25.2924,g,31.25-  62.50gm,numeric,RANGE_UNIT,per_ha,125.0,50.5848,250.0,101.1695,g,125-250gm,7,False,resolved,7,crop_out_of_scope
fungicides_20260331.pdf,24,16,,,,False,False,Propineb 70%WP,,empty,EMPTY,,,,,,,,empty,EMPTY,,,,,,,,,False,not_applicable,,crop_blank
fungicides_20260331.pdf,25,0,,Apple,,False,False,Propineb 70%WP,Scab,numeric,PCT_WITH_EQUIV,concentration_pct,0.21,,,,%,0.21%or  210  g/100Ltr.  water,numeric,PCT_WITH_EQUIV,concentration_pct,0.3,,,,%,0.30%or300  gram/100Ltr.  water,30,False,resolved,30,crop_out_of_scope
fungicides_20260331.pdf,25,2,,Potato,,False,False,Propineb 70%WP,Early&  Late  blight,numeric,PCT_WITH_EQUIV,concentration_pct,0.21,,,,%,0.21%or  210g/100  Ltr. water,numeric,PCT_WITH_EQUIV,concentration_pct,0.3,,,,%,0.30%or300  gram/100Ltr.  water,15,False,resolved,15,crop_out_of_scope
fungicides_20260331.pdf,25,3,,Chilli,,False,False,Propineb 70%WP,Die-back,numeric,PCT_WITH_EQUIV,concentration_pct,0.21,,,,%,0.21%or  210  g/100Ltr.  water,numeric,PCT_WITH_EQUIV,concentration_pct,0.5,,,,%,0.5%or500  gram/100Ltr.  water,10,False,resolved,10,crop_out_of_scope
fungicides_20260331.pdf,26,0,,Rice (Paddy),,False,False,Propineb 70%WP,Brown leaf  spot and Narrow  leaf spot,numeric,RANGE_UNIT,per_ha,1050.0,424.912,1400.0,566.5493,g,1050to  1400 g,numeric,RANGE_UNIT,per_ha,1500.0,607.0171,2000.0,809.3562,g,1500to2000 g,,False,not_applicable,-,crop_out_of_scope
fungicides_20260331.pdf,26,2,,,,False,False,Pyraclostrobin 20% WG,,empty,EMPTY,,,,,,,,empty,EMPTY,,,,,,,,,False,not_applicable,,crop_blank
fungicides_20260331.pdf,26,6,,Groundnut,,False,False,Pyraclostrobin 20% WG,Tikka disease,numeric,BARE_NUMBER,per_ha,100.0,40.4678,,,g,100,unparseable,BARE_NUMBER,,,,,,,500,29,False,resolved,29,crop_out_of_scope
fungicides_20260331.pdf,26,7,,Corn,,False,False,Pyraclostrobin 20% WG,Turcicum leaf  blight,numeric,BARE_NUMBER,per_ha,100.0,40.4678,,,g,100,unparseable,BARE_NUMBER,,,,,,,500,40,False,resolved,40,crop_out_of_scope
fungicides_20260331.pdf,26,8,,Banana,,False,False,Pyraclostrobin 20% WG,Sigatoka leaf  spot,numeric,BARE_NUMBER,per_ha,150.0,60.7017,,,g,150,unparseable,BARE_NUMBER,,,,,,,750,103,False,resolved,103,crop_out_of_scope
fungicides_20260331.pdf,26,9,,Chilli,,False,False,Pyraclostrobin 20% WG,Anthracnose,numeric,BARE_NUMBER,per_ha,100.0,40.4678,,,g,100,unparseable,BARE_NUMBER,,,,,,,500,3,False,resolved,3,crop_out_of_scope
fungicides_20260331.pdf,26,10,,,,False,False,Pyraclostrobin 100g/l CS,,empty,EMPTY,,,,,,,,empty,EMPTY,,,,,,,,,False,not_applicable,,crop_blank
fungicides_20260331.pdf,26,11,,Paddy (Rice),,False,False,Pyraclostrobin 100g/l CS,Blast Disease,numeric,BARE_NUMBER,per_ha,100.0,40.4678,,,g,100,unparseable,BARE_NUMBER,,,,,,,1000,18,False,resolved,18,crop_out_of_scope
fungicides_20260331.pdf,26,12,,,,False,False,Pyriofenone 18.0% w/v SC,,empty,EMPTY,,,,,,,,empty,EMPTY,,,,,,,,,False,not_applicable,,crop_blank
fungicides_20260331.pdf,26,14,,Chilli,,False,False,Pyriofenone 18.0% w/v SC,Powdery Mildew,numeric,BARE_NUMBER,per_ha,108.0,43.7052,,,g,108,unparseable,BARE_NUMBER,,,,,,,600,10,False,resolved,10,crop_out_of_scope
fungicides_20260331.pdf,26,15,,,,False,False,(Streptomycin Sulphate 90% + Tetracycline Hydrochloride 10%) SP,,empty,EMPTY,,,,,,,,empty,EMPTY,,,,,,,,,False,not_applicable,,crop_blank
fungicides_20260331.pdf,26,16,,Apple,,False,False,(Streptomycin Sulphate 90% + Tetracycline Hydrochloride 10%) SP,Fire blight,empty,NULL_MARKER,,,,,,,-,free_text,PROSE_METHOD,free_text,,,,,,Spray Strepto  cycline   25 to50  Ppm solution at  20to30% bloom  time,,False,not_applicable,-,crop_out_of_scope
fungicides_20260331.pdf,26,17,,Apple,,False,False,(Streptomycin Sulphate 90% + Tetracycline Hydrochloride 10%) SP,,empty,EMPTY,,,,,,,,empty,EMPTY,,,,,,,,,False,not_applicable,,crop_out_of_scope
fungicides_20260331.pdf,27,0,,Beans,,False,False,(Streptomycin Sulphate 90% + Tetracycline Hydrochloride 10%) SP,Halo blight,empty,NULL_MARKER,,,,,,,-,free_text,PROSE_METHOD,free_text,,,,,,Spray  Streptocycline  100 to 150ppm  solution thrice at  interval of 7  days. For  Prevention apply  first spray10  days after  emergence  of leaf.,,False,not_applicable,-,crop_out_of_scope
fungicides_20260331.pdf,27,1,,Citrus,,False,False,(Streptomycin Sulphate 90% + Tetracycline Hydrochloride 10%) SP,Citrus canker,empty,NULL_MARKER,,,,,,,-,free_text,PROSE_METHOD,free_text,,,,,,Spray  Streptocycline  50 to100 ppm  solution  repeated  intervalof15to  20 days after  the  appearance of  new growth.  Cover the  foliage and  young  fruits  fully.,,False,not_applicable,-,crop_out_of_scope
fungicides_20260331.pdf,27,2,,Potato,,False,False,(Streptomycin Sulphate 90% + Tetracycline Hydrochloride 10%) SP,"Blackleg  and soft rot,  bacterial  brown wilt  or ring or  The bangle  Disease of  potato",empty,NULL_MARKER,,,,,,,-,free_text,PROSE_METHOD,free_text,,,,,,Seeds  treatment:  Prior  to  planting  soak potato  seed  tubers  in  streptocycline4  0to100 ppm  solution for  half an hour.  Spray: Two to  three sprays  of40 to50ppm  Solution at an  interval of 20  days. First  spray 30days  after  planting.,,False,not_applicable,-,crop_out_of_scope
fungicides_20260331.pdf,28,0,,Tobacco,,False,False,(Streptomycin Sulphate 90% + Tetracycline Hydrochloride 10%) SP,Wildfire,empty,NULL_MARKER,,,,,,,-,free_text,PROSE_METHOD,free_text,,,,,,Spray  Streptocycline  40to100 ppm  solution  at  two  leaf  stage of the  plant.  Repeated  application at  an  interval of  7 days  is  necessary    till  the plants get  established  In the field.,,False,not_applicable,-,crop_out_of_scope
fungicides_20260331.pdf,29,0,,Paddy (Rice),,False,False,(Streptomycin Sulphate 90% + Tetracycline Hydrochloride 10%) SP,Bacterial  Leaf  blight,empty,NULL_MARKER,,,,,,,-,free_text,PROSE_METHOD,free_text,,,,,,"Seeds  treatment:  Prepare  streptocycline  40 ppm  Solution and  soak  seeds  for12hours at  room  temperature  before sowing.  Seedling  treatment:  Dip the  seeding in  streptocycline  40 to100 ppm  solution. The  antibiotic will  be absorbed  through the  injured roots  and penetrate  the vascular  bundles  insides the  seedlings.  Spray:  Spray  streptocycline  100 to 150  ppm solution  at early root  stage.  Second  spray, if  necessary  before grain  set.",,False,not_applicable,-,crop_out_of_scope
fungicides_20260331.pdf,30,0,,Tea,,False,False,(Streptomycin Sulphate 90% + Tetracycline Hydrochloride 10%) SP,Blister  Blight,empty,NULL_MARKER,,,,,,,-,free_text,PROSE_METHOD,free_text,,,,,,"It is fungal  Disease  and  can  be  controlled  by spraying  40gmswith  350 to 420  gms copper  oxychloride  (50% Wettable  powder) in 67  liters of water  per hectare  with air blast  sprayer,  covering two  rows on either  side.",,False,not_applicable,-,crop_out_of_scope
fungicides_20260331.pdf,30,1,,,,False,False,(Streptomycin Sulphate 9% + Tetracycline Hydrochloride 1%) SP,,empty,EMPTY,,,,,,,,empty,EMPTY,,,,,,,,,False,not_applicable,,crop_blank
fungicides_20260331.pdf,30,2,,Apple,,False,False,(Streptomycin Sulphate 9% + Tetracycline Hydrochloride 1%) SP,Fire blight,empty,NULL_MARKER,,,,,,,-,free_text,PROSE_METHOD,free_text,,,,,,Spray Strepto  cycline   25 to50  Ppm solution  at 20to30%  bloom time.  Advisable to  spray trees  every 3to4  days during  Blossom time.,,False,not_applicable,-,crop_out_of_scope
fungicides_20260331.pdf,30,3,,Beans,,False,False,(Streptomycin Sulphate 9% + Tetracycline Hydrochloride 1%) SP,Halo blight,empty,NULL_MARKER,,,,,,,-,free_text,PROSE_METHOD,free_text,,,,,,Spray  Streptocycline  100 to 150ppm  solution thrice at  interval of 7  days. For  Prevention apply  first spray after  10 days of  emergence of  leaves.,,False,not_applicable,-,crop_out_of_scope
fungicides_20260331.pdf,30,4,,Citrus,,False,False,(Streptomycin Sulphate 9% + Tetracycline Hydrochloride 1%) SP,Citrus canker,empty,NULL_MARKER,,,,,,,-,free_text,PROSE_METHOD,free_text,,,,,,Spray  Streptocycline  50 to100 ppm  solution  repeatedly at an,,False,not_applicable,-,crop_out_of_scope
fungicides_20260331.pdf,31,2,,Potato,,False,False,(Streptomycin Sulphate 9% + Tetracycline Hydrochloride 1%) SP,"Blackleg and soft  rot, bacterial  brown wilt or ring  or The bangle  Disease of potato",empty,NULL_MARKER,,,,,,,-,empty,EMPTY,,,,,,,,,False,not_applicable,,crop_out_of_scope
fungicides_20260331.pdf,32,1,,Tobacco,,False,False,(Streptomycin Sulphate 9% + Tetracycline Hydrochloride 1%) SP,Wildfire,empty,NULL_MARKER,,,,,,,-,free_text,PROSE_METHOD,free_text,,,,,,Spray  Streptocyclin  40 to100 ppm  solution  at  two  leaf  stage of the  plant.  Repeated  application at  an  interval of  7 days  is  necessary    till  the plants get  established  In the field.,,False,not_applicable,-,crop_out_of_scope
fungicides_20260331.pdf,32,2,,Paddy (Rice),,False,False,(Streptomycin Sulphate 9% + Tetracycline Hydrochloride 1%) SP,Bacterial Leaf  blight,empty,NULL_MARKER,,,,,,,-,free_text,PROSE_METHOD,free_text,,,,,,Seeds  treatment:  Prepare  streptocycline  40 ppm  Solution and  soak  seeds  for12 hours at  room  temperature  before sowing.  Seedling  treatment:  Dip the  seeding in  streptocycline  40 to100 ppm  solution. The  antibiotic will  be absorbed  through the  injured roots  and penetrate,,False,not_applicable,-,crop_out_of_scope
fungicides_20260331.pdf,33,2,,Tea,,False,False,(Streptomycin Sulphate 9% + Tetracycline Hydrochloride 1%) SP,Blister  Blight,empty,NULL_MARKER,,,,,,,-,free_text,PROSE_METHOD,free_text,,,,,,"Disease  and  can  be  controlled  by spraying  40gmswith  350 to 420  gms copper  oxychloride  (50% Wettable  powder) in  67 liters of  water per  hectare with  air blast  sprayer,  covering two rows on either  side.",,False,not_applicable,-,crop_out_of_scope
fungicides_20260331.pdf,34,1,,,,False,False,Pyriofenone 18 % w/v SC,,empty,EMPTY,,,,,,,,empty,EMPTY,,,,,,,,,False,not_applicable,,crop_blank
fungicides_20260331.pdf,34,3,,,,False,False,Sulphur40%SC,,empty,EMPTY,,,,,,,,empty,EMPTY,,,,,,,,,False,not_applicable,,crop_blank
fungicides_20260331.pdf,34,4,,Beans,,False,False,Sulphur40%SC,Powdery mildew,numeric,RANGE_UNIT,per_ha,2.25,0.9105,3.0,1.214,kg,2.25-3.00  Kg,numeric,RANGE_UNIT,per_ha,5.65,2.2864,7.5,3.0351,kg,5.65-7.50 Kg,,False,not_applicable,-,crop_out_of_scope
fungicides_20260331.pdf,34,5,,Cumin,,False,False,Sulphur40%SC,Powdery mildew,numeric,NUM_UNIT,per_ha,1.4,0.5665,,,g,1.40g,numeric,NUM_UNIT,per_ha,3.5,1.4164,,,kg,3.50 Kg,,False,not_applicable,-,crop_out_of_scope
fungicides_20260331.pdf,34,7,,Groundnut,,False,False,Sulphur40%SC,Tikka leaf spot,numeric,RANGE_UNIT,per_ha,2.25,0.9105,3.0,1.214,kg,2.25-3.00  Kg,numeric,RANGE_UNIT,per_ha,5.65,2.2864,7.5,3.0351,kg,5.65-7.50 Kg,,False,not_applicable,-,crop_out_of_scope
fungicides_20260331.pdf,34,8,,Mango,,False,False,Sulphur40%SC,Powdery mildew,numeric,RANGE_UNIT,per_ha,1.5,0.607,2.0,0.8094,kg,1.50-2.00Kg,numeric,RANGE_UNIT,per_ha,3.75,1.5175,5.0,2.0234,kg,3.75-5.00 Kg,,False,not_applicable,-,crop_out_of_scope
fungicides_20260331.pdf,34,9,,Opium,,False,False,Sulphur40%SC,Powdery mildew,numeric,NUM_UNIT,per_ha,1.16,0.4694,,,kg,1.16 Kg,numeric,NUM_UNIT,per_ha,3.0,1.214,,,kg,3.00 Kg,,False,not_applicable,-,crop_out_of_scope
fungicides_20260331.pdf,34,10,,Peas,,False,False,Sulphur40%SC,Powdery mildew,numeric,RANGE_UNIT,per_ha,2.25,0.9105,3.0,1.214,kg,2.25-3.00  Kg,numeric,RANGE_UNIT,per_ha,5.65,2.2864,7.5,3.0351,kg,5.65-7.50 Kg,,False,not_applicable,-,crop_out_of_scope
fungicides_20260331.pdf,34,11,,Roses,,False,False,Sulphur40%SC,Powdery mildew,numeric,RANGE_UNIT,per_ha,1.5,0.607,2.0,0.8094,kg,1.50-2.00Kg,numeric,RANGE_UNIT,per_ha,3.75,1.5175,5.0,2.0234,kg,3.75-5.00 Kg,,False,not_applicable,-,crop_out_of_scope
fungicides_20260331.pdf,34,12,,,,False,False,Sulphur 52% FS,,empty,EMPTY,,,,,,,,empty,EMPTY,,,,,,,,,False,not_applicable,,crop_blank
fungicides_20260331.pdf,34,13,,Pea,,False,False,Sulphur 52% FS,Powdery mildew,numeric,NUM_UNIT,per_ha,1.04,0.4209,,,kg,1.04Kg,numeric,NUM_UNIT,per_ha,2.0,0.8094,,,l,2.00Ltr.,,False,not_applicable,-,crop_out_of_scope
fungicides_20260331.pdf,34,14,,Chilli,,False,False,Sulphur 52% FS,Powdery mildew,numeric,NUM_UNIT,per_ha,1.04,0.4209,,,kg,1.04Kg,numeric,NUM_UNIT,per_ha,2.0,0.8094,,,l,2.00Ltr.,,False,not_applicable,-,crop_out_of_scope
fungicides_20260331.pdf,34,15,,,,False,False,Sulphur  55.16% SC,,empty,EMPTY,,,,,,,,empty,EMPTY,,,,,,,,,False,not_applicable,,crop_blank
fungicides_20260331.pdf,34,17,,Mango,,False,False,Sulphur  55.16% SC,Powdery mildew,numeric,PCT_WITH_EQUIV,concentration_pct,0.165,,,,%,0.165%or  165g/10Lt  r. water,numeric,PCT_WITH_EQUIV,concentration_pct,0.3,,,,%,0.30%or300  ml/100Ltr.  water,10,False,resolved,10,crop_out_of_scope
fungicides_20260331.pdf,34,18,,,,False,False,Sulphur 80% WP,,empty,EMPTY,,,,,,,,empty,EMPTY,,,,,,,,,False,not_applicable,,crop_blank
fungicides_20260331.pdf,34,19,,Apple,,False,False,Sulphur 80% WP,Powdery mildew,numeric,RANGE_UNIT,per_ha,2.0,0.8094,4.0,1.6187,kg,2-4kg,numeric,RANGE_UNIT,per_ha,2.5,1.0117,5.0,2.0234,kg,2.5-5.0Kg,,False,not_applicable,-,crop_out_of_scope
fungicides_20260331.pdf,34,21,,Groundnut,,False,False,Sulphur 80% WP,Tikka leaf spot,numeric,RANGE_UNIT,per_ha,2.0,0.8094,4.0,1.6187,kg,2-4kg,numeric,RANGE_UNIT,per_ha,2.5,1.0117,5.0,2.0234,kg,2.5-5.0Kg,,False,not_applicable,-,crop_out_of_scope
fungicides_20260331.pdf,34,22,,"Cowpea,  Moong/Urid",,False,False,Sulphur 80% WP,Powdery mildew,numeric,NUM_UNIT,per_ha,2.5,1.0117,,,kg,2.5kg,numeric,NUM_UNIT,per_ha,3.13,1.2666,,,kg,3.13Kg,,False,not_applicable,-,crop_out_of_scope
fungicides_20260331.pdf,34,23,,Pea,,False,False,Sulphur 80% WP,Rust,numeric,NUM_UNIT,per_ha,2.5,1.0117,,,kg,2.5kg,numeric,NUM_UNIT,per_ha,3.13,1.2666,,,kg,3.13Kg,,False,not_applicable,-,crop_out_of_scope
fungicides_20260331.pdf,35,0,,Sorghum,,False,False,Sulphur 80% WP,Grain smut,numeric,PER_KG_SEED,per_kg_seed,2.4,,3.2,,g,2.4-3.2  g/kg seed,numeric,PER_KG_SEED,per_kg_seed,3.0,,4.0,,g,3-4g/Kg seed,,False,not_applicable,-,crop_out_of_scope
fungicides_20260331.pdf,35,1,,Chillies &  Okra,,False,False,Sulphur 80% WP,Powdery mildew,numeric,NUM_UNIT,per_ha,2.5,1.0117,,,kg,2.5kg,numeric,NUM_UNIT,per_ha,3.13,1.2666,,,kg,3.13Kg,,False,not_applicable,-,crop_out_of_scope
fungicides_20260331.pdf,35,2,,Mango,,False,False,Sulphur 80% WP,Powdery mildew,numeric,NUM_UNIT,per_ha,2.5,1.0117,,,kg,2.5kg,numeric,NUM_UNIT,per_ha,3.13,1.2666,,,kg,3.13Kg,,False,not_applicable,-,crop_out_of_scope
fungicides_20260331.pdf,35,3,,Citrus,,False,False,Sulphur 80% WP,Powdery mildew,numeric,NUM_UNIT,per_ha,2.5,1.0117,,,kg,2.5kg,numeric,NUM_UNIT,per_ha,3.13,1.2666,,,kg,3.13Kg,,False,not_applicable,-,crop_out_of_scope
fungicides_20260331.pdf,35,4,,,,False,False,Sulphur 80%WG,,empty,EMPTY,,,,,,,,empty,EMPTY,,,,,,,,,False,not_applicable,,crop_blank
fungicides_20260331.pdf,35,6,,"Cowpea,  Guar, Pea",,False,False,Sulphur 80%WG,Powdery mildew,numeric,RANGE_UNIT,per_ha,1.5,0.607,2.0,0.8094,kg,1.50-2.00  kg,numeric,RANGE_UNIT,per_ha,1.875,0.7588,2.5,1.0117,kg,1.875-2.50  Kg,,False,not_applicable,-,crop_out_of_scope
fungicides_20260331.pdf,35,7,,Cumin,,False,False,Sulphur 80%WG,Powdery mildew,numeric,RANGE_UNIT,per_ha,1.5,0.607,2.0,0.8094,kg,1.50-2.00  kg,numeric,RANGE_UNIT,per_ha,1.875,0.7588,2.5,1.0117,kg,1.875-2.50  Kg,,False,not_applicable,-,crop_out_of_scope
fungicides_20260331.pdf,35,8,,Apple,,False,False,Sulphur 80%WG,Scab,numeric,RANGE_UNIT,per_ha,1.5,0.607,2.0,0.8094,kg,1.50-2.00  kg,numeric,RANGE_UNIT,per_ha,1.875,0.7588,2.5,1.0117,kg,1.875-2.50  Kg,,False,not_applicable,-,crop_out_of_scope
fungicides_20260331.pdf,35,9,,Mango,,False,False,Sulphur 80%WG,Powdery mildew,numeric,RANGE_UNIT,per_ha,1.5,0.607,2.0,0.8094,kg,1.50-2.00  kg,numeric,RANGE_UNIT,per_ha,1.875,0.7588,2.5,1.0117,kg,1.875-2.50  Kg,,False,not_applicable,-,crop_out_of_scope
fungicides_20260331.pdf,35,10,,Wheat,,False,False,Sulphur 80%WG,Powdery mildew,numeric,BARE_NUMBER,per_ha,2000.0,809.3562,,,g,2000,unparseable,BARE_NUMBER,,,,,,,2500,24,False,resolved,24,crop_out_of_scope
fungicides_20260331.pdf,35,11,,Chilli,,False,False,Sulphur 80%WG,Powdery mildew,numeric,BARE_NUMBER,per_ha,2.5,1.0117,,,g,2.50,unparseable,BARE_NUMBER,,,,,,,3.13,,False,raised,1 0,crop_out_of_scope
fungicides_20260331.pdf,35,12,,,,False,False,Sulphur 85% DP,,empty,EMPTY,,,,,,,,empty,EMPTY,,,,,,,,,False,not_applicable,,crop_blank
fungicides_20260331.pdf,35,14,,Groundnut,,False,False,Sulphur 85% DP,Tikka leaf spot,numeric,RANGE_UNIT,per_ha,12.75,5.1596,17.0,6.8795,kg,12.75-17kg,numeric,RANGE_UNIT,per_ha,15.0,6.0702,20.0,8.0936,kg,15-20kg,,False,not_applicable,-,crop_out_of_scope
fungicides_20260331.pdf,35,15,,"Beans  (Cowpea,  moong, Urd)",,False,False,Sulphur 85% DP,"Powdery  mildew,  Rust",numeric,RANGE_UNIT,per_ha,12.75,5.1596,17.0,6.8795,kg,12.75-17kg,numeric,RANGE_UNIT,per_ha,15.0,6.0702,20.0,8.0936,kg,15-20kg,,False,not_applicable,-,crop_out_of_scope
fungicides_20260331.pdf,35,16,,Pea,,False,False,Sulphur 85% DP,Powdery mildew,numeric,RANGE_UNIT,per_ha,12.75,5.1596,17.0,6.8795,kg,12.75-17kg,numeric,RANGE_UNIT,per_ha,15.0,6.0702,20.0,8.0936,kg,15-20kg,,False,not_applicable,-,crop_out_of_scope
fungicides_20260331.pdf,35,17,,Rubber,,False,False,Sulphur 85% DP,Powdery mildew,numeric,NUM_UNIT,per_ha,31.875,12.8991,,,kg,31.875 kg,numeric,NUM_UNIT,per_ha,37.5,15.1754,,,kg,37.50 kg,,False,not_applicable,-,crop_out_of_scope
fungicides_20260331.pdf,35,18,,Cumin &  Coriander,,False,False,Sulphur 85% DP,Powdery mildew,numeric,RANGE_UNIT,per_ha,12.75,5.1596,17.0,6.8795,kg,12.75-17kg,numeric,RANGE_UNIT,per_ha,15.0,6.0702,20.0,8.0936,kg,15-20kg,,False,not_applicable,-,crop_out_of_scope
fungicides_20260331.pdf,35,19,,Tobacco (on  ground),,False,False,Sulphur 85% DP,Powdery mildew,numeric,NUM_UNIT,per_ha,85.0,34.3976,,,kg,85kg,numeric,NUM_UNIT,per_ha,100.0,40.4678,,,kg,100kg,,False,not_applicable,-,crop_out_of_scope
fungicides_20260331.pdf,35,20,,Sorghum,,False,False,Sulphur 85% DP,Grain smut,numeric,PER_KG_SEED,per_kg_seed,2.55,,3.4,,g,2.55-3.40  g/kg of  seed,numeric,PER_KG_SEED,per_kg_seed,3.0,,4.0,,g,3-4 g/kg of  seed,,False,not_applicable,-,crop_out_of_scope
fungicides_20260331.pdf,35,21,,,,False,False,Tebuconazole 2% DS,,empty,EMPTY,,,,,,,,empty,EMPTY,,,,,,,,,False,not_applicable,,crop_blank
fungicides_20260331.pdf,35,22,,Wheat,,False,False,Tebuconazole 2% DS,"Loose  smut, Flag  smut",numeric,PER_N_KG_SEED,per_kg_seed,0.02,,,,kg,0.2kg/10kg  seed,numeric,PER_N_KG_SEED,per_kg_seed,1.0,,,,l,10Lt/10kg  seed,,False,not_applicable,,crop_out_of_scope
fungicides_20260331.pdf,36,0,,Groundnut,,False,False,Tebuconazole 2% DS,"Collar rot,  Root rot,  Stem rot",numeric,PER_N_KG_SEED,per_kg_seed,0.02,,0.025,,kg,0.2to  0.25kg/10kg  seed,numeric,PER_N_KG_SEED,per_kg_seed,1.0,,1.25,,l,10 to 12.5Lt/10  kg seed,,False,not_applicable,,crop_out_of_scope
fungicides_20260331.pdf,36,1,,,,False,False,Tebuconazole 5.36% FS,,empty,EMPTY,,,,,,,,empty,EMPTY,,,,,,,,,False,not_applicable,,crop_blank
fungicides_20260331.pdf,36,2,,Wheat,,False,False,Tebuconazole 5.36% FS,Loose smut,numeric,BARE_NUMBER,per_ha,0.2,0.0809,,,g,0.2,unparseable,PER_N_KG_SEED,,,,,,,3.33/10kg of  seed,,False,not_applicable,-,crop_out_of_scope
fungicides_20260331.pdf,36,3,,,,False,False,Tebuconazole 5.4% w/w FS,,empty,EMPTY,,,,,,,,empty,EMPTY,,,,,,,,,False,not_applicable,,crop_blank
fungicides_20260331.pdf,36,4,,Groundnut,,False,False,Tebuconazole 5.4% w/w FS,"Collar rot,  Stem rot, Wilt",numeric,PER_N_KG_SEED,per_kg_seed,0.024,,,,g,0.24 g/10 Kg  of seed,empty,EMPTY,,,,,,,,,True,not_applicable,Seed  dresser,crop_out_of_scope
fungicides_20260331.pdf,36,6,,Wheat,,False,False,Tebuconazole 5.4% w/w FS,Loose smut & flag  smut,numeric,PER_N_KG_SEED,per_kg_seed,0.018,,,,g,0.18 g/10 Kg  of seed,numeric,PER_N_KG_SEED,per_kg_seed,0.3,,,,ml,3.0 ml/10 Kg of  seed,,True,not_applicable,Seed  dresser,crop_out_of_scope
fungicides_20260331.pdf,36,7,,,,False,False,Tebuconazole 25.9%EC,,empty,EMPTY,,,,,,,,empty,EMPTY,,,,,,,,,False,not_applicable,,crop_blank
fungicides_20260331.pdf,36,8,,Chilli,,False,False,Tebuconazole 25.9%EC,"Fruit rot,  Powdery mildew",numeric,RANGE_UNIT,per_ha,0.125,0.0506,0.1875,0.0759,kg,0.125-  0.1875 kg,numeric,RANGE_UNIT,per_ha,0.5,0.2023,0.75,0.3035,l,0.500-0.750 lit,5,False,resolved,5,crop_out_of_scope
fungicides_20260331.pdf,36,9,,Groundnut,,False,False,Tebuconazole 25.9%EC,Tikka& rust,numeric,RANGE_UNIT,per_ha,0.125,0.0506,0.1875,0.0759,kg,0.125-  0.1875 kg,numeric,RANGE_UNIT,per_ha,0.5,0.2023,0.75,0.3035,l,0.500-0.750 lit,49,False,resolved,49,crop_out_of_scope
fungicides_20260331.pdf,36,10,,Rice (Paddy),,False,False,Tebuconazole 25.9%EC,"Blast,  Sheath blight",numeric,NUM_UNIT,per_ha,0.1875,0.0759,,,kg,0.1875 kg,numeric,NUM_UNIT,per_ha,0.75,0.3035,,,l,0.750 lit,10,False,resolved,10,crop_out_of_scope
fungicides_20260331.pdf,36,13,,Black gram,,False,False,Tebuconazole 25.9%EC,"Leaf spot,  Anthracnose",numeric,BARE_NUMBER,per_ha,187.5,75.8771,,,g,187.5,unparseable,BARE_NUMBER,,,,,,,750,17,False,resolved,17,crop_out_of_scope
fungicides_20260331.pdf,36,14,,,,False,False,Tebuconazole 25% WG,,empty,EMPTY,,,,,,,,empty,EMPTY,,,,,,,,,False,not_applicable,,crop_blank
fungicides_20260331.pdf,36,15,,Chilli,,False,False,Tebuconazole 25% WG,"Powdery  mildew, fruit  rot",numeric,BARE_RANGE,per_ha,0.125,0.0506,0.1875,0.0759,g,0.125-0.1875,unparseable,BARE_RANGE,,,,,,,0.500-0.750,5,False,resolved,5,crop_out_of_scope
fungicides_20260331.pdf,36,16,,Groundnut,,False,False,Tebuconazole 25% WG,"Tikka leaf spot,  rust",numeric,BARE_RANGE,per_ha,0.125,0.0506,0.1875,0.0759,g,0.125-0.1875,unparseable,BARE_RANGE,,,,,,,0.500-0.750,22,False,resolved,22,crop_out_of_scope
fungicides_20260331.pdf,36,17,,Rice (Paddy),,False,False,Tebuconazole 25% WG,Blast,numeric,BARE_NUMBER,per_ha,0.1875,0.0759,,,g,0.1875,unparseable,BARE_NUMBER,,,,,,,750,10,False,resolved,10,crop_out_of_scope
fungicides_20260331.pdf,37,0,,Wheat,,False,False,Tebuconazole 25% WG,Yellow rust,numeric,BARE_NUMBER,per_ha,0.1875,0.0759,,,g,0.1875,unparseable,BARE_NUMBER,,,,,,,0.750,41,False,resolved,41,crop_out_of_scope
fungicides_20260331.pdf,37,2,,Cumin,,False,False,Tebuconazole 25% WG,Alternaria  blight &  Powdery  mildew,numeric,BARE_NUMBER,per_ha,0.1875,0.0759,,,g,0.1875,unparseable,BARE_NUMBER,,,,,,,0.750,28,False,resolved,28,crop_out_of_scope
fungicides_20260331.pdf,37,3,,,,False,False,Tebuconazole 38.39% w/w SC,,empty,EMPTY,,,,,,,,empty,EMPTY,,,,,,,,,False,not_applicable,,crop_blank
fungicides_20260331.pdf,37,4,,Wheat,,False,False,Tebuconazole 38.39% w/w SC,Yellow Rust and  powdery,numeric,BARE_NUMBER,per_ha,258.0,104.4069,,,g,258,unparseable,BARE_NUMBER,,,,,,,600,5,False,resolved,5,crop_out_of_scope
fungicides_20260331.pdf,37,5,,Cabbage,,False,False,Tebuconazole 38.39% w/w SC,Alternaria leaf  spot,numeric,BARE_NUMBER,per_ha,258.0,104.4069,,,g,258,unparseable,BARE_NUMBER,,,,,,,600,5,False,resolved,5,crop_out_of_scope
fungicides_20260331.pdf,37,8,,Rice,,False,False,Tebuconazole 38.39% w/w SC,Sheath Blight,numeric,BARE_RANGE,per_ha,187.5,75.8771,215.0,87.0058,g,187.5 to  215,unparseable,BARE_RANGE,,,,,,,436-500,35,False,resolved,35,crop_out_of_scope
fungicides_20260331.pdf,37,9,,Groundnut,,False,False,Tebuconazole 38.39% w/w SC,Tikka leaf spot,numeric,BARE_RANGE,per_ha,187.5,75.8771,215.0,87.0058,g,187.5 to  215,unparseable,BARE_RANGE,,,,,,,436-500,32,False,resolved,32,crop_out_of_scope
fungicides_20260331.pdf,37,10,,Chilli,,False,False,Tebuconazole 38.39% w/w SC,Powdery  mildew and  Cercospora leaf  spot,numeric,BARE_RANGE,per_ha,189.2,76.5651,215.0,87.0058,g,189.2 to  215,unparseable,BARE_RANGE,,,,,,,440-500,5,False,resolved,5,crop_out_of_scope
fungicides_20260331.pdf,37,12,,Coffee,,False,False,Tebuconazole 38.39% w/w SC,Leaf rust,numeric,PER_N_LITRE,per_litre_water,0.322,,,,g,3.22 g /10 lit.  water,numeric,PER_N_LITRE,per_litre_water,0.75,,,,ml,7.5 ml/ 10 lit.  water,26,False,resolved,26,crop_out_of_scope
fungicides_20260331.pdf,38,3,,Mango,,False,False,Tebuconazole 38.39% w/w SC,"Anthracnose,  Powdery mildew and  leaf spot",numeric,PER_N_LITRE,per_litre_water,0.473,,,,g,47.3 /100 lit  water,unparseable,PER_N_LITRE,,,,,,,110 /100 liter of  water,15,False,resolved,15,crop_out_of_scope
fungicides_20260331.pdf,38,4,,,,False,False,Tetraconazole 3.8% w/w EW,,empty,EMPTY,,,,,,,,empty,EMPTY,,,,,,,,,False,not_applicable,,crop_blank
fungicides_20260331.pdf,38,6,,Mango,,False,False,Tetraconazole 3.8% w/w EW,powdery mildew,numeric,BARE_NUMBER,per_ha,50.0,20.2339,,,g,50,unparseable,BARE_NUMBER,,,,,,,1250,24,False,resolved,24,crop_out_of_scope
fungicides_20260331.pdf,38,7,,Watermelon,,False,False,Tetraconazole 3.8% w/w EW,powdery mildew,numeric,BARE_NUMBER,per_ha,40.0,16.1871,,,g,40,unparseable,BARE_NUMBER,,,,,,,1000,12,False,resolved,12,crop_out_of_scope
fungicides_20260331.pdf,38,8,,Tea,,False,False,Tetraconazole 3.8% w/w EW,Blister Blight,numeric,BARE_NUMBER,per_ha,19.0,7.6889,,,g,19,unparseable,BARE_NUMBER,,,,,,,500,7,False,resolved,7,crop_out_of_scope
fungicides_20260331.pdf,38,9,,Cucumber,,False,False,Tetraconazole 3.8% w/w EW,powdery mildew,numeric,BARE_NUMBER,per_ha,38.0,15.3778,,,g,38,unparseable,BARE_NUMBER,,,,,,,1000,10,False,resolved,10,crop_out_of_scope
fungicides_20260331.pdf,38,10,,,,False,False,Tetraconazole 11.6% w/w (12.5% w/v) SL,,empty,EMPTY,,,,,,,,empty,EMPTY,,,,,,,,,False,not_applicable,,crop_blank
fungicides_20260331.pdf,38,12,,,,False,False,Thifluzamide24%SC,,empty,EMPTY,,,,,,,,empty,EMPTY,,,,,,,,,False,not_applicable,,crop_blank
fungicides_20260331.pdf,38,13,,Rice (Paddy),,False,False,Thifluzamide24%SC,"Sheath blight,  (Rhizoctonia  solani)",numeric,NUM_UNIT,per_ha,90.0,36.421,,,g,90gm,numeric,NUM_UNIT,per_ha,375.0,151.7543,,,g,375  gm,28,False,resolved,28,crop_out_of_scope
fungicides_20260331.pdf,38,15,,Potato,,False,False,Thifluzamide24%SC,Black Scurf,numeric,PER_N_KG_SEED,per_kg_seed,0.06,,,,g,0.6g a.i./10  kg potato  tuber,numeric,PER_N_KG_SEED,per_kg_seed,0.25,,,,ml,2.5ml/10 kg  potato tuber,,True,not_applicable,Used as  seed  treatment,crop_out_of_scope
fungicides_20260331.pdf,38,16,,,,False,False,Thiophanate Methyl 70%WP,,empty,EMPTY,,,,,,,,empty,EMPTY,,,,,,,,,False,not_applicable,,crop_blank
fungicides_20260331.pdf,38,17,,Papaya,,False,False,Thiophanate Methyl 70%WP,Powdery mildew,numeric,NUM_UNIT,per_ha,500.0,202.339,,,g,500gm,numeric,NUM_UNIT,per_ha,715.0,289.3448,,,g,715gm,8,False,resolved,4-8,crop_out_of_scope
fungicides_20260331.pdf,38,18,,Apple,,False,False,Thiophanate Methyl 70%WP,Scab,numeric,NUM_UNIT,per_ha,500.0,202.339,,,g,500gm,numeric,NUM_UNIT,per_ha,715.0,289.3448,,,g,715gm,3,False,resolved,3,crop_out_of_scope
fungicides_20260331.pdf,38,20,,Bottle gourd,,False,False,Thiophanate Methyl 70%WP,Anthracnose,numeric,NUM_UNIT,per_ha,1000.0,404.6781,,,g,1000gm,numeric,NUM_UNIT,per_ha,1430.0,578.6897,,,g,1430gm,1,False,resolved,1,crop_out_of_scope
fungicides_20260331.pdf,39,1,,Rice,,False,False,Thiophanate Methyl 70%WP,"Blast(  Pyriculariaoryzae) ,Sheath Rot  (Rhizoctonia  solani) and grain   discolouration",numeric,NUM_UNIT,per_ha,800.0,323.7425,,,g,800 g,numeric,NUM_UNIT,per_ha,1143.0,462.547,,,ml,1143 ml,36,False,resolved,36,crop_out_of_scope
fungicides_20260331.pdf,39,2,,Rice,,False,False,Thiophanate Methyl 70%WP,Sheath  blight and  Blast,numeric,BARE_NUMBER,per_ha,500.0,202.339,,,g,500,unparseable,BARE_NUMBER,,,,,,,715,35,False,resolved,35,crop_out_of_scope
fungicides_20260331.pdf,39,6,,,,False,False,Thiophanatemethyl70%WG,,empty,EMPTY,,,,,,,,empty,EMPTY,,,,,,,,,False,not_applicable,,crop_blank
fungicides_20260331.pdf,39,7,,Bottle gourd,,False,False,Thiophanatemethyl70%WG,Anthracnose,numeric,BARE_RANGE,per_ha,750.0,303.5086,1000.0,404.6781,g,750-1000,unparseable,BARE_RANGE,,,,,,,1070-1430,1,False,resolved,1,crop_out_of_scope
fungicides_20260331.pdf,39,8,,Chilli,,False,False,Thiophanatemethyl70%WG,"Powdery Mildew,  Dieback and  Anthracnose  diseases",numeric,NUM_UNIT,per_ha,500.0,202.339,,,g,500 g,numeric,NUM_UNIT,per_ha,715.0,289.3448,,,g,715 g,7,False,resolved,7,crop_out_of_scope
fungicides_20260331.pdf,39,9,,,,False,False,Thiophanatemethyl 41.7% SC,,empty,EMPTY,,,,,,,,empty,EMPTY,,,,,,,,,False,not_applicable,,crop_blank
fungicides_20260331.pdf,39,10,,Paddy,,False,False,Thiophanatemethyl 41.7% SC,"Blast, Sheath  rot, Grain  Discoloration",numeric,BARE_NUMBER,per_ha,500.0,202.339,,,g,500,unparseable,BARE_NUMBER,,,,,,,1000,37,False,resolved,37,crop_out_of_scope
fungicides_20260331.pdf,39,11,,Groundnut,,False,False,Thiophanatemethyl 41.7% SC,Tikka leaf spot,numeric,BARE_NUMBER,per_ha,500.0,202.339,,,g,500,unparseable,BARE_NUMBER,,,,,,,1000,27,False,resolved,27,crop_out_of_scope
fungicides_20260331.pdf,39,12,,Chilli,,False,False,Thiophanatemethyl 41.7% SC,Fruit  Rot/Antracnose,numeric,BARE_NUMBER,per_ha,500.0,202.339,,,g,500,unparseable,BARE_NUMBER,,,,,,,1000,10,False,resolved,10,crop_out_of_scope
fungicides_20260331.pdf,39,13,,,,False,False,Thiram 40% FS,,empty,EMPTY,,,,,,,,empty,EMPTY,,,,,,,,,False,not_applicable,,crop_blank
fungicides_20260331.pdf,39,14,,Maize,,False,False,Thiram 40% FS,Seedling blight,numeric,PER_N_KG_SEED,per_kg_seed,0.96,,,,g,9.6gm/10 kg  seeds,numeric,PER_N_KG_SEED,per_kg_seed,2.4,,,,ml,24ml/10 kg  seeds,,True,not_applicable,Seed dresser,crop_out_of_scope
fungicides_20260331.pdf,40,0,,,,False,False,Thiram75%WS,,empty,EMPTY,,,,,,,,empty,EMPTY,,,,,,,,,False,not_applicable,,crop_blank
fungicides_20260331.pdf,40,1,,Groundnut,,False,False,Thiram75%WS,Collar rot,numeric,NUM_UNIT,per_ha,37.5,15.1754,,,g,37.5gm,numeric,NUM_UNIT,per_ha,50.0,20.2339,,,g,50gm,10,False,resolved,7-10,crop_out_of_scope
fungicides_20260331.pdf,40,2,,Wheat,,False,False,Thiram75%WS,Flag smut,numeric,RANGE_UNIT,per_ha,18.8,7.6079,22.5,9.1053,g,18.8-22.5  gm,numeric,RANGE_UNIT,per_ha,25.0,10.117,30.0,12.1403,g,25-30gm,10,False,resolved,7-10,crop_out_of_scope
fungicides_20260331.pdf,40,3,,Wheat,,False,False,Thiram75%WS,Karnal bunt,numeric,RANGE_UNIT,per_ha,18.8,7.6079,22.5,9.1053,g,18.8-22.5  gm,numeric,RANGE_UNIT,per_ha,25.0,10.117,30.0,12.1403,g,25-30gm,10,False,resolved,7-10,crop_out_of_scope
fungicides_20260331.pdf,40,4,,Barley,,False,False,Thiram75%WS,Leaf stripe,numeric,RANGE_UNIT,per_ha,18.8,7.6079,22.5,9.1053,g,18.8-22.5  gm,numeric,RANGE_UNIT,per_ha,25.0,10.117,30.0,12.1403,g,25-30gm,10,False,resolved,7-10,crop_out_of_scope
fungicides_20260331.pdf,40,5,,Maize,,False,False,Thiram75%WS,Seedling blight,numeric,RANGE_UNIT,per_ha,18.8,7.6079,22.5,9.1053,g,18.8-22.5  gm,numeric,RANGE_UNIT,per_ha,25.0,10.117,30.0,12.1403,g,25-30gm,10,False,resolved,7-10,crop_out_of_scope
fungicides_20260331.pdf,40,6,,Sorghum,,False,False,Thiram75%WS,Loose smut,numeric,RANGE_UNIT,per_ha,18.8,7.6079,22.5,9.1053,g,18.8-22.5  gm,numeric,RANGE_UNIT,per_ha,25.0,10.117,30.0,12.1403,g,25-30gm,10,False,resolved,7-10,crop_out_of_scope
fungicides_20260331.pdf,40,7,,Sorghum,,False,False,Thiram75%WS,Seedling blight,numeric,RANGE_UNIT,per_ha,18.8,7.6079,22.5,9.1053,g,18.8-22.5  gm,numeric,RANGE_UNIT,per_ha,25.0,10.117,30.0,12.1403,g,25-30gm,10,False,resolved,7-10,crop_out_of_scope
fungicides_20260331.pdf,40,8,,Potato,,False,False,Thiram75%WS,Scab,numeric,RANGE_UNIT,per_ha,18.8,7.6079,22.5,9.1053,g,18.8-22.5  gm,numeric,RANGE_UNIT,per_ha,25.0,10.117,30.0,12.1403,g,25-30gm,10,False,resolved,7-10,crop_out_of_scope
fungicides_20260331.pdf,40,10,,,,False,False,Triadimefon 25% WP,,empty,EMPTY,,,,,,,,empty,EMPTY,,,,,,,,,False,not_applicable,,crop_blank
fungicides_20260331.pdf,40,11,,Wheat,,False,False,Triadimefon 25% WP,Bunt of Wheat,numeric,PCT_SINGLE,concentration_pct,0.025,,,,%,0.025%,numeric,NUM_UNIT,per_ha,0.5,0.2023,,,kg,0.500kg,25,False,resolved,25,crop_out_of_scope
fungicides_20260331.pdf,40,12,,Wheat,,False,False,Triadimefon 25% WP,Powdery  mildew,numeric,RANGE_UNIT,per_ha,65.0,26.3041,135.0,54.6315,g,65-135  gm,unparseable,BARE_RANGE,,,,,,,0.260-0.520,25,False,resolved,25,crop_out_of_scope
fungicides_20260331.pdf,40,13,,Wheat,,False,False,Triadimefon 25% WP,"Brown rust,  Yellow rust,  Black rust",numeric,BARE_NUMBER,per_ha,250.0,101.1695,,,g,250,unparseable,BARE_NUMBER,,,,,,,1.0,25,False,resolved,25,crop_out_of_scope
fungicides_20260331.pdf,40,14,,Pea,,False,False,Triadimefon 25% WP,"Rust,  Powdery  mildew",numeric,PCT_SINGLE,concentration_pct,0.025,,,,%,0.025%,numeric,PCT_SINGLE,concentration_pct,0.1,,,,%,0.100%,25,False,resolved,25,crop_out_of_scope
fungicides_20260331.pdf,40,16,,,,False,False,Tribasic Copper sulfate 34.5% SC,,empty,EMPTY,,,,,,,,empty,EMPTY,,,,,,,,,False,not_applicable,,crop_blank
fungicides_20260331.pdf,40,17,,Cucumber,,False,False,Tribasic Copper sulfate 34.5% SC,Downy mildew,numeric,BARE_NUMBER,per_ha,690.0,279.2279,,,g,690,unparseable,BARE_NUMBER,,,,,,,2000,7,False,resolved,7,crop_out_of_scope
fungicides_20260331.pdf,40,18,,Chilli,,False,False,Tribasic Copper sulfate 34.5% SC,Leaf spot  & Anthracnose,numeric,BARE_NUMBER,per_ha,690.0,279.2279,,,g,690,unparseable,BARE_NUMBER,,,,,,,2000,5,False,resolved,5,crop_out_of_scope
fungicides_20260331.pdf,40,19,,Rice,,False,False,Tribasic Copper sulfate 34.5% SC,False smut &  Bacterial leaf  blight,numeric,BARE_NUMBER,per_ha,690.0,279.2279,,,g,690,unparseable,BARE_NUMBER,,,,,,,2000,32,False,resolved,32,crop_out_of_scope
fungicides_20260331.pdf,40,20,,,,False,False,Tricyclazole75%WP,,empty,EMPTY,,,,,,,,empty,EMPTY,,,,,,,,,False,not_applicable,,crop_blank
fungicides_20260331.pdf,40,21,,Paddy (Rice),,False,False,Tricyclazole75%WP,Blast,numeric,RANGE_UNIT,per_ha,225.0,91.0526,300.0,121.4034,g,225-  300  gm,numeric,RANGE_UNIT,per_ha,300.0,121.4034,400.0,161.8712,g,300-  400gm,30,False,resolved,30,crop_out_of_scope
fungicides_20260331.pdf,41,0,,,,False,False,Triflumizole 15 % w/w EC,,empty,EMPTY,,,,,,,,empty,EMPTY,,,,,,,,,False,not_applicable,,crop_blank
fungicides_20260331.pdf,41,1,,Chilli,,False,False,Triflumizole 15 % w/w EC,Powdery mildew  (Leveillula taurica),numeric,BARE_RANGE,per_ha,114.0,46.1333,128.3,51.9202,g,114.0 - 128.3,unparseable,BARE_RANGE,,,,,,,800-900,6,False,resolved,6.4,crop_out_of_scope
fungicides_20260331.pdf,41,2,,,,False,False,Validamycin3%L,,empty,EMPTY,,,,,,,,empty,EMPTY,,,,,,,,,False,not_applicable,,crop_blank
fungicides_20260331.pdf,41,3,,Rice (Paddy),,False,False,Validamycin3%L,Sheath Blight,numeric,NUM_UNIT,per_ha,60.0,24.2807,,,g,60gm,numeric,NUM_UNIT,per_ha,2000.0,809.3562,,,g,2000gm,,False,raised,There should  be no  residues on  grains and  straw of  paddy14day  s before the  harvest,crop_out_of_scope
fungicides_20260331.pdf,41,4,,,,False,False,Zineb 75%WP,,empty,EMPTY,,,,,,,,empty,EMPTY,,,,,,,,,False,not_applicable,,crop_blank
fungicides_20260331.pdf,41,5,,Jowar,,False,False,Zineb 75%WP,Red leaf spot,numeric,RANGE_UNIT,per_ha,1.125,0.4553,1.5,0.607,kg,1.125-  1.5KG,numeric,RANGE_UNIT,per_ha,1.5,0.607,2.0,0.8094,kg,1.5-2KG,,False,not_applicable,,crop_out_of_scope
fungicides_20260331.pdf,41,6,,Jowar,,False,False,Zineb 75%WP,Leafspot,numeric,RANGE_UNIT,per_ha,1.125,0.4553,1.5,0.607,kg,1.125-  1.5KG,numeric,RANGE_UNIT,per_ha,1.5,0.607,2.0,0.8094,kg,1.5-2KG,,False,not_applicable,,crop_out_of_scope
fungicides_20260331.pdf,41,7,,Jowar,,False,False,Zineb 75%WP,Leaf blight,numeric,RANGE_UNIT,per_ha,1.125,0.4553,1.5,0.607,kg,1.125-  1.5KG,numeric,RANGE_UNIT,per_ha,1.5,0.607,2.0,0.8094,kg,1.5-2KG,,False,not_applicable,,crop_out_of_scope
fungicides_20260331.pdf,41,8,,Paddy (Rice),,False,False,Zineb 75%WP,Blast,numeric,RANGE_UNIT,per_ha,1.125,0.4553,1.5,0.607,kg,1.125-  1.5KG,numeric,RANGE_UNIT,per_ha,1.5,0.607,2.0,0.8094,kg,1.5-2KG,,False,not_applicable,,crop_out_of_scope
fungicides_20260331.pdf,41,9,,Wheat,,False,False,Zineb 75%WP,"Rust,  blight",numeric,RANGE_UNIT,per_ha,1.125,0.4553,1.5,0.607,kg,1.125-  1.5KG,numeric,RANGE_UNIT,per_ha,1.5,0.607,2.0,0.8094,kg,1.5-2KG,,False,not_applicable,,crop_out_of_scope
fungicides_20260331.pdf,41,10,,Maize,,False,False,Zineb 75%WP,Leaf blight,numeric,RANGE_UNIT,per_ha,1.125,0.4553,1.5,0.607,kg,1.125-  1.5KG,numeric,RANGE_UNIT,per_ha,1.5,0.607,2.0,0.8094,kg,1.5-2KG,,False,not_applicable,,crop_out_of_scope
fungicides_20260331.pdf,41,11,,Ragi,,False,False,Zineb 75%WP,Blast,numeric,RANGE_UNIT,per_ha,1.125,0.4553,1.5,0.607,kg,1.125-  1.5KG,numeric,RANGE_UNIT,per_ha,1.5,0.607,2.0,0.8094,kg,1.5-2KG,,False,not_applicable,,crop_out_of_scope
fungicides_20260331.pdf,41,12,,Tobacco,,False,False,Zineb 75%WP,Leafspot,numeric,RANGE_UNIT,per_ha,1.125,0.4553,1.5,0.607,kg,1.125-  1.5KG,numeric,RANGE_UNIT,per_ha,1.5,0.607,2.0,0.8094,kg,1.5-2KG,,False,not_applicable,,crop_out_of_scope
fungicides_20260331.pdf,41,15,,Potato,,False,False,Zineb 75%WP,Early blight,numeric,RANGE_UNIT,per_ha,1.125,0.4553,1.5,0.607,kg,1.125-  1.5KG,numeric,RANGE_UNIT,per_ha,1.5,0.607,2.0,0.8094,kg,1.5-2KG,,False,not_applicable,,crop_out_of_scope
fungicides_20260331.pdf,41,16,,Potato,,False,False,Zineb 75%WP,Late blight,numeric,RANGE_UNIT,per_ha,1.125,0.4553,1.5,0.607,kg,1.125-  1.5KG,numeric,RANGE_UNIT,per_ha,1.5,0.607,2.0,0.8094,kg,1.5-2KG,,False,not_applicable,,crop_out_of_scope
fungicides_20260331.pdf,42,0,,Chilli,,False,False,Zineb 75%WP,Fruit rot,numeric,RANGE_UNIT,per_ha,1.125,0.4553,1.5,0.607,kg,1.125-  1.5KG,numeric,RANGE_UNIT,per_ha,1.5,0.607,2.0,0.8094,kg,1.5-2KG,,False,not_applicable,,crop_out_of_scope
fungicides_20260331.pdf,42,1,,Chilli,,False,False,Zineb 75%WP,Leafspot,numeric,RANGE_UNIT,per_ha,1.125,0.4553,1.5,0.607,kg,1.125- 1.5KG,numeric,RANGE_UNIT,per_ha,1.5,0.607,2.0,0.8094,kg,1.5-2KG,,False,not_applicable,,crop_out_of_scope
fungicides_20260331.pdf,42,2,,Brinjal,,False,False,Zineb 75%WP,Blight,numeric,RANGE_UNIT,per_ha,1.125,0.4553,1.5,0.607,kg,1.125-  1.5KG,numeric,RANGE_UNIT,per_ha,1.5,0.607,2.0,0.8094,kg,1.5-2KG,,False,not_applicable,,crop_out_of_scope
fungicides_20260331.pdf,42,3,,Cucurbits,,False,False,Zineb 75%WP,Downy mildew,numeric,RANGE_UNIT,per_ha,1.125,0.4553,1.5,0.607,kg,1.125-  1.5KG,numeric,RANGE_UNIT,per_ha,1.5,0.607,2.0,0.8094,kg,1.5-2KG,,False,not_applicable,,crop_out_of_scope
fungicides_20260331.pdf,42,4,,Cucurbits,,False,False,Zineb 75%WP,Anthracnose,numeric,RANGE_UNIT,per_ha,1.125,0.4553,1.5,0.607,kg,1.125-  1.5KG,numeric,RANGE_UNIT,per_ha,1.5,0.607,2.0,0.8094,kg,1.5-2KG,,False,not_applicable,,crop_out_of_scope
fungicides_20260331.pdf,42,5,,Cucurbits,,False,False,Zineb 75%WP,Leafspot,numeric,RANGE_UNIT,per_ha,1.125,0.4553,1.5,0.607,kg,1.125-  1.5KG,numeric,RANGE_UNIT,per_ha,1.5,0.607,2.0,0.8094,kg,1.5-2KG,,False,not_applicable,,crop_out_of_scope
fungicides_20260331.pdf,42,6,,Cauliflower,,False,False,Zineb 75%WP,Leafspot,numeric,RANGE_UNIT,per_ha,1.125,0.4553,1.5,0.607,kg,1.125-  1.5KG,numeric,RANGE_UNIT,per_ha,1.5,0.607,2.0,0.8094,kg,1.5-2KG,,False,not_applicable,,crop_out_of_scope
fungicides_20260331.pdf,42,7,,Cumin,,False,False,Zineb 75%WP,Early blight,numeric,RANGE_UNIT,per_ha,1.125,0.4553,1.5,0.607,kg,1.125-  1.5KG,numeric,RANGE_UNIT,per_ha,1.5,0.607,2.0,0.8094,kg,1.5-2KG,,False,not_applicable,,crop_out_of_scope
fungicides_20260331.pdf,42,8,,Apple,,False,False,Zineb 75%WP,Scab,numeric,RANGE_UNIT,per_ha,1.125,0.4553,1.5,0.607,kg,1.125-  1.5KG,numeric,RANGE_UNIT,per_ha,1.5,0.607,2.0,0.8094,kg,1.5-2KG,,False,not_applicable,,crop_out_of_scope
fungicides_20260331.pdf,42,9,,Apple,,False,False,Zineb 75%WP,Black rot,numeric,RANGE_UNIT,per_ha,1.125,0.4553,1.5,0.607,kg,1.125-  1.5KG,numeric,RANGE_UNIT,per_ha,1.5,0.607,2.0,0.8094,kg,1.5-2KG,,False,not_applicable,,crop_out_of_scope
fungicides_20260331.pdf,42,10,,Citrus,,False,False,Zineb 75%WP,Greasy spot,numeric,RANGE_UNIT,per_ha,1.125,0.4553,1.5,0.607,kg,1.125-  1.5KG,numeric,RANGE_UNIT,per_ha,1.5,0.607,2.0,0.8094,kg,1.5-2KG,,False,not_applicable,,crop_out_of_scope
fungicides_20260331.pdf,42,11,,Cherries,,False,False,Zineb 75%WP,Leafspot,numeric,RANGE_UNIT,per_ha,1.125,0.4553,1.5,0.607,kg,1.125-  1.5KG,numeric,RANGE_UNIT,per_ha,1.5,0.607,2.0,0.8094,kg,1.5-2KG,,False,not_applicable,,crop_out_of_scope
fungicides_20260331.pdf,42,13,,Guava,,False,False,Zineb 75%WP,Fruit rot,numeric,RANGE_UNIT,per_ha,1.125,0.4553,1.5,0.607,kg,1.125-  1.5KG,numeric,RANGE_UNIT,per_ha,1.5,0.607,2.0,0.8094,kg,1.5-2KG,,False,not_applicable,,crop_out_of_scope
fungicides_20260331.pdf,42,14,,,,False,False,Ziram 80%WP,,empty,EMPTY,,,,,,,,empty,EMPTY,,,,,,,,,False,not_applicable,,crop_blank
fungicides_20260331.pdf,42,17,,Apple,,False,False,Ziram 80%WP,scab,numeric,RANGE_UNIT,per_ha,1.2,0.4856,1.6,0.6475,kg,1.2-  1.6 kg,numeric,RANGE_UNIT,per_ha,1.5,0.607,2.0,0.8094,kg,1.5-2.0kg,21,False,resolved,21,crop_out_of_scope
fungicides_20260331.pdf,42,18,,Potato,,False,False,Ziram 80%WP,Early blight,numeric,RANGE_UNIT,per_ha,1.2,0.4856,1.6,0.6475,kg,1.2-  1.6 kg,numeric,RANGE_UNIT,per_ha,1.5,0.607,2.0,0.8094,kg,1.5-2.0kg,3,False,resolved,3,crop_out_of_scope
fungicides_20260331.pdf,43,0,,,,False,False,2. Fungicides Combination Uses,,empty,EMPTY,,,,,,,,empty,EMPTY,,,,,,,,,False,not_applicable,,crop_blank
fungicides_20260331.pdf,43,1,,,,False,False,,,empty,EMPTY,,,,,,,,empty,EMPTY,,,,,,,,,False,not_applicable,,crop_blank
fungicides_20260331.pdf,43,2,,,,False,False,Azoxystrobin 25% + Boscalid 35% WG,,empty,EMPTY,,,,,,,,empty,EMPTY,,,,,,,,,False,not_applicable,,crop_blank
fungicides_20260331.pdf,43,5,,Chilli,,False,False,Azoxystrobin 25% + Boscalid 35% WG,Powdery  mildew and  Anthracnose,numeric,BARE_NUMBER,per_ha,300.0,121.4034,,,g,300,unparseable,BARE_NUMBER,,,,,,,500,10,False,resolved,10,crop_out_of_scope
fungicides_20260331.pdf,43,6,,,,False,False,Azoxystrobin 1.5% + Carbendazim 8.0% + Thiamethoxam 30% FS w/w,,empty,EMPTY,,,,,,,,empty,EMPTY,,,,,,,,,False,not_applicable,,crop_blank
fungicides_20260331.pdf,43,8,,Groundnut,,False,False,Azoxystrobin 1.5% + Carbendazim 8.0% + Thiamethoxam 30% FS w/w,"Collar rot  (Aspergillus  niger), Stem rot  (Sclerotium  rolfsii),  Root rot  (Macrophomin a  phaseolina),",free_text,COMPOUND,free_text,,,,,,1.5+8+30,unparseable,BARE_NUMBER,,,,,,,100,,False,not_applicable,-,crop_out_of_scope
fungicides_20260331.pdf,43,9,,,,False,False,Azoxystrobin 4.8% w/w + Chlorothalonil 40% w/w SC,,empty,EMPTY,,,,,,,,empty,EMPTY,,,,,,,,,False,not_applicable,,crop_blank
fungicides_20260331.pdf,43,10,,Watermelon,,False,False,Azoxystrobin 4.8% w/w + Chlorothalonil 40% w/w SC,"Leaf spot, downy  mildew and powdery  mildew",free_text,COMPOUND,free_text,,,,,,1.344  (0.144+1.2),unparseable,BARE_NUMBER,,,,,,,3.0,5,False,resolved,5,crop_out_of_scope
fungicides_20260331.pdf,44,0,,Cucumber,,False,False,Azoxystrobin 4.8% w/w + Chlorothalonil 40% w/w SC,"Leaf spot, downy  mildew and  powdery mildew",free_text,COMPOUND,free_text,,,,,,1.344  (0.144+1.2),unparseable,BARE_NUMBER,,,,,,,3.0,3,False,resolved,3,crop_out_of_scope
fungicides_20260331.pdf,44,1,,Cauliflower,,False,False,Azoxystrobin 4.8% w/w + Chlorothalonil 40% w/w SC,"Leaf spot, downy  mildew",free_text,COMPOUND,free_text,,,,,,1.344  (0.144+1.2),unparseable,BARE_NUMBER,,,,,,,3.0,3,False,resolved,3,crop_out_of_scope
fungicides_20260331.pdf,44,3,,,,False,False,Azoxystrobin 18.2% w/w + Cyproconazole 7.3% w/w SC,,empty,EMPTY,,,,,,,,empty,EMPTY,,,,,,,,,False,not_applicable,,crop_blank
fungicides_20260331.pdf,44,4,,Wheat,,False,False,Azoxystrobin 18.2% w/w + Cyproconazole 7.3% w/w SC,Rust and Powdery  mildew,numeric,PCT_SINGLE,concentration_pct,0.26,,,,%,0.26% w/v,numeric,PCT_SINGLE,concentration_pct,1.0,,,,%,1 %,50,False,resolved,50,crop_out_of_scope
fungicides_20260331.pdf,44,5,,Maize,,False,False,Azoxystrobin 18.2% w/w + Cyproconazole 7.3% w/w SC,"Downy mildew,  Turcicum leaf  blight and Rust",numeric,PCT_SINGLE,concentration_pct,0.26,,,,%,0.26% w/v,numeric,PCT_SINGLE,concentration_pct,1.0,,,,%,1 %,52,False,resolved,52,crop_out_of_scope
fungicides_20260331.pdf,44,6,,Banana,,False,False,Azoxystrobin 18.2% w/w + Cyproconazole 7.3% w/w SC,Sigatoka Leaf  spots,numeric,PCT_SINGLE,concentration_pct,0.28,,,,%,0.28 % w/w,numeric,PCT_SINGLE,concentration_pct,1.0,,,,%,1 %,10,False,resolved,10,crop_out_of_scope
fungicides_20260331.pdf,44,7,,Black gram,,False,False,Azoxystrobin 18.2% w/w + Cyproconazole 7.3% w/w SC,Leaf spots &  Powdery Mildew,numeric,PCT_SINGLE,concentration_pct,0.28,,,,%,0.28 % w/w,numeric,PCT_SINGLE,concentration_pct,1.0,,,,%,1 %,15,False,resolved,15,crop_out_of_scope
fungicides_20260331.pdf,44,9,,Rice,,False,False,Azoxystrobin 18.2% w/w + Cyproconazole 7.3% w/w SC,"Sheath Blight  Leaf spots, Dirty  Panicle",numeric,PCT_SINGLE,concentration_pct,0.28,,,,%,0.28 % w/w,numeric,PCT_SINGLE,concentration_pct,1.0,,,,%,1 %,55,False,resolved,55,crop_out_of_scope
fungicides_20260331.pdf,44,10,,Groundnut,,False,False,Azoxystrobin 18.2% w/w + Cyproconazole 7.3% w/w SC,"Tikka leaf spot  disease, Leaf  spots, Rust",numeric,PCT_SINGLE,concentration_pct,0.28,,,,%,0.28 % w/w,numeric,PCT_SINGLE,concentration_pct,1.0,,,,%,1 %,15,False,resolved,15,crop_out_of_scope
fungicides_20260331.pdf,44,12,,,,False,False,Ametoctradin 27%+ Dimethomorph 20.27% w/w SC,,empty,EMPTY,,,,,,,,empty,EMPTY,,,,,,,,,False,not_applicable,,crop_blank
fungicides_20260331.pdf,44,14,,Cucumber,,False,False,Ametoctradin 27%+ Dimethomorph 20.27% w/w SC,Downey mildew,numeric,BARE_RANGE,per_ha,420.0,169.9648,525.0,212.456,g,420-525,numeric,RANGE_UNIT,per_ha,800.0,323.7425,1000.0,404.6781,ml,800-1000ml,7,False,resolved,07,crop_out_of_scope
fungicides_20260331.pdf,44,15,,Potato,,False,False,Ametoctradin 27%+ Dimethomorph 20.27% w/w SC,Late Blight,numeric,BARE_RANGE,per_ha,420.0,169.9648,525.0,212.456,g,420-525,numeric,RANGE_UNIT,per_ha,800.0,323.7425,1000.0,404.6781,ml,800-1000ml,32,False,resolved,32,crop_out_of_scope
fungicides_20260331.pdf,44,17,,,,False,False,Ametoctradin 25%(w/w) + Metalaxyl 20%(w/w) WDG,,empty,EMPTY,,,,,,,,empty,EMPTY,,,,,,,,,False,not_applicable,,crop_blank
fungicides_20260331.pdf,44,19,,,,False,False,Azoxystrobin 20% + Boscalid 25% SE,,empty,EMPTY,,,,,,,,empty,EMPTY,,,,,,,,,False,not_applicable,,crop_blank
fungicides_20260331.pdf,45,1,,Chilli,,False,False,Azoxystrobin 20% + Boscalid 25% SE,"Fruit Rot/Spots,  Powdery mildew and  Die back",free_text,COMPOUND,free_text,,,,,,125 + 156.25,unparseable,BARE_NUMBER,,,,,,,625,15,False,resolved,15,crop_out_of_scope
fungicides_20260331.pdf,45,2,,,,False,False,Azoxystrobin 18.2% + Difenoconazole 11.4% w/w SC,,empty,EMPTY,,,,,,,,empty,EMPTY,,,,,,,,,False,not_applicable,,crop_blank
fungicides_20260331.pdf,45,3,,Chilli,,False,False,Azoxystrobin 18.2% + Difenoconazole 11.4% w/w SC,Anthracnose &  Powdery Mildew,numeric,PCT_WITH_EQUIV,concentration_pct,0.03,,,,%,0.03% or 0.3 g/l,numeric,PCT_WITH_EQUIV,concentration_pct,0.1,,,,%,0.1% or 1 ml /  Litre water,5,False,resolved,5,crop_out_of_scope
fungicides_20260331.pdf,45,5,,Paddy (Rice),,False,False,Azoxystrobin 18.2% + Difenoconazole 11.4% w/w SC,Blast & sheath  blight,numeric,PCT_WITH_EQUIV,concentration_pct,0.03,,,,%,0.03% or 0.3 g/l,numeric,PCT_WITH_EQUIV,concentration_pct,0.1,,,,%,0.1% or 1 ml /  Litre water,31,False,resolved,31,crop_out_of_scope
fungicides_20260331.pdf,45,6,,Maize,,False,False,Azoxystrobin 18.2% + Difenoconazole 11.4% w/w SC,Blight & Downey  Mildew,numeric,PCT_WITH_EQUIV,concentration_pct,0.03,,,,%,0.03% or 0.3 g/l,numeric,PCT_WITH_EQUIV,concentration_pct,0.1,,,,%,0.1% or 1 ml /  Litre water,26,False,resolved,26,crop_out_of_scope
fungicides_20260331.pdf,45,7,,Wheat,,False,False,Azoxystrobin 18.2% + Difenoconazole 11.4% w/w SC,Rust & Powdery  mildew,numeric,PCT_WITH_EQUIV,concentration_pct,0.03,,,,%,0.03% or 0.3 g/l,numeric,PCT_WITH_EQUIV,concentration_pct,0.1,,,,%,0.1% or 1 ml /  Litre water,35,False,resolved,35,crop_out_of_scope
fungicides_20260331.pdf,45,9,,Turmeric,,False,False,Azoxystrobin 18.2% + Difenoconazole 11.4% w/w SC,"Leaf blotch, leaf  spot and Rhizome  rot",numeric,PCT_WITH_EQUIV,concentration_pct,0.03,,,,%,0.03% or 0.3 g/l,numeric,PCT_WITH_EQUIV,concentration_pct,0.1,,,,%,0.1% or 1 ml /  Litre water,60,False,resolved,60,crop_out_of_scope
fungicides_20260331.pdf,45,11,,Sugarcane,,False,False,Azoxystrobin 18.2% + Difenoconazole 11.4% w/w SC,"Red rot, Smut and  Rust",numeric,PCT_WITH_EQUIV,concentration_pct,0.03,,,,%,0.03% or 0.3 g/l,numeric,PCT_WITH_EQUIV,concentration_pct,0.1,,,,%,0.1% or 1 ml /  Litre water,265,False,resolved,265,crop_out_of_scope
fungicides_20260331.pdf,45,12,,Ground nut,,False,False,Azoxystrobin 18.2% + Difenoconazole 11.4% w/w SC,Tikka leaf spot &  Rust,free_text,COMPOUND,free_text,,,,,,148 g/ha (91  +57),free_text,MULTI_BASIS,free_text,,,,,,500 ml/ha 1  ml/lit water,46,False,resolved,46,crop_out_of_scope
fungicides_20260331.pdf,45,13,,Black gram,,False,False,Azoxystrobin 18.2% + Difenoconazole 11.4% w/w SC,Leaf spot &  Powdery mildew,free_text,COMPOUND,free_text,,,,,,148 g/ha (91  +57),free_text,MULTI_BASIS,free_text,,,,,,500 ml/ha 1  ml/lit water,23,False,resolved,23,crop_out_of_scope
fungicides_20260331.pdf,45,15,,Coffee,,False,False,Azoxystrobin 18.2% + Difenoconazole 11.4% w/w SC,Rust disease,numeric,PER_HA_EXPLICIT,per_ha,0.3,0.1214,,,g,0.30 g/ha,numeric,PER_LITRE,per_litre_water,1.0,,,,ml,1 ml/lit. water,62,False,resolved,62,crop_out_of_scope
fungicides_20260331.pdf,46,0,,B anana,,False,False,Azoxystrobin 18.2% + Difenoconazole 11.4% w/w SC,Yellow Sigatoka  disease  (Mycosphaerella  musicola),numeric,BARE_NUMBER,per_ha,296.0,119.7847,,,g,296,unparseable,BARE_NUMBER,,,,,,,1000,57,False,resolved,57,crop_out_of_scope
fungicides_20260331.pdf,46,1,,,,False,False,Azoxystrobin 14 %  + Epoxiconazole 9 %  SC,,empty,EMPTY,,,,,,,,empty,EMPTY,,,,,,,,,False,not_applicable,,crop_blank
fungicides_20260331.pdf,46,2,,Rice,,False,False,Azoxystrobin 14 %  + Epoxiconazole 9 %  SC,Sheath blight,free_text,COMPOUND,free_text,,,,,,(105+67.5),unparseable,BARE_NUMBER,,,,,,,750,28,False,resolved,28,crop_out_of_scope
fungicides_20260331.pdf,46,3,,,,False,False,Azoxystrobin 10% + Fipronil 5% SC,,empty,EMPTY,,,,,,,,empty,EMPTY,,,,,,,,,False,not_applicable,,crop_blank
fungicides_20260331.pdf,46,4,,Rice,,False,False,Azoxystrobin 10% + Fipronil 5% SC,Sheath blight &  Leaf blast,free_text,COMPOUND,free_text,,,,,,62.5 + 125,unparseable,BARE_NUMBER,,,,,,,1250,53,False,resolved,53,crop_out_of_scope
fungicides_20260331.pdf,46,5,,Chilli,,False,False,Azoxystrobin 10% + Fipronil 5% SC,Powdery mildew  &  Anthracnose/Fruit  rot,free_text,COMPOUND,free_text,,,,,,50 + 100,unparseable,BARE_NUMBER,,,,,,,1000,5,False,resolved,05,crop_out_of_scope
fungicides_20260331.pdf,46,6,,,,False,False,Azoxystrobin 4% + Isoprothiolane 12% + Mancozeb 30% WP w/w,,empty,EMPTY,,,,,,,,empty,EMPTY,,,,,,,,,False,not_applicable,,crop_blank
fungicides_20260331.pdf,46,7,,Rice,,False,False,Azoxystrobin 4% + Isoprothiolane 12% + Mancozeb 30% WP w/w,sheath blight and  blast,free_text,COMPOUND,free_text,,,,,,100+300+750,unparseable,BARE_NUMBER,,,,,,,2500,25,False,resolved,25,crop_out_of_scope
fungicides_20260331.pdf,46,8,,,,False,False,Azoxystrobin 8.3% + Mancozeb 66.7% WG,,empty,EMPTY,,,,,,,,empty,EMPTY,,,,,,,,,False,not_applicable,,crop_blank
fungicides_20260331.pdf,46,11,,Chilli,,False,False,Azoxystrobin 8.3% + Mancozeb 66.7% WG,"Powdery mildew,  Leaf spot,  Anthracnose",free_text,COMPOUND,free_text,,,,,,124.5+1000,unparseable,BARE_NUMBER,,,,,,,1500,7,False,resolved,7,crop_out_of_scope
fungicides_20260331.pdf,46,12,,Paddy,,False,False,Azoxystrobin 8.3% + Mancozeb 66.7% WG,"Sheath blight, Dirty  panicle, Brown spot  and  Blast",free_text,COMPOUND,free_text,,,,,,124.5+1000,unparseable,BARE_NUMBER,,,,,,,1500,23,False,resolved,23,crop_out_of_scope
fungicides_20260331.pdf,46,13,,Potato,,False,False,Azoxystrobin 8.3% + Mancozeb 66.7% WG,Early and late  blight,free_text,COMPOUND,free_text,,,,,,124.5+1000,unparseable,BARE_NUMBER,,,,,,,1500,25,False,resolved,25,crop_out_of_scope
fungicides_20260331.pdf,47,4,,,,False,False,Azoxystrobin 11.5% + Mancozeb 30% WP,,empty,EMPTY,,,,,,,,empty,EMPTY,,,,,,,,,False,not_applicable,,crop_blank
fungicides_20260331.pdf,47,7,,,,False,False,Azoxystrobin 4.5% + Mancozeb 67.5% + Cyproconazole 3.0% WG,,empty,EMPTY,,,,,,,,empty,EMPTY,,,,,,,,,False,not_applicable,,crop_blank
fungicides_20260331.pdf,47,8,,Paddy,,False,False,Azoxystrobin 4.5% + Mancozeb 67.5% + Cyproconazole 3.0% WG,"Sheath blight, Brown  leaf spot, Blast",free_text,COMPOUND,free_text,,,,,,90 + 1350 + 60,numeric,NUM_UNIT,per_ha,2000.0,809.3562,,,g,2000 gm,38,False,resolved,38,crop_out_of_scope
fungicides_20260331.pdf,47,9,,Black gram,,False,False,Azoxystrobin 4.5% + Mancozeb 67.5% + Cyproconazole 3.0% WG,"Powdery mildew,  Cercospora leaf spot,  Web blight, Rust",free_text,COMPOUND,free_text,,,,,,90 + 1350 + 60,numeric,NUM_UNIT,per_ha,2000.0,809.3562,,,g,2000 gm,26,False,resolved,26,crop_out_of_scope
fungicides_20260331.pdf,47,10,,Chilli,,False,False,Azoxystrobin 4.5% + Mancozeb 67.5% + Cyproconazole 3.0% WG,"Powdery mildew,  Cercospora leaf spot,  Fruit rot & Die back",free_text,COMPOUND,free_text,,,,,,90 + 1350 + 60,numeric,NUM_UNIT,per_ha,2000.0,809.3562,,,g,2000 gm,5,False,resolved,5,crop_out_of_scope
fungicides_20260331.pdf,47,11,,,,False,False,Azoxystrobin 4.7% + Mancozeb 59.7% + Tebuconazole 5.6% WG,,empty,EMPTY,,,,,,,,empty,EMPTY,,,,,,,,,False,not_applicable,,crop_blank
fungicides_20260331.pdf,47,12,,Cucumber,,False,False,Azoxystrobin 4.7% + Mancozeb 59.7% + Tebuconazole 5.6% WG,"Downy mildew,  Powdery mildew,  Anthracnose",numeric,BARE_NUMBER,per_ha,1400.0,566.5493,,,g,1400,unparseable,BARE_NUMBER,,,,,,,2000,10,False,resolved,10,crop_out_of_scope
fungicides_20260331.pdf,47,13,,Paddy,,False,False,Azoxystrobin 4.7% + Mancozeb 59.7% + Tebuconazole 5.6% WG,"Sheath Blight,  Blast, Brown  spot, dirty  panicle & false  smut",numeric,BARE_NUMBER,per_ha,1400.0,566.5493,,,g,1400,unparseable,BARE_NUMBER,,,,,,,2000,31,False,resolved,31,crop_out_of_scope
fungicides_20260331.pdf,48,0,,Chilli,,False,False,Azoxystrobin 4.7% + Mancozeb 59.7% + Tebuconazole 5.6% WG,"Anthracnose,  Powdery  Mildew,  Choanephora  blight &  Cercospora leaf  spot",numeric,BARE_NUMBER,per_ha,1400.0,566.5493,,,g,1400,unparseable,BARE_NUMBER,,,,,,,2000,7,False,resolved,7,crop_out_of_scope
fungicides_20260331.pdf,48,1,,,,False,False,Azoxystrobin 30.5% + Myclobutanil 4.85% SE,,empty,EMPTY,,,,,,,,empty,EMPTY,,,,,,,,,False,not_applicable,,crop_blank
fungicides_20260331.pdf,48,2,,Chilli,,False,False,Azoxystrobin 30.5% + Myclobutanil 4.85% SE,Powdery  mildew (Leveillula  taurica) and  Anthracnose  (Colletotrichum  capsici),free_text,COMPOUND,free_text,,,,,,114.37+18.18,unparseable,BARE_NUMBER,,,,,,,375,5,False,resolved,05,crop_out_of_scope
fungicides_20260331.pdf,48,3,,,,False,False,Azoxystrobin 7.1% + Propiconazole 11.9% w/w SE,,empty,EMPTY,,,,,,,,empty,EMPTY,,,,,,,,,False,not_applicable,,crop_blank
fungicides_20260331.pdf,48,4,,Rice,,False,False,Azoxystrobin 7.1% + Propiconazole 11.9% w/w SE,Sheath Blight,free_text,COMPOUND,free_text,,,,,,37.5+62.5,unparseable,BARE_NUMBER,,,,,,,500,43,False,resolved,43,crop_out_of_scope
fungicides_20260331.pdf,48,5,,Wheat,,False,False,Azoxystrobin 7.1% + Propiconazole 11.9% w/w SE,Yellow rust (Puccinia  striiformis f.sp.  Tritici),free_text,COMPOUND,free_text,,,,,,56.25+93.75,unparseable,BARE_NUMBER,,,,,,,750,45,False,resolved,45,crop_out_of_scope
fungicides_20260331.pdf,48,6,,,,False,False,Azoxystrobin 11% + Tebuconazole 18.3% w/w SC,,empty,EMPTY,,,,,,,,empty,EMPTY,,,,,,,,,False,not_applicable,,crop_blank
fungicides_20260331.pdf,48,7,,Chilli,,False,False,Azoxystrobin 11% + Tebuconazole 18.3% w/w SC,"Fruit rot,  Powdery mildew,  Die-back",free_text,COMPOUND,free_text,,,,,,72+120,unparseable,BARE_NUMBER,,,,,,,600,5,False,resolved,5,crop_out_of_scope
fungicides_20260331.pdf,48,8,,Rice (Paddy),,False,False,Azoxystrobin 11% + Tebuconazole 18.3% w/w SC,Sheath Blight,free_text,COMPOUND,free_text,,,,,,82.5+137.25,unparseable,BARE_NUMBER,,,,,,,750,,False,not_applicable,-,crop_out_of_scope
fungicides_20260331.pdf,48,10,,Apple,,False,False,Azoxystrobin 11% + Tebuconazole 18.3% w/w SC,"Scab, powdery  mildew& premature  leaf fall",free_text,COMPOUND,free_text,,,,,,0.11+0.183,unparseable,BARE_NUMBER,,,,,,,1.0,10,False,resolved,10,crop_out_of_scope
fungicides_20260331.pdf,48,11,,Wheat,,False,False,Azoxystrobin 11% + Tebuconazole 18.3% w/w SC,Yellow Rust,free_text,COMPOUND,free_text,,,,,,82.5+137.25,unparseable,BARE_NUMBER,,,,,,,750,,False,not_applicable,-,crop_out_of_scope
fungicides_20260331.pdf,48,13,,Potato,,False,False,Azoxystrobin 11% + Tebuconazole 18.3% w/w SC,"Early blight, Late  blight",free_text,COMPOUND,free_text,,,,,,82.5+137.25,unparseable,BARE_NUMBER,,,,,,,750,,False,not_applicable,-,crop_out_of_scope
fungicides_20260331.pdf,48,15,,,,False,False,Azoxystrobin 12.5% + Tebuconazole 12.5% SC,,empty,EMPTY,,,,,,,,empty,EMPTY,,,,,,,,,False,not_applicable,,crop_blank
fungicides_20260331.pdf,48,16,,Chilli,,False,False,Azoxystrobin 12.5% + Tebuconazole 12.5% SC,Powdery mildew &  fruit rot,free_text,COMPOUND,free_text,,,,,,0.1+0.1 (0.2),unparseable,BARE_NUMBER,,,,,,,0.800,5,False,resolved,5,crop_out_of_scope
fungicides_20260331.pdf,49,0,,Rice,,False,False,Azoxystrobin 12.5% + Tebuconazole 12.5% SC,sheath blight and  blast,free_text,COMPOUND,free_text,,,,,,125+125(250) g,numeric,NUM_UNIT,per_ha,1000.0,404.6781,,,ml,1000 ml,25,False,resolved,25,crop_out_of_scope
fungicides_20260331.pdf,49,1,,,,False,False,Azoxystrobin 120 g/L + Tebuconazole 240 g/L SC,,empty,EMPTY,,,,,,,,empty,EMPTY,,,,,,,,,False,not_applicable,,crop_blank
fungicides_20260331.pdf,49,2,,Rice,,False,False,Azoxystrobin 120 g/L + Tebuconazole 240 g/L SC,Blast and Sheath  blight,numeric,NUM_UNIT,per_ha,249.0,100.7648,,,g,249 g,numeric,NUM_UNIT,per_ha,830.0,335.8828,,,ml,830 ml,24,False,resolved,24 days,crop_out_of_scope
fungicides_20260331.pdf,49,3,,Chilli,,False,False,Azoxystrobin 120 g/L + Tebuconazole 240 g/L SC,"Fruit rot, Dieback &  Powdery mildew",numeric,NUM_UNIT,per_ha,249.0,100.7648,,,g,249 g,numeric,NUM_UNIT,per_ha,830.0,335.8828,,,ml,830 ml,7,False,resolved,7 days,crop_out_of_scope
fungicides_20260331.pdf,49,4,,,,False,False,Azoxystrobin 18.75% + Tricyclazole 37.5% WG,,empty,EMPTY,,,,,,,,empty,EMPTY,,,,,,,,,False,not_applicable,,crop_blank
fungicides_20260331.pdf,49,5,,Rice,,False,False,Azoxystrobin 18.75% + Tricyclazole 37.5% WG,"Blast (Magnaporthe  grisea), Sheath blight  (Thanatephorus  cucumeris)",free_text,COMPOUND,free_text,,,,,,84.38+168.8,unparseable,BARE_NUMBER,,,,,,,450,24,False,resolved,24,crop_out_of_scope
fungicides_20260331.pdf,49,6,,,,False,False,Azoxystrobin 12% + Fenpyroximate 2.5% + Emamectin Benzoate 1% WG,,empty,EMPTY,,,,,,,,empty,EMPTY,,,,,,,,,False,not_applicable,,crop_blank
fungicides_20260331.pdf,49,7,,Chilli,,False,False,Azoxystrobin 12% + Fenpyroximate 2.5% + Emamectin Benzoate 1% WG,"Fruit rot  /Anthracnose  (Colletotrichum  capsici) Powdery  mildew (Leveillula  taurica) """,free_text,COMPOUND,free_text,,,,,,120+25+10 (155),unparseable,BARE_NUMBER,,,,,,,1000,7,False,resolved,7,crop_out_of_scope
fungicides_20260331.pdf,49,8,,,,False,False,Azoxystrobin 5.1%w/w +Tebuconazole 9.1% w/w+ Prochloraz 18.2 % w/w EC,,empty,EMPTY,,,,,,,,empty,EMPTY,,,,,,,,,False,not_applicable,,crop_blank
fungicides_20260331.pdf,49,9,,Rice,,False,False,Azoxystrobin 5.1%w/w +Tebuconazole 9.1% w/w+ Prochloraz 18.2 % w/w EC,Blast (Pyricularia  oryaze) &  Sheath Blight  (Rhizoctonia solani),free_text,COMPOUND,free_text,,,,,,98.0 + 175.0 +  350.0,unparseable,BARE_NUMBER,,,,,,,1750,40,False,resolved,40,crop_out_of_scope
fungicides_20260331.pdf,49,10,,Chilli,,False,False,Azoxystrobin 5.1%w/w +Tebuconazole 9.1% w/w+ Prochloraz 18.2 % w/w EC,"Anthracnose Leaf  Spot, Die Back,  Fruit rot,  (Colletotrichumcapsi ci  ) and Powdery  Mildew  (Leveillulataurica)",free_text,COMPOUND,free_text,,,,,,70.0 + 125.0 +  250.0,unparseable,BARE_NUMBER,,,,,,,1250,10,False,resolved,10,crop_out_of_scope
fungicides_20260331.pdf,49,11,,Black Gram,,False,False,Azoxystrobin 5.1%w/w +Tebuconazole 9.1% w/w+ Prochloraz 18.2 % w/w EC,Leaf Spot  (Cercospora  canescens)&  Powdery Mildew  (Erysiphepoligoni),free_text,COMPOUND,free_text,,,,,,70.0 + 125.0 +  250.0,unparseable,BARE_NUMBER,,,,,,,1250,35,False,resolved,35,crop_out_of_scope
fungicides_20260331.pdf,49,12,,,,False,False,Azoxystrobin 1.3% + Tebuconazole 0.22% + Thiamethoxam 25.9% FS,,empty,EMPTY,,,,,,,,empty,EMPTY,,,,,,,,,False,not_applicable,,crop_blank
fungicides_20260331.pdf,49,13,,Okra,,False,False,Azoxystrobin 1.3% + Tebuconazole 0.22% + Thiamethoxam 25.9% FS,Damping off  (Rhizoctonia spp. &  Pythium spp.),free_text,COMPOUND,free_text,,,,,,0.9+0.15+18.0,unparseable,BARE_NUMBER,,,,,,,60,,False,not_applicable,NA,crop_out_of_scope
fungicides_20260331.pdf,50,0,,Wheat,,False,False,Azoxystrobin 1.3% + Tebuconazole 0.22% + Thiamethoxam 25.9% FS,"Loose smut, Termite and  Root aphid",free_text,COMPOUND,free_text,,,,,,0.78+0.13+15.  54,unparseable,BARE_NUMBER,,,,,,,60,,False,not_applicable,-,crop_out_of_scope
fungicides_20260331.pdf,50,1,,,,False,False,Azoxystrobin 7.5% + Tebuconazole 12% +Isoprothiolane 12% SE,,empty,EMPTY,,,,,,,,empty,EMPTY,,,,,,,,,False,not_applicable,,crop_blank
fungicides_20260331.pdf,50,2,,Paddy,,False,False,Azoxystrobin 7.5% + Tebuconazole 12% +Isoprothiolane 12% SE,"Sheath blight  (Rhizoctonia solani),  Blast (Pyricularia  oryzae), Brown spot  (Helminthosporium  oryzae)",free_text,COMPOUND,free_text,,,,,,56.25+90+90,unparseable,BARE_NUMBER,,,,,,,750,31,False,resolved,31,crop_out_of_scope
fungicides_20260331.pdf,50,3,,,,False,False,Azoxystrobin 13.04% + Thifluzamide 15.66% w/w SC,,empty,EMPTY,,,,,,,,empty,EMPTY,,,,,,,,,False,not_applicable,,crop_blank
fungicides_20260331.pdf,50,5,,Potato,,False,False,Azoxystrobin 13.04% + Thifluzamide 15.66% w/w SC,Early blight,free_text,COMPOUND,free_text,,,,,,75 + 90,unparseable,BARE_NUMBER,,,,,,,500,34,False,resolved,34,crop_out_of_scope
fungicides_20260331.pdf,50,6,,Paddy,,False,False,Azoxystrobin 13.04% + Thifluzamide 15.66% w/w SC,Sheath blight,free_text,COMPOUND,free_text,,,,,,75 + 90,unparseable,BARE_NUMBER,,,,,,,500,43,False,resolved,43,crop_out_of_scope
fungicides_20260331.pdf,50,7,,,,False,False,Azoxystrobin 20% + Thifluzamide 15% w/v SC,,empty,EMPTY,,,,,,,,empty,EMPTY,,,,,,,,,False,not_applicable,,crop_blank
fungicides_20260331.pdf,50,8,,Rice,,False,False,Azoxystrobin 20% + Thifluzamide 15% w/v SC,"Sheath Blight,   Leaf blast",free_text,COMPOUND,free_text,,,,,,100+75 to  120+90,unparseable,BARE_RANGE,,,,,,,500-600,28,False,resolved,28,crop_out_of_scope
fungicides_20260331.pdf,50,9,,,,False,False,AZOXYSTROBIN 2.5% + THIOPHANATE METHYL 11.25% + THIAMETHOXAM 25% FS,,empty,EMPTY,,,,,,,,empty,EMPTY,,,,,,,,,False,not_applicable,,crop_blank
fungicides_20260331.pdf,50,10,,Potato,,False,False,AZOXYSTROBIN 2.5% + THIOPHANATE METHYL 11.25% + THIAMETHOXAM 25% FS,"Black scurf  (Rhizoctonia Solani),  Late Blight  (Phytophothora  infestans),",numeric,BARE_NUMBER,per_ha,465.0,188.1753,,,g,465,unparseable,BARE_NUMBER,,,,,,,1000,,False,not_applicable,-,crop_out_of_scope
fungicides_20260331.pdf,50,11,,Maize,,False,False,AZOXYSTROBIN 2.5% + THIOPHANATE METHYL 11.25% + THIAMETHOXAM 25% FS,Seedling blight  (Rhizoctonia Solani),numeric,BARE_NUMBER,per_ha,38.75,15.6813,,,g,38.75,unparseable,BARE_NUMBER,,,,,,,100,,False,not_applicable,-,crop_out_of_scope
fungicides_20260331.pdf,50,12,,Groundnut,,False,False,AZOXYSTROBIN 2.5% + THIOPHANATE METHYL 11.25% + THIAMETHOXAM 25% FS,"Collar rot (Aspergillus  nizer), Sclerotium rot  (Sclerotoium rolfsii),  Root rot  (Macophomina  phaseolina),",numeric,BARE_NUMBER,per_ha,38.75,15.6813,,,g,38.75,unparseable,BARE_NUMBER,,,,,,,100,,False,not_applicable,-,crop_out_of_scope
fungicides_20260331.pdf,51,0,,,,False,False,Propiconazole 13.9% w/w + Difenconazole 13.9 % w/w EC,,empty,EMPTY,,,,,,,,empty,EMPTY,,,,,,,,,False,not_applicable,,crop_blank
fungicides_20260331.pdf,51,2,,Ground nut,,False,False,Propiconazole 13.9% w/w + Difenconazole 13.9 % w/w EC,Tikka leaf spot;  Rust,numeric,BARE_NUMBER,per_ha,105.0,42.4912,,,g,105,unparseable,BARE_NUMBER,,,,,,,350,35,False,resolved,35,crop_out_of_scope
fungicides_20260331.pdf,51,4,,Wheat,,False,False,Propiconazole 13.9% w/w + Difenconazole 13.9 % w/w EC,"Rust, Powdery  mildew",numeric,BARE_NUMBER,per_ha,105.0,42.4912,,,g,105,unparseable,BARE_NUMBER,,,,,,,350,35,False,resolved,35,crop_out_of_scope
fungicides_20260331.pdf,51,5,,Banana,,False,False,Propiconazole 13.9% w/w + Difenconazole 13.9 % w/w EC,Sigatoka leaf  spot/blight; Leaf  spots,numeric,BARE_NUMBER,per_ha,105.0,42.4912,,,g,105,unparseable,BARE_NUMBER,,,,,,,350,35,False,resolved,35,crop_out_of_scope
fungicides_20260331.pdf,51,6,,,,False,False,Azoxystrobin 16.7% + Tricyclazole 33.30% SC,,empty,EMPTY,,,,,,,,empty,EMPTY,,,,,,,,,False,not_applicable,,crop_blank
fungicides_20260331.pdf,51,7,,Rice,,False,False,Azoxystrobin 16.7% + Tricyclazole 33.30% SC,"Sheath blight, Blast,  Brown spot",free_text,COMPOUND,free_text,,,,,,83.5 + 166.5,unparseable,BARE_NUMBER,,,,,,,500,24,False,resolved,24,crop_out_of_scope
fungicides_20260331.pdf,51,8,,,,False,False,Benalaxyl-M  4% + Mancozeb 65% WP,,empty,EMPTY,,,,,,,,empty,EMPTY,,,,,,,,,False,not_applicable,,crop_blank
fungicides_20260331.pdf,51,10,,,,False,False,Benalaxyl 8% + Mancozeb 65% WP,,empty,EMPTY,,,,,,,,empty,EMPTY,,,,,,,,,False,not_applicable,,crop_blank
fungicides_20260331.pdf,51,11,,Cucumber,,False,False,Benalaxyl 8% + Mancozeb 65% WP,Downy mildew,free_text,COMPOUND,free_text,,,,,,200+1625,unparseable,BARE_NUMBER,,,,,,,2500,5,False,resolved,5,crop_out_of_scope
fungicides_20260331.pdf,51,12,,,,False,False,Boscalid 25.2%+Pyraclostrobin12.8%WG,,empty,EMPTY,,,,,,,,empty,EMPTY,,,,,,,,,False,not_applicable,,crop_blank
fungicides_20260331.pdf,51,14,,Chilli,,False,False,Boscalid 25.2%+Pyraclostrobin12.8%WG,Powdery mildew,numeric,BARE_NUMBER,per_ha,228.0,92.2666,,,g,228,unparseable,BARE_NUMBER,,,,,,,600,10,False,resolved,10,crop_out_of_scope
fungicides_20260331.pdf,51,15,,Apple,,False,False,Boscalid 25.2%+Pyraclostrobin12.8%WG,Powdery mildew,numeric,BARE_NUMBER,per_ha,285.0,115.3333,,,g,285,unparseable,BARE_NUMBER,,,,,,,750,41,False,resolved,41,crop_out_of_scope
fungicides_20260331.pdf,51,18,,,,False,False,Captan 70%+ Hexaconazole 5%WP,,empty,EMPTY,,,,,,,,empty,EMPTY,,,,,,,,,False,not_applicable,,crop_blank
fungicides_20260331.pdf,51,19,,Chilli,,False,False,Captan 70%+ Hexaconazole 5%WP,Fruit rot  (Anthracnose),numeric,BARE_RANGE,per_ha,375.0,151.7543,750.0,303.5086,g,375-750,unparseable,BARE_RANGE,,,,,,,500-1000,5,False,resolved,5,crop_out_of_scope
fungicides_20260331.pdf,52,0,,Potato,,False,False,Captan 70%+ Hexaconazole 5%WP,Early blight  &Late blight,numeric,BARE_RANGE,per_ha,375.0,151.7543,750.0,303.5086,g,375-750,unparseable,BARE_RANGE,,,,,,,500-1000,21,False,resolved,21,crop_out_of_scope
fungicides_20260331.pdf,52,1,,Black gram,,False,False,Captan 70%+ Hexaconazole 5%WP,"Powdery mildew,  Rust",numeric,BARE_NUMBER,per_ha,562.5,227.6314,,,g,562.5,unparseable,BARE_NUMBER,,,,,,,750,20,False,resolved,20,crop_out_of_scope
fungicides_20260331.pdf,52,2,,Cumin,,False,False,Captan 70%+ Hexaconazole 5%WP,Alternaria blight,numeric,BARE_NUMBER,per_ha,562.5,227.6314,,,g,562.5,unparseable,BARE_NUMBER,,,,,,,750,17,False,resolved,17,crop_out_of_scope
fungicides_20260331.pdf,52,4,,Rice,,False,False,Captan 70%+ Hexaconazole 5%WP,"Sheath  blight,  Stem  rot",numeric,NUM_UNIT,per_ha,562.5,227.6314,,,g,562.5 g,numeric,NUM_UNIT,per_ha,750.0,303.5086,,,g,750 g,30,False,resolved,30,crop_out_of_scope
fungicides_20260331.pdf,52,6,,Apple,,False,False,Captan 70%+ Hexaconazole 5%WP,Apple Scab and  Alternaria Blotch,numeric,PCT_RANGE,concentration_pct,0.045,,0.075,,%,0.045-0.075%,numeric,PCT_WITH_EQUIV,concentration_pct,0.06,,,,%,0.06%-0.1%  (6 g to 10 g/10L  water),10,False,resolved,10,crop_out_of_scope
fungicides_20260331.pdf,52,7,,,,False,False,Carbendazim 1.92% + Mancozeb 10.08% GR,,empty,EMPTY,,,,,,,,empty,EMPTY,,,,,,,,,False,not_applicable,,crop_blank
fungicides_20260331.pdf,52,8,,"Paddy (Rice)  Blast, sheath blight",,False,True,Carbendazim 1.92% + Mancozeb 10.08% GR,,free_text,COMPOUND,free_text,,,,,,240+1260,unparseable,BARE_NUMBER,,,,,,,12.5,46,False,resolved,46,crop_out_of_scope
fungicides_20260331.pdf,52,9,,,,False,False,Carbendazim 12%+ Mancozeb 63% WP,,empty,EMPTY,,,,,,,,empty,EMPTY,,,,,,,,,False,not_applicable,,crop_blank
fungicides_20260331.pdf,52,10,,Groundnut,,False,False,Carbendazim 12%+ Mancozeb 63% WP,Leafspot,numeric,NUM_UNIT,per_ha,375.0,151.7543,,,g,375gm,numeric,NUM_UNIT,per_ha,500.0,202.339,,,g,500gm,72,False,resolved,72,crop_out_of_scope
fungicides_20260331.pdf,52,11,,Paddy (Rice),,False,False,Carbendazim 12%+ Mancozeb 63% WP,Blast,numeric,NUM_UNIT,per_ha,563.0,227.8338,,,g,563gm,numeric,NUM_UNIT,per_ha,750.0,303.5086,,,g,750gm,57,False,resolved,57,crop_out_of_scope
fungicides_20260331.pdf,52,12,,Potato,,False,False,Carbendazim 12%+ Mancozeb 63% WP,"Early blight , late  blight , black  scruff",numeric,BARE_NUMBER,per_ha,1312.5,531.14,,,g,1312.5,unparseable,BARE_NUMBER,,,,,,,1750,47,False,resolved,47,crop_out_of_scope
fungicides_20260331.pdf,52,13,,Tea,,False,False,Carbendazim 12%+ Mancozeb 63% WP,"Blister blight , grey  blight , red rust ,  die-back , black rot",numeric,BARE_NUMBER,per_ha,937.5,379.3857,,,g,937.5,unparseable,BARE_NUMBER,,,,,,,1250,7,False,resolved,7,crop_out_of_scope
fungicides_20260331.pdf,53,0,,Mango,,False,False,Carbendazim 12%+ Mancozeb 63% WP,Powdery mildew  and anthracnose,numeric,PCT_SINGLE,concentration_pct,0.11,,,,%,0.11%,numeric,PCT_SINGLE,concentration_pct,0.15,,,,%,0.15%,7,False,resolved,7,crop_out_of_scope
fungicides_20260331.pdf,53,1,,Chilli,,False,False,Carbendazim 12%+ Mancozeb 63% WP,"Leaf Spot, Fruit  rot, and Powdery  mildew",numeric,BARE_NUMBER,per_ha,563.0,227.8338,,,g,563,unparseable,BARE_NUMBER,,,,,,,750,3,False,resolved,3,crop_out_of_scope
fungicides_20260331.pdf,53,2,,Maize,,False,False,Carbendazim 12%+ Mancozeb 63% WP,Downy mildew  and Leaf blight,free_text,COMPOUND,free_text,,,,,,120+630,unparseable,BARE_NUMBER,,,,,,,1000,37,False,resolved,37,crop_out_of_scope
fungicides_20260331.pdf,53,3,,Apple,,False,False,Carbendazim 12%+ Mancozeb 63% WP,Fruit scab &  Powdery mildew,numeric,PCT_SINGLE,concentration_pct,0.19,,,,%,0.19%,unparseable,BARE_NUMBER,,,,,,,0.25,20,False,resolved,20,crop_out_of_scope
fungicides_20260331.pdf,53,6,,Mandarin,,False,False,Carbendazim 12%+ Mancozeb 63% WP,"Twig blight, Sooty  mould,  Anthracnose fruit  rot and  Anthracnose leaf  spot",numeric,PCT_SINGLE,concentration_pct,0.23,,,,%,0.23%,numeric,PCT_SINGLE,concentration_pct,0.3,,,,%,0.30%,30,False,resolved,30,crop_out_of_scope
fungicides_20260331.pdf,53,7,,Groundnut  (Seed  Treatment),seed_treatment,False,False,Carbendazim 12%+ Mancozeb 63% WP,"Tikka leaf spot,  Collar rot and dry  root rot",numeric,BARE_NUMBER,per_ha,1.88,0.7608,,,g,1.88,unparseable,BARE_NUMBER,,,,,,,2.5,,True,not_applicable,Seed  treatment,crop_out_of_scope
fungicides_20260331.pdf,53,9,,Pea   (Seed  Treatment),seed_treatment,False,False,Carbendazim 12%+ Mancozeb 63% WP,"Rhizoctonia seedling  blight,  Ascochyta foot rot,  Fusarium wilt",numeric,BARE_NUMBER,per_ha,2.25,0.9105,,,g,2.25,unparseable,BARE_NUMBER,,,,,,,3.0,,True,not_applicable,Seed  treatment,crop_out_of_scope
fungicides_20260331.pdf,54,0,,,,False,False,Carbendazim 25%+ Mancozeb 50% WS,,empty,EMPTY,,,,,,,,empty,EMPTY,,,,,,,,,False,not_applicable,,crop_blank
fungicides_20260331.pdf,54,1,,Groundnut,,False,False,Carbendazim 25%+ Mancozeb 50% WS,"Collar rot, Dry root  rot, Tikka leaf spot",unparseable,DEFECT_TRUNCATED,,,,,,,(7.5+15.0) to  (8.75+17.5) (for,unparseable,PER_N_KG_SEED,,,,,,,30-35/10 kg,,False,not_applicable,-,crop_out_of_scope
fungicides_20260331.pdf,54,2,,Groundnut,,False,False,Carbendazim 25%+ Mancozeb 50% WS,,unparseable,DEFECT_TRUNCATED,,,,,,,10 kg seed),free_text,PROSE_NO_NUMBER,free_text,,,,,,seed,,False,not_applicable,,crop_out_of_scope
fungicides_20260331.pdf,54,3,,Potato,,False,False,Carbendazim 25%+ Mancozeb 50% WS,"Late  blight,  Black  scurf",free_text,COMPOUND,free_text,,,,,,(1.5 + 3.0) to  (1.75 + 3.5) (for  10 kg seed),unparseable,PER_N_KG_SEED,,,,,,,6 – 7/10 kg  seed,,False,not_applicable,-,crop_out_of_scope
fungicides_20260331.pdf,54,4,,Paddy (Rice),,False,False,Carbendazim 25%+ Mancozeb 50% WS,"Brown  Spot,  Blast  ,  Sheath Blight",free_text,COMPOUND,free_text,,,,,,(7.5+15) to  (8.75+17.5),unparseable,BARE_RANGE,,,,,,,30-35,,False,not_applicable,-,crop_out_of_scope
fungicides_20260331.pdf,54,5,,Wheat,,False,False,Carbendazim 25%+ Mancozeb 50% WS,Loose smut,free_text,COMPOUND,free_text,,,,,,(7.5+15) to  (8.75+17.5),unparseable,BARE_RANGE,,,,,,,30-35,,False,not_applicable,-,crop_out_of_scope
fungicides_20260331.pdf,54,6,,Black gram,,False,False,Carbendazim 25%+ Mancozeb 50% WS,"Root rot, Collar rot",free_text,COMPOUND,free_text,,,,,,7.5+15,unparseable,BARE_NUMBER,,,,,,,30,,False,not_applicable,-,crop_out_of_scope
fungicides_20260331.pdf,54,10,,Maize,,False,False,Carbendazim 25%+ Mancozeb 50% WS,"Seed  rot,    Seedling  blight",free_text,COMPOUND,free_text,,,,,,7.5+15,unparseable,BARE_NUMBER,,,,,,,30,,False,not_applicable,-,crop_out_of_scope
fungicides_20260331.pdf,54,11,,,,False,False,Carbendazim 25 %+ Flusilazole 12.5% SE,,empty,EMPTY,,,,,,,,empty,EMPTY,,,,,,,,,False,not_applicable,,crop_blank
fungicides_20260331.pdf,54,12,,Paddy (Rice),,False,False,Carbendazim 25 %+ Flusilazole 12.5% SE,Sheath blight,numeric,BARE_RANGE,per_ha,300.0,121.4034,360.0,145.6841,g,300-360,unparseable,BARE_RANGE,,,,,,,800-960,54,False,resolved,54,crop_out_of_scope
fungicides_20260331.pdf,54,13,,Groundnut,,False,False,Carbendazim 25 %+ Flusilazole 12.5% SE,"Stem rot, Early leaf  spot, Late leaf spot",numeric,BARE_RANGE,per_ha,240.0,97.1227,300.0,121.4034,g,240-300,unparseable,BARE_RANGE,,,,,,,640-800,72,False,resolved,72,crop_out_of_scope
fungicides_20260331.pdf,54,14,,Chilli,,False,False,Carbendazim 25 %+ Flusilazole 12.5% SE,"Powdery mildew,  Fruit rot, Die-Back",numeric,BARE_NUMBER,per_ha,375.0,151.7543,,,g,375,unparseable,BARE_NUMBER,,,,,,,1000,5,False,resolved,05,crop_out_of_scope
fungicides_20260331.pdf,54,15,,Apple,,False,False,Carbendazim 25 %+ Flusilazole 12.5% SE,Alternaria blotch and  Premature leaf fall,numeric,PCT_SINGLE,concentration_pct,0.03,,,,%,0.03%,numeric,PCT_SINGLE,concentration_pct,0.08,,,,%,0.08%,9,False,resolved,09,crop_out_of_scope
fungicides_20260331.pdf,54,16,,,,False,False,Carbendazim 11.57% + Tebuconazole 11.57% SC,,empty,EMPTY,,,,,,,,empty,EMPTY,,,,,,,,,False,not_applicable,,crop_blank
fungicides_20260331.pdf,54,17,,Paddy,,False,False,Carbendazim 11.57% + Tebuconazole 11.57% SC,Blast and sheath  blight,numeric,BARE_NUMBER,per_ha,185.12,74.914,,,g,185.12,unparseable,BARE_NUMBER,,,,,,,800,39,False,resolved,39,crop_out_of_scope
fungicides_20260331.pdf,54,18,,,,False,False,Carboxin17.5%+ Thiram17.5%FF,,empty,EMPTY,,,,,,,,empty,EMPTY,,,,,,,,,False,not_applicable,,crop_blank
fungicides_20260331.pdf,54,19,,Wheat,,False,False,Carboxin17.5%+ Thiram17.5%FF,Loose smut,numeric,RANGE_UNIT,per_ha,8.75,3.5409,10.5,4.2491,g,8.75 to 10.5gm,numeric,RANGE_UNIT,per_ha,25.0,10.117,30.0,12.1403,g,25 to 30gm,,True,not_applicable,Seed  treatment,crop_out_of_scope
fungicides_20260331.pdf,54,20,,,,False,False,Carboxin37.5%+ Thiram37.5%WS,,empty,EMPTY,,,,,,,,empty,EMPTY,,,,,,,,,False,not_applicable,,crop_blank
fungicides_20260331.pdf,55,0,,Wheat,,False,False,Carboxin37.5%+ Thiram37.5%WS,Loose smut and  other seed borne  and early soil borne  diseases,numeric,PER_KG_SEED,per_kg_seed,2.25,,,,g,2.25gm/Kg  seed,empty,EMPTY,,,,,,,,,True,not_applicable,Being  seed  treatment  waiting  not  required,crop_out_of_scope
fungicides_20260331.pdf,55,4,,Groundnut,,False,False,Carboxin37.5%+ Thiram37.5%WS,"Collar rot, Seed rot,  Root rot, Stem rot",numeric,PER_KG_SEED,per_kg_seed,2.25,,,,g,2.25gm/Kg  seed,numeric,PER_KG_SEED,per_kg_seed,3.0,,,,g,3.0gm/Kg  seed,,True,not_applicable,Being  seed  treatment  waiting  not  required,crop_out_of_scope
fungicides_20260331.pdf,55,6,,Potato,,False,False,Carboxin37.5%+ Thiram37.5%WS,Black scurf,numeric,PER_KG_SEED,per_kg_seed,1.87,,,,g,1.87gm/Kg  seed,numeric,PER_KG_SEED,per_kg_seed,2.5,,,,g,2.5gm/Kg  seed,,True,not_applicable,Being  seed  treatment  waiting  not  required,crop_out_of_scope
fungicides_20260331.pdf,55,7,,,,False,False,Chlorothalonil 40.0% w/w + Difenoconazole 4.0 w/w SC,,empty,EMPTY,,,,,,,,empty,EMPTY,,,,,,,,,False,not_applicable,,crop_blank
fungicides_20260331.pdf,56,1,,Chilli,,False,False,Chlorothalonil 40.0% w/w + Difenoconazole 4.0 w/w SC,"Powdery mildew,  Anthracnose, Fruit  rot",free_text,COMPOUND,free_text,,,,,,440^ (400+40),unparseable,BARE_NUMBER,,,,,,,1000,7,False,resolved,7,crop_out_of_scope
fungicides_20260331.pdf,56,2,,Ground nut,,False,False,Chlorothalonil 40.0% w/w + Difenoconazole 4.0 w/w SC,Tikka leaf spot and  Rust,numeric,BARE_NUMBER,per_ha,400.0,161.8712,,,g,400,unparseable,BARE_NUMBER,,,,,,,1000,47,False,resolved,47,crop_out_of_scope
fungicides_20260331.pdf,56,3,,Apple,,False,False,Chlorothalonil 40.0% w/w + Difenoconazole 4.0 w/w SC,"Powdery mildew,",numeric,BARE_NUMBER,per_ha,352.0,142.4467,,,g,352,unparseable,BARE_NUMBER,,,,,,,800,24,False,resolved,24,crop_out_of_scope
fungicides_20260331.pdf,56,4,,Apple,,False,False,Chlorothalonil 40.0% w/w + Difenoconazole 4.0 w/w SC,Premature leaf fall  and Scab,empty,EMPTY,,,,,,,,empty,EMPTY,,,,,,,,,False,not_applicable,,crop_out_of_scope
fungicides_20260331.pdf,56,5,,,,False,False,^ Calculated as 550 (500=50) gm a.i./ha on w/v basis,,empty,EMPTY,,,,,,,,empty,EMPTY,,,,,,,,,False,not_applicable,,crop_blank
fungicides_20260331.pdf,56,6,,,,False,False,Chlorothalonil 12.5% + Mancozeb 62.5% WG,,empty,EMPTY,,,,,,,,empty,EMPTY,,,,,,,,,False,not_applicable,,crop_blank
fungicides_20260331.pdf,56,8,,Potato,,False,False,Chlorothalonil 12.5% + Mancozeb 62.5% WG,Early blight and  Late blight,free_text,COMPOUND,free_text,,,,,,2178.75+1093.75,unparseable,BARE_NUMBER,,,,,,,1750,35,False,resolved,35,crop_out_of_scope
fungicides_20260331.pdf,56,9,,,,False,False,Chlorantraniliprole 0.64% + Tebuconazole 3% + Clothianidin 1.92% GR,,empty,EMPTY,,,,,,,,empty,EMPTY,,,,,,,,,False,not_applicable,,crop_blank
fungicides_20260331.pdf,56,10,,Paddy,,False,False,Chlorantraniliprole 0.64% + Tebuconazole 3% + Clothianidin 1.92% GR,Yellow Stem Borer  and  Sheath Blight,free_text,COMPOUND,free_text,,,,,,40+187.5+120,unparseable,BARE_NUMBER,,,,,,,6250,46,False,resolved,46,crop_out_of_scope
fungicides_20260331.pdf,56,11,,,,False,False,Chlorothalonil 35 % + Cymoxanil 15% + Metalaxyl 2 % SC,,empty,EMPTY,,,,,,,,empty,EMPTY,,,,,,,,,False,not_applicable,,crop_blank
fungicides_20260331.pdf,56,13,,,,False,False,Copper Oxychloride 47% (w/w) + Metalaxyl 8% (w/w) WP,,empty,EMPTY,,,,,,,,empty,EMPTY,,,,,,,,,False,not_applicable,,crop_blank
fungicides_20260331.pdf,56,14,,Potato,,False,False,Copper Oxychloride 47% (w/w) + Metalaxyl 8% (w/w) WP,Early & Late Blight  1000 + 170.21,numeric,BARE_NUMBER,per_ha,1170.21,473.5583,,,g,(1170.21),unparseable,BARE_NUMBER,,,,,,,2127.65,34,False,resolved,34,crop_out_of_scope
fungicides_20260331.pdf,56,15,,,,False,False,Copper Sulphate 47.15% + Mancozeb 30% WDG,,empty,EMPTY,,,,,,,,empty,EMPTY,,,,,,,,,False,not_applicable,,crop_blank
fungicides_20260331.pdf,56,17,,Cucumber,,False,False,Copper Sulphate 47.15% + Mancozeb 30% WDG,Anthracnose and  Downy mildew,free_text,COMPOUND,free_text,,,,,,1178.75 + 750.0,unparseable,BARE_NUMBER,,,,,,,2500,10,False,resolved,10,crop_out_of_scope
fungicides_20260331.pdf,56,18,,Citrus,,False,False,Copper Sulphate 47.15% + Mancozeb 30% WDG,Bacterial Canker  and Alternaria Spot,free_text,COMPOUND,free_text,,,,,,1178.75 + 750.0,unparseable,BARE_NUMBER,,,,,,,2500,10,False,resolved,10,crop_out_of_scope
fungicides_20260331.pdf,57,1,,Apple,,False,False,Copper Sulphate 47.15% + Mancozeb 30% WDG,Canker,numeric,PER_LITRE,per_litre_water,4.24,,,,g,4.24 g/L,numeric,PER_LITRE,per_litre_water,6.0,,,,g,6 g/L water,184,False,resolved,184,crop_out_of_scope
fungicides_20260331.pdf,57,2,,,,False,False,Cymoxanil 8%+ Mancozeb 64% WP,,empty,EMPTY,,,,,,,,empty,EMPTY,,,,,,,,,False,not_applicable,,crop_blank
fungicides_20260331.pdf,57,4,,Potato,,False,False,Cymoxanil 8%+ Mancozeb 64% WP,Late blight,numeric,NUM_UNIT,per_ha,1080.0,437.0523,,,g,1080gm,numeric,NUM_UNIT,per_ha,1500.0,607.0171,,,g,1500gm,10,False,resolved,10days,crop_out_of_scope
fungicides_20260331.pdf,57,6,,Cucumber,,False,False,Cymoxanil 8%+ Mancozeb 64% WP,Downy mildew,numeric,NUM_UNIT,per_ha,1080.0,437.0523,,,g,1080gm,numeric,NUM_UNIT,per_ha,1500.0,607.0171,,,g,1500gm,10,False,resolved,10days,crop_out_of_scope
fungicides_20260331.pdf,57,7,,Citrus,,False,False,Cymoxanil 8%+ Mancozeb 64% WP,Gemmosis (Foot Rot)  (Phytophthora  palmivora),free_text,UNSUPPORTED_UNIT,free_text,,,,,,180 g/100L of  water + 18 g/l of  water of linseed  oil,free_text,UNSUPPORTED_UNIT,free_text,,,,,,250 g/100L of  water + 25 g/l  of water of  linseed oil,82,False,resolved,82 days,crop_out_of_scope
fungicides_20260331.pdf,57,8,,,,False,False,Cyazofamid 6.2%+Mancozeb 60.8% w/w WP,,empty,EMPTY,,,,,,,,empty,EMPTY,,,,,,,,,False,not_applicable,,crop_blank
fungicides_20260331.pdf,57,9,,Potato,,False,False,Cyazofamid 6.2%+Mancozeb 60.8% w/w WP,Early Blight and Late  blight,free_text,COMPOUND,free_text,,,,,,77.5+760,unparseable,BARE_NUMBER,,,,,,,1250,22,False,resolved,22,crop_out_of_scope
fungicides_20260331.pdf,57,10,,,,False,False,Cyazofamid 25% + Pyraclostrobin 18% w/v SC,,empty,EMPTY,,,,,,,,empty,EMPTY,,,,,,,,,False,not_applicable,,crop_blank
fungicides_20260331.pdf,57,12,,,,False,False,Cyproconazole 12.5% + Tebuconazole 12.5% SC,,empty,EMPTY,,,,,,,,empty,EMPTY,,,,,,,,,False,not_applicable,,crop_blank
fungicides_20260331.pdf,57,13,,Paddy Sheath  Blight,,False,True,Cyproconazole 12.5% + Tebuconazole 12.5% SC,,numeric,BARE_RANGE,per_ha,200.0,80.9356,250.0,101.1695,g,200-250,unparseable,BARE_RANGE,,,,,,,800-1000,44,False,resolved,44,crop_out_of_scope
fungicides_20260331.pdf,57,14,,,,False,False,Difenoconazole 10 % + Mancozeb 50% WDG,,empty,EMPTY,,,,,,,,empty,EMPTY,,,,,,,,,False,not_applicable,,crop_blank
fungicides_20260331.pdf,57,15,,Paddy,,False,False,Difenoconazole 10 % + Mancozeb 50% WDG,Blast & Sheath Blight,free_text,COMPOUND,free_text,,,,,,62.5 + 312.5,numeric,NUM_UNIT,per_ha,625.0,252.9238,,,g,625gm,33,False,resolved,33,crop_out_of_scope
fungicides_20260331.pdf,57,16,,Chilli,,False,False,Difenoconazole 10 % + Mancozeb 50% WDG,"Powdery mildew,  Die-Back & Fruit rot",free_text,COMPOUND,free_text,,,,,,62.5 + 312.5,numeric,NUM_UNIT,per_ha,625.0,252.9238,,,g,625g gm,13,False,resolved,13,crop_out_of_scope
fungicides_20260331.pdf,57,17,,Apple,,False,False,Difenoconazole 10 % + Mancozeb 50% WDG,Scab Venturia  inaequalis,free_text,COMPOUND,free_text,,,,,,0.1 +0.5,numeric,NUM_UNIT,per_ha,1.0,0.4047,,,g,1 g,23,False,resolved,23,crop_out_of_scope
fungicides_20260331.pdf,57,18,,,,False,False,Difenoconazole 4.8% + Mancozeb 64% WP,,empty,EMPTY,,,,,,,,empty,EMPTY,,,,,,,,,False,not_applicable,,crop_blank
fungicides_20260331.pdf,58,0,,,,False,False,Difenoconazole 4% + Propineb 64% DF,,empty,EMPTY,,,,,,,,empty,EMPTY,,,,,,,,,False,not_applicable,,crop_blank
fungicides_20260331.pdf,58,1,,Apple,,False,False,Difenoconazole 4% + Propineb 64% DF,"Scab (Venturia  inaequalis), Powdery  mildew (Podosphaera  leucotricha), Pre- mature leaf fall  (Marssonina  coronaria)",free_text,COMPOUND,free_text,,,,,,(5+80) g/100 lit  water or (0.005  0.080)%  solution,numeric,PCT_EQUIV_FIRST,concentration_pct,0.125,,,,%,125 g/100  lit water or  0.125%  solution,24,False,resolved,24,crop_out_of_scope
fungicides_20260331.pdf,58,2,,Paddy,,False,False,Difenoconazole 4% + Propineb 64% DF,"Sheath Blight, Brown  Leaf spot, Grain  Discoloration",free_text,COMPOUND,free_text,,,,,,60+960,unparseable,BARE_NUMBER,,,,,,,1500,32,False,resolved,32,crop_out_of_scope
fungicides_20260331.pdf,58,3,,,,False,False,Difenoconazole 6% + validamycin 6% SC,,empty,EMPTY,,,,,,,,empty,EMPTY,,,,,,,,,False,not_applicable,,crop_blank
fungicides_20260331.pdf,58,4,,Rice,,False,False,Difenoconazole 6% + validamycin 6% SC,Blast & Sheath Blight,free_text,COMPOUND,free_text,,,,,,60.0 + 60.0,unparseable,BARE_NUMBER,,,,,,,1000,40,False,resolved,40,crop_out_of_scope
fungicides_20260331.pdf,58,5,,,,False,False,Dimethomorph 12% + Pyraclostrobin 6.7% WG,,empty,EMPTY,,,,,,,,empty,EMPTY,,,,,,,,,False,not_applicable,,crop_blank
fungicides_20260331.pdf,58,7,,Cucumber,,False,False,Dimethomorph 12% + Pyraclostrobin 6.7% WG,Downy mildew,numeric,BARE_NUMBER,per_ha,280.5,113.5122,,,g,280.5,unparseable,BARE_NUMBER,,,,,,,1500,10,False,resolved,10,crop_out_of_scope
fungicides_20260331.pdf,58,8,,Potato,,False,False,Dimethomorph 12% + Pyraclostrobin 6.7% WG,Late blight,numeric,BARE_NUMBER,per_ha,183.75,74.3596,,,g,183.75,unparseable,BARE_NUMBER,,,,,,,1250,26,False,resolved,26,crop_out_of_scope
fungicides_20260331.pdf,58,10,,,,False,False,Famoxadone16.6%+ Cymoxanil22.1%SC,,empty,EMPTY,,,,,,,,empty,EMPTY,,,,,,,,,False,not_applicable,,crop_blank
fungicides_20260331.pdf,58,12,,Potato,,False,False,Famoxadone16.6%+ Cymoxanil22.1%SC,Late blight,numeric,BARE_NUMBER,per_ha,210.0,84.9824,,,g,210,unparseable,BARE_NUMBER,,,,,,,500,40,False,resolved,40,crop_out_of_scope
fungicides_20260331.pdf,58,14,,Gherkin,,False,False,Famoxadone16.6%+ Cymoxanil22.1%SC,Downy mildew,numeric,BARE_NUMBER,per_ha,210.0,84.9824,,,g,210,unparseable,BARE_NUMBER,,,,,,,500,3,False,resolved,3,crop_out_of_scope
fungicides_20260331.pdf,58,15,,,,False,False,Fenamidone 4.44%+ Fosetyl-AL 66.7%WDG,,empty,EMPTY,,,,,,,,empty,EMPTY,,,,,,,,,False,not_applicable,,crop_blank
fungicides_20260331.pdf,58,17,,,,False,False,Fenamidone10%+ Mancozeb50%WG,,empty,EMPTY,,,,,,,,empty,EMPTY,,,,,,,,,False,not_applicable,,crop_blank
fungicides_20260331.pdf,58,18,,Potato,,False,False,Fenamidone10%+ Mancozeb50%WG,Late blight,free_text,COMPOUND,free_text,,,,,,125+625-  150+750gm,numeric,RANGE_UNIT,per_ha,1250.0,505.8476,1500.0,607.0171,g,1250-1500gm,30,False,resolved,30,crop_out_of_scope
fungicides_20260331.pdf,58,20,,Gherkin,,False,False,Fenamidone10%+ Mancozeb50%WG,Downy mildew,free_text,COMPOUND,free_text,,,,,,150+750 gm,numeric,NUM_UNIT,per_ha,1500.0,607.0171,,,g,1500gm,5,False,resolved,5,crop_out_of_scope
fungicides_20260331.pdf,58,21,,,,False,False,Flubendamide 3.5% + Hexaconazole 5% WG,,empty,EMPTY,,,,,,,,empty,EMPTY,,,,,,,,,False,not_applicable,,crop_blank
fungicides_20260331.pdf,58,22,,Paddy  (Rice),,False,False,Flubendamide 3.5% + Hexaconazole 5% WG,"Sheath blight,  Sheath rot",unparseable,DEFECT_AI_NAME,,,,,,,Flubendamide-  35 &  Hexaconazole-  50,unparseable,BARE_NUMBER,,,,,,,1000,30,False,resolved,30,crop_out_of_scope
fungicides_20260331.pdf,59,0,,Groundnut,,False,False,Flubendamide 3.5% + Hexaconazole 5% WG,Tikka Leaf spot &  Rust,unparseable,DEFECT_AI_NAME,,,,,,,Flubendamide-  52.5 &  Hexaconazole-  75,unparseable,BARE_NUMBER,,,,,,,1500,31,False,resolved,31,crop_out_of_scope
fungicides_20260331.pdf,59,1,,Chilli,,False,False,Flubendamide 3.5% + Hexaconazole 5% WG,"Leaf spot, Powdery  mildew &  Anthracnose",unparseable,DEFECT_AI_NAME,,,,,,,Flubendamide-  52.5 &  Hexaconazole-  75,unparseable,BARE_NUMBER,,,,,,,1500,10,False,resolved,10,crop_out_of_scope
fungicides_20260331.pdf,59,2,,,,False,False,Flubendiamide 7.5% + Kresoxim-Methyl 37.5% SC,,empty,EMPTY,,,,,,,,empty,EMPTY,,,,,,,,,False,not_applicable,,crop_blank
fungicides_20260331.pdf,59,3,,Rice,,False,False,Flubendiamide 7.5% + Kresoxim-Methyl 37.5% SC,"Leaf & neck blast,  Sheath blight",free_text,COMPOUND,free_text,,,,,,50 + 250,unparseable,BARE_NUMBER,,,,,,,667,30,False,resolved,30,crop_out_of_scope
fungicides_20260331.pdf,59,5,,,,False,False,CF-1020 (Fluopicolide 10% + Dimethomorph 20% SC,,empty,EMPTY,,,,,,,,empty,EMPTY,,,,,,,,,False,not_applicable,,crop_blank
fungicides_20260331.pdf,59,7,,,,False,False,Fluopicolide 4.44% + Fosetylaluminium 66.67%WG,,empty,EMPTY,,,,,,,,empty,EMPTY,,,,,,,,,False,not_applicable,,crop_blank
fungicides_20260331.pdf,59,9,,,,False,False,F luopicolide 5.56% w/w + Propamocarb Hydrochloride 55.6% w/w SC,,empty,EMPTY,,,,,,,,empty,EMPTY,,,,,,,,,False,not_applicable,,crop_blank
fungicides_20260331.pdf,59,11,,,,False,False,Fluopicolide 6.25% + Propamocarb hydrochloride 62.5% SC,,empty,EMPTY,,,,,,,,empty,EMPTY,,,,,,,,,False,not_applicable,,crop_blank
fungicides_20260331.pdf,59,12,,Potato,,False,False,Fluopicolide 6.25% + Propamocarb hydrochloride 62.5% SC,Late Blight,free_text,COMPOUND,free_text,,,,,,78.13 + 781.3  to  93.8 + 937.5,numeric,RANGE_UNIT,per_ha,1.25,0.5058,1.5,0.607,l,1.25 to 1.5 L,19,False,resolved,19,crop_out_of_scope
fungicides_20260331.pdf,59,14,,,,False,False,Fluopyram17.7% w/w+Tebuconazole 17.7%w/w SC,,empty,EMPTY,,,,,,,,empty,EMPTY,,,,,,,,,False,not_applicable,,crop_blank
fungicides_20260331.pdf,60,1,,Chilli,,False,False,Fluopyram17.7% w/w+Tebuconazole 17.7%w/w SC,Powdery mildew  and Anthracnose,unparseable,DEFECT_AI_NAME,,,,,,,Fluopyram100  +Tebconazole100,unparseable,BARE_NUMBER,,,,,,,500,5,False,resolved,5,crop_out_of_scope
fungicides_20260331.pdf,60,2,,Rice (Paddy),,False,False,Fluopyram17.7% w/w+Tebuconazole 17.7%w/w SC,"False smut, Dirty  panicle",unparseable,DEFECT_AI_NAME,,,,,,,Fluopyram110  +Tebconazole110,numeric,PER_HA_EXPLICIT,per_ha,550.0,222.5729,,,g,550 g/ha,22,False,resolved,22,crop_out_of_scope
fungicides_20260331.pdf,60,3,,Apple,,False,False,Fluopyram17.7% w/w+Tebuconazole 17.7%w/w SC,"Marssonina leaf  blotch,  Alternaria leaf spot  and  Fruit rot",free_text,COMPOUND,free_text,,,,,,0.1 + 0.1  to  0.125 + 0.125  gm/ L of Water,numeric,PER_LITRE,per_litre_water,0.5,,0.63,,ml,0.5 to 0.63 ml  / L of water,30,False,resolved,30,crop_out_of_scope
fungicides_20260331.pdf,60,5,,Mango,,False,False,Fluopyram17.7% w/w+Tebuconazole 17.7%w/w SC,Powdery mildew  and Post-  Harvest diseases  (Anthracnose and  Soft rot),free_text,COMPOUND,free_text,,,,,,125 + 125 to  150 + 150,unparseable,BARE_RANGE,,,,,,,625 to 750,20,False,resolved,20,crop_out_of_scope
fungicides_20260331.pdf,60,6,,Kidney bean,,False,False,Fluopyram17.7% w/w+Tebuconazole 17.7%w/w SC,Leaf spot,free_text,COMPOUND,free_text,,,,,,125 + 125,unparseable,BARE_NUMBER,,,,,,,625,25,False,resolved,25,crop_out_of_scope
fungicides_20260331.pdf,60,7,,Rose,,False,False,Fluopyram17.7% w/w+Tebuconazole 17.7%w/w SC,"Powdery mildew,  Black spot disease,  Anthracnose leaf spot  diseases of Rose, Post  harvest diseases",free_text,COMPOUND,free_text,,,,,,100 + 100 - 90 + 90,unparseable,BARE_RANGE,,,,,,,500-450,7,False,resolved,7,crop_out_of_scope
fungicides_20260331.pdf,60,8,,,,False,False,Fluopyram 21.37% w/w + Trifloxystrobin 21.37% w/w SC,,empty,EMPTY,,,,,,,,empty,EMPTY,,,,,,,,,False,not_applicable,,crop_blank
fungicides_20260331.pdf,60,10,,Chilli,,False,False,Fluopyram 21.37% w/w + Trifloxystrobin 21.37% w/w SC,Powdery mildew and  Anthracnose,free_text,COMPOUND,free_text,,,,,,125+125 - 150 + 150,unparseable,BARE_RANGE,,,,,,,500-600,5,False,resolved,05,crop_out_of_scope
fungicides_20260331.pdf,60,11,,Rice,,False,False,Fluopyram 21.37% w/w + Trifloxystrobin 21.37% w/w SC,"Sheath Blight, Leaf  and Neck Blast",free_text,COMPOUND,free_text,,,,,,125+125 - 150 + 150,unparseable,BARE_RANGE,,,,,,,500-600,32,False,resolved,32,crop_out_of_scope
fungicides_20260331.pdf,60,12,,Okra,,False,False,Fluopyram 21.37% w/w + Trifloxystrobin 21.37% w/w SC,Powdery mildew,free_text,COMPOUND,free_text,,,,,,125+125 - 150 + 150,unparseable,BARE_RANGE,,,,,,,500-600,5,False,resolved,05,crop_out_of_scope
fungicides_20260331.pdf,61,0,,Apple,,False,False,Fluopyram 21.37% w/w + Trifloxystrobin 21.37% w/w SC,"Marssonina blotch,  Scab and Powdery  mildew",free_text,COMPOUND,free_text,,,,,,12.5 + 12.5 - 15 + 15 /  100 liter of water,numeric,PER_N_LITRE,per_litre_water,0.5,,0.6,,ml,50-60 ml/ 100  liter of water,30,False,resolved,30,crop_out_of_scope
fungicides_20260331.pdf,61,2,,,,False,False,Fluxapyroxad  75 g/l  + Difenoconazole 50 g/l SC,,empty,EMPTY,,,,,,,,empty,EMPTY,,,,,,,,,False,not_applicable,,crop_blank
fungicides_20260331.pdf,61,4,,Apple,,False,False,Fluxapyroxad  75 g/l  + Difenoconazole 50 g/l SC,Scab and  Powdery mildew,numeric,BARE_NUMBER,per_ha,125.0,50.5848,,,g,125,unparseable,BARE_NUMBER,,,,,,,1000,33,False,resolved,33,crop_out_of_scope
fungicides_20260331.pdf,61,7,,Cucumber,,False,False,Fluxapyroxad  75 g/l  + Difenoconazole 50 g/l SC,Powdery Mildew,numeric,BARE_RANGE,per_ha,100.0,40.4678,125.0,50.5848,g,100-125,unparseable,BARE_RANGE,,,,,,,800-1000,10,False,resolved,10,crop_out_of_scope
fungicides_20260331.pdf,61,8,,Chilli,,False,False,Fluxapyroxad  75 g/l  + Difenoconazole 50 g/l SC,Anthracnose  &Powdery  Mildew,numeric,BARE_RANGE,per_ha,100.0,40.4678,125.0,50.5848,g,100-125,unparseable,BARE_RANGE,,,,,,,800-1000,5,False,resolved,5,crop_out_of_scope
fungicides_20260331.pdf,61,9,,,,False,False,Fluxapyroxad  62.5 g/l + Epoxiconazole 62.5 g/L EC,,empty,EMPTY,,,,,,,,empty,EMPTY,,,,,,,,,False,not_applicable,,crop_blank
fungicides_20260331.pdf,61,10,,Rice (Paddy),,False,False,Fluxapyroxad  62.5 g/l + Epoxiconazole 62.5 g/L EC,Sheath blight,numeric,BARE_RANGE,per_ha,78.12,31.6135,93.75,37.9386,g,78.12-93.75,unparseable,BARE_RANGE,,,,,,,625-750,33,False,resolved,33,crop_out_of_scope
fungicides_20260331.pdf,61,11,,,,False,False,Fluxapyroxad 250g/l + Pyraclostrobin 250g/l SC,,empty,EMPTY,,,,,,,,empty,EMPTY,,,,,,,,,False,not_applicable,,crop_blank
fungicides_20260331.pdf,61,13,,Apple,,False,False,Fluxapyroxad 250g/l + Pyraclostrobin 250g/l SC,Premature leaf  fall & Alternaria  leaf spot,numeric,BARE_NUMBER,per_ha,187.5,75.8771,,,g,187.5,numeric,PER_N_LITRE,per_litre_water,0.15,,,,ml,15 ml  formulation/  100 lit water,29,False,resolved,29,crop_out_of_scope
fungicides_20260331.pdf,61,14,,Mango,,False,False,Fluxapyroxad 250g/l + Pyraclostrobin 250g/l SC,Powdery mildew,numeric,BARE_RANGE,per_ha,75.0,30.3509,100.0,40.4678,g,75-100,unparseable,BARE_RANGE,,,,,,,150-200,38,False,resolved,38,crop_out_of_scope
fungicides_20260331.pdf,61,15,,Cucumber,,False,False,Fluxapyroxad 250g/l + Pyraclostrobin 250g/l SC,Powdery mildew,numeric,BARE_RANGE,per_ha,100.0,40.4678,125.0,50.5848,g,100-125,unparseable,BARE_RANGE,,,,,,,200-250,10,False,resolved,10,crop_out_of_scope
fungicides_20260331.pdf,61,16,,Chilli,,False,False,Fluxapyroxad 250g/l + Pyraclostrobin 250g/l SC,"Powdery mildew,  Anthracnose",numeric,BARE_RANGE,per_ha,100.0,40.4678,125.0,50.5848,g,100-125,unparseable,BARE_RANGE,,,,,,,200-250,7,False,resolved,7,crop_out_of_scope
fungicides_20260331.pdf,62,1,,Apple,,False,False,Fluxapyroxad 250g/l + Pyraclostrobin 250g/l SC,"Premature leaf fall,  Alternaria leaf spot  and Powdery  mildew",free_text,MULTI_RATE,free_text,,,,,,12.5 g a.i./100 l water  25 ml/100 l,free_text,PROSE_NO_NUMBER,free_text,,,,,,water,41,False,resolved,41,crop_out_of_scope
fungicides_20260331.pdf,62,2,,,,False,False,Fluxapyroxad 167 g/l + Pyraclostrobin 333 g/l SC,,empty,EMPTY,,,,,,,,empty,EMPTY,,,,,,,,,False,not_applicable,,crop_blank
fungicides_20260331.pdf,62,4,,Groundnut,,False,False,Fluxapyroxad 167 g/l + Pyraclostrobin 333 g/l SC,Tikka,numeric,BARE_NUMBER,per_ha,150.0,60.7017,,,g,150,unparseable,BARE_NUMBER,,,,,,,300,25,False,resolved,25,crop_out_of_scope
fungicides_20260331.pdf,62,6,,Coffee,,False,False,Fluxapyroxad 167 g/l + Pyraclostrobin 333 g/l SC,Coffee leaf rust,numeric,BARE_NUMBER,per_ha,150.0,60.7017,,,g,150,unparseable,BARE_NUMBER,,,,,,,500,57,False,resolved,57,crop_out_of_scope
fungicides_20260331.pdf,62,7,,Maize,,False,False,Fluxapyroxad 167 g/l + Pyraclostrobin 333 g/l SC,"Tercicum Leaf  blight, Common  rust",numeric,BARE_NUMBER,per_ha,150.0,60.7017,,,g,150,unparseable,BARE_NUMBER,,,,,,,300,41,False,resolved,41,crop_out_of_scope
fungicides_20260331.pdf,62,8,,Wheat,,False,False,Fluxapyroxad 167 g/l + Pyraclostrobin 333 g/l SC,Rust,numeric,BARE_NUMBER,per_ha,150.0,60.7017,,,g,150,unparseable,BARE_NUMBER,,,,,,,300,55,False,resolved,55,crop_out_of_scope
fungicides_20260331.pdf,62,9,,Cumin,,False,False,Fluxapyroxad 167 g/l + Pyraclostrobin 333 g/l SC,Alternaria blight  Powdery Mildew,numeric,NUM_UNIT,per_ha,150.0,60.7017,,,g,150 g,unparseable,BARE_NUMBER,,,,,,,300,16,False,resolved,16,crop_out_of_scope
fungicides_20260331.pdf,62,10,,Banana,,False,False,Fluxapyroxad 167 g/l + Pyraclostrobin 333 g/l SC,Sigatoka,numeric,NUM_UNIT,per_ha,150.0,60.7017,,,g,150 g,unparseable,BARE_NUMBER,,,,,,,300,10,False,resolved,10,crop_out_of_scope
fungicides_20260331.pdf,62,11,,,,False,False,Hexaconazole 4% + Carbendazim 16% SC,,empty,EMPTY,,,,,,,,empty,EMPTY,,,,,,,,,False,not_applicable,,crop_blank
fungicides_20260331.pdf,62,12,,Paddy (Rice),,False,False,Hexaconazole 4% + Carbendazim 16% SC,"Sheath blight,  and Blast",free_text,COMPOUND,free_text,,,,,,(30+120),unparseable,BARE_NUMBER,,,,,,,750,40,False,resolved,40,crop_out_of_scope
fungicides_20260331.pdf,62,14,,,,False,False,Hexaconazole 5.0% + Validamycin 2.50% SC,,empty,EMPTY,,,,,,,,empty,EMPTY,,,,,,,,,False,not_applicable,,crop_blank
fungicides_20260331.pdf,62,15,,Paddy (Rice),,False,False,Hexaconazole 5.0% + Validamycin 2.50% SC,Blast &Sheath  blight,free_text,COMPOUND,free_text,,,,,,50+25,unparseable,BARE_NUMBER,,,,,,,1000,22,False,resolved,22,crop_out_of_scope
fungicides_20260331.pdf,62,16,,,,False,False,Hexaconazole 4% + Zineb 68% WP,,empty,EMPTY,,,,,,,,empty,EMPTY,,,,,,,,,False,not_applicable,,crop_blank
fungicides_20260331.pdf,62,17,,Paddy (Rice),,False,False,Hexaconazole 4% + Zineb 68% WP,"Sheath Blight,  Brown Spot,  Blast , Grain  discoloration",free_text,COMPOUND,free_text,,,,,,(40+680) to (50+850),unparseable,BARE_RANGE,,,,,,,1000-1250,34,False,resolved,34,crop_out_of_scope
fungicides_20260331.pdf,62,18,,Tea,,False,False,Hexaconazole 4% + Zineb 68% WP,"Black Rot , Grey  blight, Blister  Blight",free_text,COMPOUND,free_text,,,,,,25+425 gm,unparseable,BARE_NUMBER,,,,,,,625,7,False,resolved,7,crop_out_of_scope
fungicides_20260331.pdf,63,0,,Apple,,False,False,Hexaconazole 4% + Zineb 68% WP,"Scab, Premature  leaf fall,  Alternaria leaf  spot/blight,  Powdery mildew,  Core rot",free_text,COMPOUND,free_text,,,,,,200+3400,numeric,PCT_WITH_EQUIV,concentration_pct,0.25,,,,%,0.25% or 25  gm/10 lit.  water,30,False,resolved,30,crop_out_of_scope
fungicides_20260331.pdf,63,1,,,,False,False,Imidacloprid 18.5% + Hexaconazole 1.5% FS,,empty,EMPTY,,,,,,,,empty,EMPTY,,,,,,,,,False,not_applicable,,crop_blank
fungicides_20260331.pdf,63,2,,Groundnut,,False,False,Imidacloprid 18.5% + Hexaconazole 1.5% FS,"Collar rot,  Stem rot,  Tikka leaf  spot, Rust",unparseable,DEFECT_RATIO_OR_INEQUALITY,,,,,,,37:3,unparseable,BARE_NUMBER,,,,,,,200,,True,not_applicable,This  is  used  as  seed  dresse r,crop_out_of_scope
fungicides_20260331.pdf,63,3,,Wheat,,False,False,Imidacloprid 18.5% + Hexaconazole 1.5% FS,"Smut, Rust,  Termites,  Aphids",unparseable,DEFECT_RATIO_OR_INEQUALITY,,,,,,,37:3,unparseable,BARE_NUMBER,,,,,,,200,,True,not_applicable,This is  used  as  seed  dresser .,crop_out_of_scope
fungicides_20260331.pdf,63,4,,,,False,False,Inpyrfluxam 6% + Tebuconazole 20% w/v SC,,empty,EMPTY,,,,,,,,empty,EMPTY,,,,,,,,,False,not_applicable,,crop_blank
fungicides_20260331.pdf,63,5,,Rice,,False,False,Inpyrfluxam 6% + Tebuconazole 20% w/v SC,"Sheath blight  (Rhizoctonia  solani), Leaf blast  (Pyricularia  oryzae)",free_text,COMPOUND,free_text,,,,,,130 g a.i. (30+100),unparseable,BARE_NUMBER,,,,,,,500,25,False,resolved,25,crop_out_of_scope
fungicides_20260331.pdf,63,6,,,,False,False,Ipflufenoquin 20% W/V SC (18.30% w/w),,empty,EMPTY,,,,,,,,empty,EMPTY,,,,,,,,,False,not_applicable,,crop_blank
fungicides_20260331.pdf,63,7,,Transplanted  Paddy,,False,False,Ipflufenoquin 20% W/V SC (18.30% w/w),Leaf blast & Neck  blast  (Magnaporthe  oryzae),numeric,BARE_RANGE,per_ha,50.0,20.2339,60.0,24.2807,g,50-60,unparseable,BARE_RANGE,,,,,,,250-300,28,False,resolved,28,crop_out_of_scope
fungicides_20260331.pdf,63,8,,,,False,False,Ipflufenoquin 10% + Azoxystrobin 22.5% WG,,empty,EMPTY,,,,,,,,empty,EMPTY,,,,,,,,,False,not_applicable,,crop_blank
fungicides_20260331.pdf,63,9,,Paddy,,False,False,Ipflufenoquin 10% + Azoxystrobin 22.5% WG,Leaf & Neck Blast  (pyricularia  oryzae) & grain  discolouration,free_text,COMPOUND,free_text,,,,,,35+78.75,unparseable,BARE_NUMBER,,,,,,,350,34,False,resolved,34,crop_out_of_scope
fungicides_20260331.pdf,63,10,,,,False,False,Iprodione25%+ Carbendazim25%WP,,empty,EMPTY,,,,,,,,empty,EMPTY,,,,,,,,,False,not_applicable,,crop_blank
fungicides_20260331.pdf,63,11,,Rice (Paddy),,False,False,Iprodione25%+ Carbendazim25%WP,"Sheath  blight, Blast",numeric,NUM_UNIT,per_ha,250.0,101.1695,,,g,250gm,numeric,NUM_UNIT,per_ha,500.0,202.339,,,g,500gm,30,False,resolved,30,crop_out_of_scope
fungicides_20260331.pdf,63,12,,,,False,False,Iprovalicarb 5.5% + Propineb 61.25% WP,,empty,EMPTY,,,,,,,,empty,EMPTY,,,,,,,,,False,not_applicable,,crop_blank
fungicides_20260331.pdf,63,13,,Potato,,False,False,Iprovalicarb 5.5% + Propineb 61.25% WP,Late Blight,free_text,COMPOUND,free_text,,,,,,110g + 1225 g,numeric,NUM_UNIT,per_ha,2.0,0.8094,,,kg,2.0 Kg,26,False,resolved,26,crop_out_of_scope
fungicides_20260331.pdf,64,2,,,,False,False,ISOPROTHIOLANE 15% + TRIFLOXYSTROBIN 2.5% + PYMETROZINE 7.5% SE,,empty,EMPTY,,,,,,,,empty,EMPTY,,,,,,,,,False,not_applicable,,crop_blank
fungicides_20260331.pdf,64,3,,Paddy,,False,False,ISOPROTHIOLANE 15% + TRIFLOXYSTROBIN 2.5% + PYMETROZINE 7.5% SE,"Sheath blight, Blast  (leaf and neck),  Brown plant  hopper, green leaf  hopper",free_text,COMPOUND,free_text,,,,,,300 + 50 + 150,unparseable,BARE_NUMBER,,,,,,,2000,32,False,resolved,32,crop_out_of_scope
fungicides_20260331.pdf,64,4,,,,False,False,Isopyrazam 11.16% w/w + Azoxystrobin 17.86% w/w SC,,empty,EMPTY,,,,,,,,empty,EMPTY,,,,,,,,,False,not_applicable,,crop_blank
fungicides_20260331.pdf,64,5,,Rice,,False,False,Isopyrazam 11.16% w/w + Azoxystrobin 17.86% w/w SC,Sheath Bight  (Rhizoctonia solani);  Brown Leaf Spot  (Helminthosporium  oryzae); Dirty  Panicle complex,free_text,COMPOUND,free_text,,,,,,130 (50+80),unparseable,BARE_NUMBER,,,,,,,400,39,False,resolved,39,crop_out_of_scope
fungicides_20260331.pdf,64,6,,,,False,False,Isopyrazam 11.5% w/w + Difenoconazole 11.5% w/w SC,,empty,EMPTY,,,,,,,,empty,EMPTY,,,,,,,,,False,not_applicable,,crop_blank
fungicides_20260331.pdf,64,7,,Rice,,False,False,Isopyrazam 11.5% w/w + Difenoconazole 11.5% w/w SC,"Sheath Blight  (Rhizoctonia  solani, Brown  Leaf Spot  (Helminthosporiu m oryzae)",free_text,COMPOUND,free_text,,,,,,100 (50+50),unparseable,BARE_NUMBER,,,,,,,400,30,False,resolved,30,crop_out_of_scope
fungicides_20260331.pdf,64,8,,,,False,False,Kasugamycin 5% + copper oxychloride 45% WP,,empty,EMPTY,,,,,,,,empty,EMPTY,,,,,,,,,False,not_applicable,,crop_blank
fungicides_20260331.pdf,64,10,,Rice (Paddy),,False,False,Kasugamycin 5% + copper oxychloride 45% WP,"Leaf blast, Neck  blast",numeric,BARE_NUMBER,per_ha,350.0,141.6373,,,g,350,unparseable,BARE_NUMBER,,,,,,,700,26,False,resolved,26  days,crop_out_of_scope
fungicides_20260331.pdf,64,12,,,,False,False,Kasugamycin 6 % + Thifluzamide 26% SC w/v,,empty,EMPTY,,,,,,,,empty,EMPTY,,,,,,,,,False,not_applicable,,crop_blank
fungicides_20260331.pdf,64,13,,Paddy,,False,False,Kasugamycin 6 % + Thifluzamide 26% SC w/v,Blast & Sheath  blight,free_text,COMPOUND,free_text,,,,,,18 + 78  --  20.70 + 89.70,unparseable,BARE_RANGE,,,,,,,300 - 345,17,False,resolved,17,crop_out_of_scope
fungicides_20260331.pdf,64,14,,,,False,False,Kasugamycin 1% + Tebuconazole 14% + Kresoxim methyl 20% w/w SC,,empty,EMPTY,,,,,,,,empty,EMPTY,,,,,,,,,False,not_applicable,,crop_blank
fungicides_20260331.pdf,65,0,,Rice,,False,False,Kasugamycin 1% + Tebuconazole 14% + Kresoxim methyl 20% w/w SC,"Leaf & Panicle  blast, Sheath blight,  Bacterial leaf blight  and Grain  discoloration",free_text,COMPOUND,free_text,,,,,,10+140+200 g.a.i./ha to  12.5+175+250 g.a.i./ha,unparseable,BARE_RANGE,,,,,,,1000-1250,30,False,resolved,30,crop_out_of_scope
fungicides_20260331.pdf,65,1,,,,False,False,Kresoxim-methyl 40% + Hexaconazole 8% WG,,empty,EMPTY,,,,,,,,empty,EMPTY,,,,,,,,,False,not_applicable,,crop_blank
fungicides_20260331.pdf,65,2,,R ice  (Paddy),,False,False,Kresoxim-methyl 40% + Hexaconazole 8% WG,"Sheath blight,  Leaf  blast, Neck  blast",unparseable,DEFECT_AI_NAME,,,,,,,Kresoxim-methyl-  200  &Hexaconazole -  40,unparseable,BARE_NUMBER,,,,,,,500,22,False,resolved,22,crop_out_of_scope
fungicides_20260331.pdf,65,3,,,,False,False,Kresoxim-methyl 15% + Chlorothalonil 56% WG,,empty,EMPTY,,,,,,,,empty,EMPTY,,,,,,,,,False,not_applicable,,crop_blank
fungicides_20260331.pdf,65,4,,Chilli,,False,False,Kresoxim-methyl 15% + Chlorothalonil 56% WG,"Powdery mildew,  Leaf spot,  Anthracnose",unparseable,DEFECT_AI_NAME,,,,,,,Kresoxim-methyl-  150 &  Chlorothalonil- 560,unparseable,BARE_NUMBER,,,,,,,1000,5,False,resolved,5,crop_out_of_scope
fungicides_20260331.pdf,65,5,,Potato,,False,False,Kresoxim-methyl 15% + Chlorothalonil 56% WG,Early blight and  Late blight,unparseable,DEFECT_AI_NAME,,,,,,,Kresoxim-methyl-  150 &  Chlorothalonil- 560,unparseable,BARE_NUMBER,,,,,,,1000,23,False,resolved,23,crop_out_of_scope
fungicides_20260331.pdf,65,6,,Cumin,,False,False,Kresoxim-methyl 15% + Chlorothalonil 56% WG,Alternaria blight  and Powdery  mildew,free_text,COMPOUND,free_text,,,,,,187.5 + 700,unparseable,BARE_NUMBER,,,,,,,1250,31,False,resolved,31,crop_out_of_scope
fungicides_20260331.pdf,65,7,,,,False,False,Kresoxim-methyl 18% + Mancozeb 54% WP,,empty,EMPTY,,,,,,,,empty,EMPTY,,,,,,,,,False,not_applicable,,crop_blank
fungicides_20260331.pdf,65,10,,,,False,False,Mandipropamid 5% w/w + Mancozeb 60 % w/w WG,,empty,EMPTY,,,,,,,,empty,EMPTY,,,,,,,,,False,not_applicable,,crop_blank
fungicides_20260331.pdf,65,11,,Cucumber,,False,False,Mandipropamid 5% w/w + Mancozeb 60 % w/w WG,"Leaf spot, Downy  mildew",numeric,BARE_NUMBER,per_ha,1.63,0.6596,,,g,1.63,unparseable,BARE_NUMBER,,,,,,,2.5,5,False,resolved,5,crop_out_of_scope
fungicides_20260331.pdf,65,12,,,,False,False,Mancozeb 63% + Carbendazim 12% WS,,empty,EMPTY,,,,,,,,empty,EMPTY,,,,,,,,,False,not_applicable,,crop_blank
fungicides_20260331.pdf,65,13,,Groundnut,,False,False,Mancozeb 63% + Carbendazim 12% WS,"Tikka leaf spot,  collar rot, dry root  rot",numeric,BARE_NUMBER,per_ha,1.88,0.7608,,,g,1.88,unparseable,BARE_NUMBER,,,,,,,2.5,,False,not_applicable,----,crop_out_of_scope
fungicides_20260331.pdf,65,14,,,,False,False,Mancozeb 62.5% + Chlorothalonil 12.5% WG,,empty,EMPTY,,,,,,,,empty,EMPTY,,,,,,,,,False,not_applicable,,crop_blank
fungicides_20260331.pdf,66,0,,Potato,,False,False,Mancozeb 62.5% + Chlorothalonil 12.5% WG,Early blight and  Late blight,free_text,COMPOUND,free_text,,,,,,2178.75+1093.75,unparseable,BARE_NUMBER,,,,,,,1750,35,False,resolved,35,crop_out_of_scope
fungicides_20260331.pdf,66,1,,,,False,False,Mancozeb 40% +  Azoxystrobin 7% OS,,empty,EMPTY,,,,,,,,empty,EMPTY,,,,,,,,,False,not_applicable,,crop_blank
fungicides_20260331.pdf,66,3,,,,False,False,Mancozeb 69.7% + Cyazofamid 5.3 % WG,,empty,EMPTY,,,,,,,,empty,EMPTY,,,,,,,,,False,not_applicable,,crop_blank
fungicides_20260331.pdf,66,5,,Potato,,False,False,Mancozeb 69.7% + Cyazofamid 5.3 % WG,Late Blight,free_text,COMPOUND,free_text,,,,,,1045.50+79.50,unparseable,BARE_NUMBER,,,,,,,1500,36,False,resolved,36,crop_out_of_scope
fungicides_20260331.pdf,66,7,,,,False,False,Mancozeb 52.6% + Hexaconazole 2.4% WG,,empty,EMPTY,,,,,,,,empty,EMPTY,,,,,,,,,False,not_applicable,,crop_blank
fungicides_20260331.pdf,66,8,,Paddy,,False,False,Mancozeb 52.6% + Hexaconazole 2.4% WG,"Blast, Sheath  blight, Brown  spot, Dirty  panicle disease",free_text,COMPOUND,free_text,,,,,,1052+48,unparseable,BARE_NUMBER,,,,,,,2000,33,False,resolved,33,crop_out_of_scope
fungicides_20260331.pdf,66,9,,Chilli,,False,False,Mancozeb 52.6% + Hexaconazole 2.4% WG,Powdery mildew  and Fruit rot,free_text,COMPOUND,free_text,,,,,,1052+48,unparseable,BARE_NUMBER,,,,,,,2000,10,False,resolved,10,crop_out_of_scope
fungicides_20260331.pdf,66,10,,Apple,,False,False,Mancozeb 52.6% + Hexaconazole 2.4% WG,Powdery mildew  and Marssonina  blotch,free_text,COMPOUND,free_text,,,,,,0.1052+0.0048,numeric,PCT_SINGLE,concentration_pct,0.2,,,,%,0.20%,20,False,resolved,20,crop_out_of_scope
fungicides_20260331.pdf,66,11,,,,False,False,Mancozeb 68% + Hexaconazole 4% w/w WG,,empty,EMPTY,,,,,,,,empty,EMPTY,,,,,,,,,False,not_applicable,,crop_blank
fungicides_20260331.pdf,66,12,,Rice,,False,False,Mancozeb 68% + Hexaconazole 4% w/w WG,"Blast, Sheath  Blight, Brown  spot, Grain  discoloration",free_text,COMPOUND,free_text,,,,,,850 g + 50g,numeric,NUM_UNIT,per_ha,1250.0,505.8476,,,g,1250 g,30,False,resolved,30,crop_out_of_scope
fungicides_20260331.pdf,66,13,,,,False,False,Mancozeb 40% + Tebuconazole 1 % WS,,empty,EMPTY,,,,,,,,empty,EMPTY,,,,,,,,,False,not_applicable,,crop_blank
fungicides_20260331.pdf,66,14,,Groundnut,,False,False,Mancozeb 40% + Tebuconazole 1 % WS,Collar rot,free_text,COMPOUND,free_text,,,,,,8 to 10 +0.20 to  0.25,numeric,PER_N_KG_SEED,per_kg_seed,2.0,,2.5,,g,20-25 g/10 kg  seed,,False,not_applicable,-,crop_out_of_scope
fungicides_20260331.pdf,66,15,,,,False,False,Mancozeb 50% +  Thiophanate methyl 25%WG,,empty,EMPTY,,,,,,,,empty,EMPTY,,,,,,,,,False,not_applicable,,crop_blank
fungicides_20260331.pdf,66,16,,Rice (Paddy),,False,False,Mancozeb 50% +  Thiophanate methyl 25%WG,Sheath blight  and Brown leaf  spot,free_text,COMPOUND,free_text,,,,,,750 + 375,unparseable,BARE_NUMBER,,,,,,,1500,34,False,resolved,34,crop_out_of_scope
fungicides_20260331.pdf,66,17,,Groundnut,,False,False,Mancozeb 50% +  Thiophanate methyl 25%WG,Tikka leaf spot,free_text,COMPOUND,free_text,,,,,,750 + 375,unparseable,BARE_NUMBER,,,,,,,1500,24,False,resolved,24,crop_out_of_scope
fungicides_20260331.pdf,66,18,,Chilli,,False,False,Mancozeb 50% +  Thiophanate methyl 25%WG,"leaf spot, Fruit rot  and  Powdery  mildew",free_text,COMPOUND,free_text,,,,,,750 + 375,unparseable,BARE_NUMBER,,,,,,,1500,10,False,resolved,10,crop_out_of_scope
fungicides_20260331.pdf,66,19,,,,False,False,Mancozeb 64% + Thiophanate Methyl 12% WP,,empty,EMPTY,,,,,,,,empty,EMPTY,,,,,,,,,False,not_applicable,,crop_blank
fungicides_20260331.pdf,67,1,,,,False,False,Mefentrifluconazole 133 g/l + Fluxapyroxad 89 g/l + Pyraclostrobin 178 g/l SC,,empty,EMPTY,,,,,,,,empty,EMPTY,,,,,,,,,False,not_applicable,,crop_blank
fungicides_20260331.pdf,67,2,,Groundnut,,False,False,Mefentrifluconazole 133 g/l + Fluxapyroxad 89 g/l + Pyraclostrobin 178 g/l SC,Rust  & Tikka,numeric,BARE_NUMBER,per_ha,250.0,101.1695,,,g,250,unparseable,BARE_NUMBER,,,,,,,625,37,False,resolved,37,crop_out_of_scope
fungicides_20260331.pdf,67,3,,Groundnut,,False,False,Mefentrifluconazole 133 g/l + Fluxapyroxad 89 g/l + Pyraclostrobin 178 g/l SC,leaf spot,empty,EMPTY,,,,,,,,empty,EMPTY,,,,,,,,,False,not_applicable,,crop_out_of_scope
fungicides_20260331.pdf,67,5,,,,False,False,Mefentrifluconazole 200g/l + Pyraclostrobin 200g/l SC,,empty,EMPTY,,,,,,,,empty,EMPTY,,,,,,,,,False,not_applicable,,crop_blank
fungicides_20260331.pdf,67,8,,Corn,,False,False,Mefentrifluconazole 200g/l + Pyraclostrobin 200g/l SC,"Northern leaf blight,  Southern leaf blight",numeric,BARE_RANGE,per_ha,160.0,64.7485,200.0,80.9356,g,160-200,numeric,RANGE_UNIT,per_ha,400.0,161.8712,500.0,202.339,ml,400-500 ml,48,False,resolved,48,crop_out_of_scope
fungicides_20260331.pdf,67,9,,Chilli,,False,False,Mefentrifluconazole 200g/l + Pyraclostrobin 200g/l SC,"Anthracnose, and  Chenophora blight",numeric,BARE_RANGE,per_ha,160.0,64.7485,200.0,80.9356,g,160-200,numeric,RANGE_UNIT,per_ha,400.0,161.8712,500.0,202.339,ml,400-500 ml,7,False,resolved,07,crop_out_of_scope
fungicides_20260331.pdf,67,10,,Groundnut,,False,False,Mefentrifluconazole 200g/l + Pyraclostrobin 200g/l SC,Tikka Leaf spot and  Rust,numeric,BARE_RANGE,per_ha,160.0,64.7485,200.0,80.9356,g,160-200,numeric,RANGE_UNIT,per_ha,400.0,161.8712,500.0,202.339,ml,400-500 ml,12,False,resolved,12,crop_out_of_scope
fungicides_20260331.pdf,67,12,,,,False,False,Mefentrifluconazole 200g/l +Fluxapyroxad 200 g/l SC,,empty,EMPTY,,,,,,,,empty,EMPTY,,,,,,,,,False,not_applicable,,crop_blank
fungicides_20260331.pdf,67,13,,Rice,,False,False,Mefentrifluconazole 200g/l +Fluxapyroxad 200 g/l SC,Sheath blight and  Dirty panicle,numeric,BARE_NUMBER,per_ha,120.0,48.5614,,,g,120,unparseable,BARE_NUMBER,,,,,,,300,15,False,resolved,15,crop_out_of_scope
fungicides_20260331.pdf,67,14,,,,False,False,MetalaxylM 4%+ Mancozeb 64%WP,,empty,EMPTY,,,,,,,,empty,EMPTY,,,,,,,,,False,not_applicable,,crop_blank
fungicides_20260331.pdf,67,16,,Potato,,False,False,MetalaxylM 4%+ Mancozeb 64%WP,Late blight,numeric,PCT_WITH_EQUIV,concentration_pct,0.17,,,,%,0.17%or  1700 gm,numeric,PCT_WITH_EQUIV,concentration_pct,0.25,,,,%,0.25%or  2500gm,24,False,resolved,24,crop_out_of_scope
fungicides_20260331.pdf,67,17,,Black  pepper,,False,False,MetalaxylM 4%+ Mancozeb 64%WP,Phytophthora  Foot rot,numeric,PCT_WITH_EQUIV,concentration_pct,0.17,,,,%,0.17%or  1700gm,numeric,PCT_WITH_EQUIV,concentration_pct,0.25,,,,%,0.25%or25  00gm,147,False,resolved,Not  less  than  21  weeks,crop_out_of_scope
fungicides_20260331.pdf,67,18,,Mustard,,False,False,MetalaxylM 4%+ Mancozeb 64%WP,"Downy mildew,  White rust",numeric,PCT_WITH_EQUIV,concentration_pct,0.17,,,,%,0.17%or  1700gm,numeric,PCT_WITH_EQUIV,concentration_pct,0.25,,,,%,0.25% or  2500gm,60,False,resolved,60,crop_out_of_scope
fungicides_20260331.pdf,67,19,,Chilli-  nursery (soil  drenching),soil_drench,False,False,MetalaxylM 4%+ Mancozeb 64%WP,Damping off,numeric,PCT_WITH_EQUIV,concentration_pct,0.2,,,,%,0.20% or 2 g a.i./L  water,numeric,PCT_WITH_EQUIV,concentration_pct,0.3,,,,%,0.30% or  3 g /L  water,53,False,resolved,53,crop_out_of_scope
fungicides_20260331.pdf,68,1,,,,False,False,Metalaxyl M 3.3%+ Chlorothalonil 33.1% SC,,empty,EMPTY,,,,,,,,empty,EMPTY,,,,,,,,,False,not_applicable,,crop_blank
fungicides_20260331.pdf,68,2,,Potato,,False,False,Metalaxyl M 3.3%+ Chlorothalonil 33.1% SC,Late blight,numeric,PCT_WITH_EQUIV,concentration_pct,0.073,,,,%,0.073% or 364 g,numeric,PCT_WITH_EQUIV,concentration_pct,0.2,,,,%,0.2% or 1000  ml,34,False,resolved,34,crop_out_of_scope
fungicides_20260331.pdf,68,4,,Citrus (Soil  drench),soil_drench,False,False,Metalaxyl M 3.3%+ Chlorothalonil 33.1% SC,"Phytopthora  disease viz, Foot  rot/gummosis,  Root rot, Crown  rot, Leaf fall and  Brown rot",numeric,PER_N_LITRE,per_litre_water,0.728,,,,g,72.8 g a.i./100 lit  water,numeric,PER_N_LITRE,per_litre_water,2.0,,,,ml,200 ml/100 lit  water,51,False,resolved,51,crop_out_of_scope
fungicides_20260331.pdf,68,5,,Ginger (Soil  drench),soil_drench,False,False,Metalaxyl M 3.3%+ Chlorothalonil 33.1% SC,Rhizome  rot,numeric,PER_N_LITRE,per_litre_water,0.728,,,,g,72.8 g a.i./100 lit  water,free_text,MULTI_BASIS,free_text,,,,,,200 ml/100 lit  water or 2000  ml/ha,193,False,resolved,193,crop_out_of_scope
fungicides_20260331.pdf,68,7,,,,False,False,Metalaxyl M 3.9% + Mancozeb 64% WG,,empty,EMPTY,,,,,,,,empty,EMPTY,,,,,,,,,False,not_applicable,,crop_blank
fungicides_20260331.pdf,68,9,,Potato,,False,False,Metalaxyl M 3.9% + Mancozeb 64% WG,Early blight and  Late blight,numeric,BARE_NUMBER,per_ha,1697.5,686.941,,,g,1697.5,unparseable,BARE_NUMBER,,,,,,,2500,32,False,resolved,32,crop_out_of_scope
fungicides_20260331.pdf,68,10,,,,False,False,Metalaxy l8%+ Mancozeb 64%WP,,empty,EMPTY,,,,,,,,empty,EMPTY,,,,,,,,,False,not_applicable,,crop_blank
fungicides_20260331.pdf,68,12,,Tobacco  Nursery,nursery,False,False,Metalaxy l8%+ Mancozeb 64%WP,Damping off,numeric,PCT_EQUIV_FIRST,concentration_pct,0.072,,,,%,3600gor  0.072%,numeric,PCT_EQUIV_FIRST,concentration_pct,0.1,,,,%,5000gor  0.1%,49,False,resolved,Not  less  than7  weeks,crop_out_of_scope
fungicides_20260331.pdf,69,0,,Tobacco  Nursery,nursery,False,False,Metalaxy l8%+ Mancozeb 64%WP,Leaf blight/  Black Shank  (Soil drench at  sowing and  sprayat30days after  sowing),numeric,PCT_EQUIV_FIRST,concentration_pct,0.14,,,,%,1440gor  0.14%,numeric,PCT_EQUIV_FIRST,concentration_pct,0.2,,,,%,2000gor  0.2%,49,False,resolved,Not  less  than7  weeks,crop_out_of_scope
fungicides_20260331.pdf,69,1,,Potato,,False,False,Metalaxy l8%+ Mancozeb 64%WP,Late blight,numeric,PCT_EQUIV_FIRST,concentration_pct,0.18,,,,%,1800gm  or0.18%,numeric,PCT_EQUIV_FIRST,concentration_pct,0.25,,,,%,2500gmor  0.25%,49,False,resolved,Not  less  than7  weeks,crop_out_of_scope
fungicides_20260331.pdf,69,2,,Mustard,,False,False,Metalaxy l8%+ Mancozeb 64%WP,White rust and  Alternaria blight,numeric,PCT_EQUIV_FIRST,concentration_pct,0.18,,,,%,1800gm or0.18%,numeric,PCT_EQUIV_FIRST,concentration_pct,0.25,,,,%,2500gmor  0.25%,56,False,resolved,Not less  than8  weeks,crop_out_of_scope
fungicides_20260331.pdf,69,3,,Mustard,,False,False,Metalaxy l8%+ Mancozeb 64%WP,Black Pepper  Phytophthora foot  rot,free_text,PCT_WITH_FOREIGN_BASIS,free_text,,,,,,1.8ga.i/vine  or0.09%,free_text,PCT_WITH_FOREIGN_BASIS,free_text,,,,,,2.5gm/vine  or0.125%,147,False,resolved,Not  less  than21  weeks,crop_out_of_scope
fungicides_20260331.pdf,69,4,,Pearlmillet,,False,False,Metalaxy l8%+ Mancozeb 64%WP,Downy mildew,numeric,PCT_EQUIV_FIRST,concentration_pct,0.28,,,,%,1440gm  or0.28%,numeric,PCT_EQUIV_FIRST,concentration_pct,0.4,,,,%,2000gmor  0.4%,49,False,resolved,Not  less  than7  weeks,crop_out_of_scope
fungicides_20260331.pdf,69,5,,,,False,False,Metiram 44% + Dimethomorph 9% WG,,empty,EMPTY,,,,,,,,empty,EMPTY,,,,,,,,,False,not_applicable,,crop_blank
fungicides_20260331.pdf,69,7,,Cucumber,,False,False,Metiram 44% + Dimethomorph 9% WG,Downy mildew,numeric,BARE_NUMBER,per_ha,1325.0,536.1985,,,g,1325,unparseable,BARE_NUMBER,,,,,,,2500,24,False,resolved,24,crop_out_of_scope
fungicides_20260331.pdf,69,8,,Potato,,False,False,Metiram 44% + Dimethomorph 9% WG,Late blight,numeric,BARE_NUMBER,per_ha,1325.0,536.1985,,,g,1325,unparseable,BARE_NUMBER,,,,,,,2500,11,False,resolved,11,crop_out_of_scope
fungicides_20260331.pdf,69,10,,,,False,False,Metiram 55% + Pyraclostrobin 5% WG,,empty,EMPTY,,,,,,,,empty,EMPTY,,,,,,,,,False,not_applicable,,crop_blank
fungicides_20260331.pdf,69,12,,Potato,,False,False,Metiram 55% + Pyraclostrobin 5% WG,Late blight,numeric,BARE_RANGE,per_ha,900.0,364.2103,1050.0,424.912,g,900-1050,unparseable,BARE_RANGE,,,,,,,1500-1750,15,False,resolved,15,crop_out_of_scope
fungicides_20260331.pdf,69,14,,Chilli,,False,False,Metiram 55% + Pyraclostrobin 5% WG,Anthracnose,numeric,BARE_RANGE,per_ha,900.0,364.2103,1050.0,424.912,g,900-1050,unparseable,BARE_RANGE,,,,,,,1500-1750,5,False,resolved,5,crop_out_of_scope
fungicides_20260331.pdf,69,17,,Apple,,False,False,Metiram 55% + Pyraclostrobin 5% WG,Premature leaf fall  disease & Alternaria  leaf spot and blight,numeric,PER_HA_EXPLICIT,per_ha,1050.0,424.912,,,g,1050g/ha,unparseable,BARE_NUMBER,,,,,,,1750,12,False,resolved,12,crop_out_of_scope
fungicides_20260331.pdf,69,19,,Blackgram,,False,False,Metiram 55% + Pyraclostrobin 5% WG,Leafspot disease,numeric,BARE_RANGE,per_ha,900.0,364.2103,1050.0,424.912,g,900-1050,unparseable,BARE_RANGE,,,,,,,1500-1750,32,False,resolved,32,crop_out_of_scope
fungicides_20260331.pdf,69,20,,Cumin,,False,False,Metiram 55% + Pyraclostrobin 5% WG,Alternaria blight &  Powdery mildew,numeric,BARE_RANGE,per_ha,900.0,364.2103,1050.0,424.912,g,900-1050,unparseable,BARE_RANGE,,,,,,,1500-1750,20,False,resolved,20,crop_out_of_scope
fungicides_20260331.pdf,70,0,,Greengram,,False,False,Metiram 55% + Pyraclostrobin 5% WG,Cercospora leaf spot,numeric,BARE_RANGE,per_ha,900.0,364.2103,1050.0,424.912,g,900-1050,unparseable,BARE_RANGE,,,,,,,1500-1750,18,False,resolved,18,crop_out_of_scope
fungicides_20260331.pdf,70,1,,Groundnut,,False,False,Metiram 55% + Pyraclostrobin 5% WG,Tikka disease,numeric,BARE_RANGE,per_ha,900.0,364.2103,1050.0,424.912,g,900-1050,unparseable,BARE_RANGE,,,,,,,1500-1750,42,False,resolved,42,crop_out_of_scope
fungicides_20260331.pdf,70,2,,Banana,,False,False,Metiram 55% + Pyraclostrobin 5% WG,Sigatoka leaf spot  disease,numeric,BARE_RANGE,per_ha,900.0,364.2103,1050.0,424.912,g,900-1050,unparseable,BARE_RANGE,,,,,,,1500-1750,85,False,resolved,85,crop_out_of_scope
fungicides_20260331.pdf,70,3,,Cucumber,,False,False,Metiram 55% + Pyraclostrobin 5% WG,Downy mildew  disease,numeric,BARE_RANGE,per_ha,900.0,364.2103,1050.0,424.912,g,900-1050,unparseable,BARE_RANGE,,,,,,,1500-1750,5,False,resolved,5,crop_out_of_scope
fungicides_20260331.pdf,70,4,,Bitter gourd,,False,False,Metiram 55% + Pyraclostrobin 5% WG,Downy mildew  disease,numeric,BARE_RANGE,per_ha,900.0,364.2103,1050.0,424.912,g,900-1050,unparseable,BARE_RANGE,,,,,,,1500-1750,5,False,resolved,5,crop_out_of_scope
fungicides_20260331.pdf,70,5,,,,False,False,Oxathiapiprolin 4.61% w/w + Amisulbrom 23.08% w/w SE,,empty,EMPTY,,,,,,,,empty,EMPTY,,,,,,,,,False,not_applicable,,crop_blank
fungicides_20260331.pdf,70,6,,Potato,,False,False,Oxathiapiprolin 4.61% w/w + Amisulbrom 23.08% w/w SE,Late Blight,free_text,COMPOUND,free_text,,,,,,90 (15+75),unparseable,BARE_NUMBER,,,,,,,312.5,43,False,resolved,43,crop_out_of_scope
fungicides_20260331.pdf,70,8,,,,False,False,Oxathiapiprolin 1.4% w/w + Azoxystrobin 14.46% w/w SC,,empty,EMPTY,,,,,,,,empty,EMPTY,,,,,,,,,False,not_applicable,,crop_blank
fungicides_20260331.pdf,70,10,,Cucumber,,False,False,Oxathiapiprolin 1.4% w/w + Azoxystrobin 14.46% w/w SC,"Downy Mildew, Powdery  Mildew  and  Alternaria  Leaf Spots",free_text,COMPOUND,free_text,,,,,,136 (12 + 124)  –  153 (13.5 + 139.5),unparseable,BARE_RANGE,,,,,,,800-900,10,False,resolved,10,crop_out_of_scope
fungicides_20260331.pdf,70,11,,,,False,False,Oxathiapiprolin 0.6% + Mancozeb 60% w/w WG,,empty,EMPTY,,,,,,,,empty,EMPTY,,,,,,,,,False,not_applicable,,crop_blank
fungicides_20260331.pdf,70,13,,Potato,,False,False,Oxathiapiprolin 0.6% + Mancozeb 60% w/w WG,Late Blight  (Phytophthora  infestans),numeric,BARE_NUMBER,per_ha,1515.0,613.0873,,,g,1515,unparseable,BARE_NUMBER,,,,,,,2500,20,False,resolved,20,crop_out_of_scope
fungicides_20260331.pdf,70,15,,,,False,False,Oxathiapiprolin 2.77% w/w + Mandipropamid 23.08% w/w SC,,empty,EMPTY,,,,,,,,empty,EMPTY,,,,,,,,,False,not_applicable,,crop_blank
fungicides_20260331.pdf,71,1,,,,False,False,Penflufen 8.26% w/w +Tebuconazole 16.51% SC,,empty,EMPTY,,,,,,,,empty,EMPTY,,,,,,,,,False,not_applicable,,crop_blank
fungicides_20260331.pdf,71,2,,Rice,,False,False,Penflufen 8.26% w/w +Tebuconazole 16.51% SC,Sheath Blight  and Brown spot,free_text,COMPOUND,free_text,,,,,,72+144 to 90+180,unparseable,BARE_RANGE,,,,,,,800 to 1000,56,False,resolved,56,crop_out_of_scope
fungicides_20260331.pdf,71,3,,,,False,False,Penflufen 13.28% w/w + Trifloxystrobin 13.28% w/w FS,,empty,EMPTY,,,,,,,,empty,EMPTY,,,,,,,,,False,not_applicable,,crop_blank
fungicides_20260331.pdf,71,4,,Groundnut,,False,False,Penflufen 13.28% w/w + Trifloxystrobin 13.28% w/w FS,Seed  and  Seedling  rot  disease,free_text,COMPOUND,free_text,,,,,,12.32+12.32-  15.4+15.4,unparseable,BARE_RANGE,,,,,,,80 – 100,,False,not_applicable,,crop_out_of_scope
fungicides_20260331.pdf,72,1,,,,False,False,Picoxystrobin 7.05% + Propiconazole 11.7% SC,,empty,EMPTY,,,,,,,,empty,EMPTY,,,,,,,,,False,not_applicable,,crop_blank
fungicides_20260331.pdf,72,2,,Paddy  (Rice),,False,False,Picoxystrobin 7.05% + Propiconazole 11.7% SC,"Sheath blight,  (Rhizoctonia  solani)  False smut,  (Ustilaginoidea  virens)  Dirty Panicle",numeric,BARE_NUMBER,per_ha,200.0,80.9356,,,g,200,unparseable,BARE_NUMBER,,,,,,,1000,24,False,resolved,24,crop_out_of_scope
fungicides_20260331.pdf,72,3,,Wheat,,False,False,Picoxystrobin 7.05% + Propiconazole 11.7% SC,Yellow Rust  (Puccinia  striiformis sp.  tritici),numeric,BARE_NUMBER,per_ha,200.0,80.9356,,,g,200,unparseable,BARE_NUMBER,,,,,,,1000,52,False,resolved,52,crop_out_of_scope
fungicides_20260331.pdf,72,6,,,,False,False,Picoxystrobin 6.78% + Tricyclazole 20.33 %w/w SC,,empty,EMPTY,,,,,,,,empty,EMPTY,,,,,,,,,False,not_applicable,,crop_blank
fungicides_20260331.pdf,72,7,,Paddy (Rice),,False,False,Picoxystrobin 6.78% + Tricyclazole 20.33 %w/w SC,Leaf  Blast &  Neck Blast,numeric,BARE_NUMBER,per_ha,300.0,121.4034,,,g,300,unparseable,BARE_NUMBER,,,,,,,1000,29,False,resolved,29,crop_out_of_scope
fungicides_20260331.pdf,73,0,,Chilli,,False,False,Picoxystrobin 6.78% + Tricyclazole 20.33 %w/w SC,"Anthracnose, Wet  rot, Powdery  mildew",numeric,BARE_NUMBER,per_ha,300.0,121.4034,,,g,300,unparseable,BARE_NUMBER,,,,,,,1000,3,False,resolved,3,crop_out_of_scope
fungicides_20260331.pdf,73,1,,,,False,False,Picoxystrobin 10%+ Isoprothiolane 25% EC,,empty,EMPTY,,,,,,,,empty,EMPTY,,,,,,,,,False,not_applicable,,crop_blank
fungicides_20260331.pdf,73,2,,Paddy,,False,False,Picoxystrobin 10%+ Isoprothiolane 25% EC,Brown Leaf Spot  (Bipolaris oryzae)  and Blast  (Pyricularia  oryzae),numeric,BARE_RANGE,per_ha,350.0,141.6373,437.5,177.0467,g,350-437.5,unparseable,BARE_RANGE,,,,,,,1000-1250,39,False,resolved,39,crop_out_of_scope
fungicides_20260331.pdf,73,3,,,,False,False,Prochloraz 34.8% + Propiconazole 7.8% w/w EC,,empty,EMPTY,,,,,,,,empty,EMPTY,,,,,,,,,False,not_applicable,,crop_blank
fungicides_20260331.pdf,73,4,,Rice,,False,False,Prochloraz 34.8% + Propiconazole 7.8% w/w EC,"Grain  discoloration  (Fungal complex  i.e. Curvularia  sp., Sarocladium  oryza e, Phoma  sp.,  Microdochiumsp.,  Nigrosporasp.,  Fusarium sp.,  etc.)",free_text,COMPOUND,free_text,,,,,,400.0 + 90.0,unparseable,BARE_NUMBER,,,,,,,1000,15,False,resolved,15,crop_out_of_scope
fungicides_20260331.pdf,73,5,,Groundnut,,False,False,Prochloraz 34.8% + Propiconazole 7.8% w/w EC,"Early leaf spot  (Cercospora  arachidicola),  Late leaf spot  (Phaeoisariopsis  personata) &  Rust (Puccinia  arachidis)",free_text,COMPOUND,free_text,,,,,,300.0 + 67.5,unparseable,BARE_NUMBER,,,,,,,750,19,False,resolved,19,crop_out_of_scope
fungicides_20260331.pdf,73,6,,,,False,False,Prochloraz23.5% + Tricyclazole 20.0% w/w SE,,empty,EMPTY,,,,,,,,empty,EMPTY,,,,,,,,,False,not_applicable,,crop_blank
fungicides_20260331.pdf,73,7,,Rice,,False,False,Prochloraz23.5% + Tricyclazole 20.0% w/w SE,Blast disease,free_text,COMPOUND,free_text,,,,,,235+200,unparseable,BARE_NUMBER,,,,,,,1000,28,False,resolved,28,crop_out_of_scope
fungicides_20260331.pdf,73,8,,,,False,False,Prochloraz 24.4% + Tebuconazole 12.1% w/w EW,,empty,EMPTY,,,,,,,,empty,EMPTY,,,,,,,,,False,not_applicable,,crop_blank
fungicides_20260331.pdf,73,9,,Chilli,,False,False,Prochloraz 24.4% + Tebuconazole 12.1% w/w EW,"Fruit rot, Die- back &Powdery  mildew",free_text,COMPOUND,free_text,,,,,,267+133,unparseable,BARE_NUMBER,,,,,,,1000,5,False,resolved,5,crop_out_of_scope
fungicides_20260331.pdf,73,10,,,,False,False,Prochloraz 5.7% + Tebuconazole 1.4% w/w ES,,empty,EMPTY,,,,,,,,empty,EMPTY,,,,,,,,,False,not_applicable,,crop_blank
fungicides_20260331.pdf,74,1,,Groundnut,,False,False,Prochloraz 5.7% + Tebuconazole 1.4% w/w ES,"Stem rot  (Sclerotium rolfsii),  Collar rot  (Aspergillus niger),  Root rot  (Rhizoctonia batat  icola)",free_text,COMPOUND,free_text,,,,,,0.18+ 0.045,numeric,PER_N_KG_SEED,per_kg_seed,0.3,,,,ml,3.0 ml/10 kg  seeds,,True,not_applicable,Seed  dresser,crop_out_of_scope
fungicides_20260331.pdf,74,2,,,,False,False,Propineb 70.0% + Cymoxanil 6.0% WP,,empty,EMPTY,,,,,,,,empty,EMPTY,,,,,,,,,False,not_applicable,,crop_blank
fungicides_20260331.pdf,74,4,,Potato,,False,False,Propineb 70.0% + Cymoxanil 6.0% WP,Early and Late  Blight,free_text,COMPOUND,free_text,,,,,,1400+120 to  1575+135,unparseable,BARE_RANGE,,,,,,,2000-2250,,True,not_applicable,At the end of  harvest,crop_out_of_scope
fungicides_20260331.pdf,74,5,,,,False,False,Propiconazole 13.9% + Difenoconazole 13.9% EC,,empty,EMPTY,,,,,,,,empty,EMPTY,,,,,,,,,False,not_applicable,,crop_blank
fungicides_20260331.pdf,74,6,,Paddy,,False,False,Propiconazole 13.9% + Difenoconazole 13.9% EC,"Sheath blight,  dirty panicle",numeric,PCT_RANGE_BOTH,concentration_pct,0.02,,0.03,,%,0.02% - 0.03%,numeric,PCT_WITH_EQUIV,concentration_pct,0.07,,0.1,,%,(0.07-0.1%)  0.7-1.0ml/L,46,False,resolved,46,crop_out_of_scope
fungicides_20260331.pdf,74,7,,Black gram,,False,False,Propiconazole 13.9% + Difenoconazole 13.9% EC,Powdery Mildew  and Leaf Spot,numeric,BARE_NUMBER,per_ha,150.0,60.7017,,,g,150,unparseable,BARE_NUMBER,,,,,,,500,28,False,resolved,28,crop_out_of_scope
fungicides_20260331.pdf,74,9,,Mango,,False,False,Propiconazole 13.9% + Difenoconazole 13.9% EC,Powdery Mildew  and Anthracnose,numeric,BARE_NUMBER,per_ha,300.0,121.4034,,,g,300,unparseable,BARE_NUMBER,,,,,,,1000,10,False,resolved,10,crop_out_of_scope
fungicides_20260331.pdf,74,10,,,,False,False,Propiconazole 10.7% w/w + Tricyclazole 34.2% w/w SE,,empty,EMPTY,,,,,,,,empty,EMPTY,,,,,,,,,False,not_applicable,,crop_blank
fungicides_20260331.pdf,74,11,,P addy  (Rice),,False,False,Propiconazole 10.7% w/w + Tricyclazole 34.2% w/w SE,"Sheath blight,  Blast",numeric,BARE_RANGE,per_ha,262.5,106.228,393.75,159.342,g,262.5 to 393.75,unparseable,BARE_RANGE,,,,,,,500-700,46,False,resolved,46,crop_out_of_scope
fungicides_20260331.pdf,74,12,,,,False,False,Propiconazole 10% + Thiophanate-Methyl 42% WP,,empty,EMPTY,,,,,,,,empty,EMPTY,,,,,,,,,False,not_applicable,,crop_blank
fungicides_20260331.pdf,74,13,,Wheat,,False,False,Propiconazole 10% + Thiophanate-Methyl 42% WP,Rust-Puccinia  graminis  tritici (Brown/L eaf/Stem/Stripe) ; Powdery  mildew- Blumeria grami nis,free_text,COMPOUND,free_text,,,,,,100+420,unparseable,BARE_NUMBER,,,,,,,1000,49,False,resolved,49,crop_out_of_scope
fungicides_20260331.pdf,75,1,,,,False,False,Pydiflumetofen 13.6%w/w + Propiconazole 11.4% w/w SE,,empty,EMPTY,,,,,,,,empty,EMPTY,,,,,,,,,False,not_applicable,,crop_blank
fungicides_20260331.pdf,75,4,,Wheat,,False,False,Pydiflumetofen 13.6%w/w + Propiconazole 11.4% w/w SE,"Yellow  Rust  Powdery Mildew,",free_text,COMPOUND,free_text,,,,,,165 (90+75),unparseable,BARE_NUMBER,,,,,,,600,35,False,resolved,35,crop_out_of_scope
fungicides_20260331.pdf,75,5,,,,False,False,Pydiflumetofen 6.89% + Difenoconazole 11.49% w/w SC,,empty,EMPTY,,,,,,,,empty,EMPTY,,,,,,,,,False,not_applicable,,crop_blank
fungicides_20260331.pdf,75,7,,Chilli,,False,False,Pydiflumetofen 6.89% + Difenoconazole 11.49% w/w SC,Powdery  mildew Leaf  spot Fruit rot  Die back,free_text,COMPOUND,free_text,,,,,,100 (37.50+62.50),unparseable,BARE_NUMBER,,,,,,,500,5,False,resolved,5,crop_out_of_scope
fungicides_20260331.pdf,75,9,,Groundnut,,False,False,Pydiflumetofen 6.89% + Difenoconazole 11.49% w/w SC,"Tikka Leaf  spot, Rust",free_text,COMPOUND,free_text,,,,,,60 (22.50+37.50),unparseable,BARE_NUMBER,,,,,,,300,47,False,resolved,47,crop_out_of_scope
fungicides_20260331.pdf,75,10,,,,False,False,Pymetrozine 25.0% + Thiamethoxam 17.5% + Hexaconazole 12.5% WG,,empty,EMPTY,,,,,,,,empty,EMPTY,,,,,,,,,False,not_applicable,,crop_blank
fungicides_20260331.pdf,76,0,,Paddy,,False,False,Pymetrozine 25.0% + Thiamethoxam 17.5% + Hexaconazole 12.5% WG,"Sheath Blight, Leaf Blast",free_text,COMPOUND,free_text,,,,,,100 + 70 + 50,unparseable,BARE_NUMBER,,,,,,,400,19,False,resolved,19,crop_out_of_scope
fungicides_20260331.pdf,76,1,,,,False,False,Pyraclostrobin 133 g/l + Epoxiconazole 50g/l  SE,,empty,EMPTY,,,,,,,,empty,EMPTY,,,,,,,,,False,not_applicable,,crop_blank
fungicides_20260331.pdf,76,2,,Groundnut,,False,False,Pyraclostrobin 133 g/l + Epoxiconazole 50g/l  SE,Tikka,numeric,BARE_RANGE,per_ha,114.37,46.283,137.25,55.5421,g,114.37-137.25,unparseable,BARE_RANGE,,,,,,,625-700,21,False,resolved,21,crop_out_of_scope
fungicides_20260331.pdf,76,4,,Coffee,,False,False,Pyraclostrobin 133 g/l + Epoxiconazole 50g/l  SE,Rust,numeric,BARE_NUMBER,per_ha,137.25,55.5421,,,g,137.25,unparseable,BARE_NUMBER,,,,,,,750,37,False,resolved,37,crop_out_of_scope
fungicides_20260331.pdf,76,5,,Wheat,,False,False,Pyraclostrobin 133 g/l + Epoxiconazole 50g/l  SE,Yellow rust,numeric,BARE_NUMBER,per_ha,137.25,55.5421,,,g,137.25,unparseable,BARE_NUMBER,,,,,,,750,47,False,resolved,47,crop_out_of_scope
fungicides_20260331.pdf,76,6,,Cumin,,False,False,Pyraclostrobin 133 g/l + Epoxiconazole 50g/l  SE,Alternaria blight,numeric,BARE_NUMBER,per_ha,137.25,55.5421,,,g,137.25,unparseable,BARE_NUMBER,,,,,,,750,22,False,resolved,22,crop_out_of_scope
fungicides_20260331.pdf,76,7,,Maize,,False,False,Pyraclostrobin 133 g/l + Epoxiconazole 50g/l  SE,Leaf blight,numeric,BARE_NUMBER,per_ha,137.25,55.5421,,,g,137.25,unparseable,BARE_NUMBER,,,,,,,750,48,False,resolved,48,crop_out_of_scope
fungicides_20260331.pdf,76,8,,Banana,,False,False,Pyraclostrobin 133 g/l + Epoxiconazole 50g/l  SE,Sigatoka leaf spot,numeric,BARE_NUMBER,per_ha,137.25,55.5421,,,g,137.25,unparseable,BARE_NUMBER,,,,,,,750,24,False,resolved,24,crop_out_of_scope
fungicides_20260331.pdf,76,9,,,,False,False,Pyraclostrobin 10% + Fipronil 5% SC,,empty,EMPTY,,,,,,,,empty,EMPTY,,,,,,,,,False,not_applicable,,crop_blank
fungicides_20260331.pdf,76,10,,Rice,,False,False,Pyraclostrobin 10% + Fipronil 5% SC,Sheath Blight and  Leaf Blight,free_text,COMPOUND,free_text,,,,,,50+100,unparseable,BARE_NUMBER,,,,,,,1000,53,False,resolved,53,crop_out_of_scope
fungicides_20260331.pdf,76,11,,Chilli,,False,False,Pyraclostrobin 10% + Fipronil 5% SC,"Powdery  Mildew,  Anthracnose/Fruit  rot",free_text,COMPOUND,free_text,,,,,,50+100,unparseable,BARE_NUMBER,,,,,,,1000,7,False,resolved,7,crop_out_of_scope
fungicides_20260331.pdf,76,12,,,,False,False,Pyraclostrobin 75 g/l + Tricyclazole 150 g/l ZC,,empty,EMPTY,,,,,,,,empty,EMPTY,,,,,,,,,False,not_applicable,,crop_blank
fungicides_20260331.pdf,76,13,,Rice,,False,False,Pyraclostrobin 75 g/l + Tricyclazole 150 g/l ZC,Blast,numeric,BARE_RANGE,per_ha,225.0,91.0526,337.5,136.5789,g,225-337.5,unparseable,BARE_RANGE,,,,,,,1000-1500,40,False,resolved,40,crop_out_of_scope
fungicides_20260331.pdf,76,14,,,,False,False,Pyraclostrobin 10% + Thifluzamide 10% w/v SC,,empty,EMPTY,,,,,,,,empty,EMPTY,,,,,,,,,False,not_applicable,,crop_blank
fungicides_20260331.pdf,76,15,,Rice,,False,False,Pyraclostrobin 10% + Thifluzamide 10% w/v SC,"Sheath Blight,   Leaf blast",free_text,COMPOUND,free_text,,,,,,80 + 80 to 90 +  90,unparseable,BARE_RANGE,,,,,,,800-900,18,False,resolved,18,crop_out_of_scope
fungicides_20260331.pdf,76,16,,,,False,False,Pyraclostrobin 3.5% + Thiram 15% + Clothianidin 22.5% FS,,empty,EMPTY,,,,,,,,empty,EMPTY,,,,,,,,,False,not_applicable,,crop_blank
fungicides_20260331.pdf,76,17,,Groundnut,,False,False,Pyraclostrobin 3.5% + Thiram 15% + Clothianidin 22.5% FS,"Collar  rot,  Stem  rot",free_text,COMPOUND,free_text,,,,,,2.45+10.50+15.7  5 gms,numeric,NUM_UNIT,per_ha,70.0,28.3275,,,ml,70 ml,,True,not_applicable,Seed  Treatment,crop_out_of_scope
fungicides_20260331.pdf,76,18,,,,False,False,Pyraclostrobin 10% + Metiram 30% + Difenoconazole 10% WG,,empty,EMPTY,,,,,,,,empty,EMPTY,,,,,,,,,False,not_applicable,,crop_blank
fungicides_20260331.pdf,77,0,,,,False,False,Sedaxane 12.61% w/w + Azoxystrobin 3.15% w/w + Thiamethoxam 22.06% w/w,,empty,EMPTY,,,,,,,,empty,EMPTY,,,,,,,,,False,not_applicable,,crop_blank
fungicides_20260331.pdf,77,1,,Rice,,False,False,Sedaxane 12.61% w/w + Azoxystrobin 3.15% w/w + Thiamethoxam 22.06% w/w,"Sheath Blight  Leaf Blast,  Brown spot",free_text,NUM_WITH_SECOND_QUANTITY,free_text,,,,,,1.35 (g/kg seed)  (Sedaxane-0.45  Azoxystrobin -  0.11  Thiamethoxam -  0.79),numeric,PER_KG_SEED,per_kg_seed,3.0,,,,ml,3.00 (ml/kg  seed),,True,not_applicable,"Use as a  seed  treatment,  hence  waiting  period is  not  applicable",crop_out_of_scope
fungicides_20260331.pdf,77,2,,,,False,False,Sedaxane 15.27% w/w + Fludioxonil 7.64% w/w + Metalaxyl-M 3.06%w/w FS,,empty,EMPTY,,,,,,,,empty,EMPTY,,,,,,,,,False,not_applicable,,crop_blank
fungicides_20260331.pdf,77,3,,Maize,,False,False,Sedaxane 15.27% w/w + Fludioxonil 7.64% w/w + Metalaxyl-M 3.06%w/w FS,"Seedling rot,  Seedling wilt  and Seedling  blight",free_text,COMPOUND,free_text,,,,,,0.09   (Sedaxane 0.053 +   Fludioxonil 0.026 +   Metalaxyl-M 0.011),unparseable,BARE_NUMBER,,,,,,,0.3,,True,not_applicable,"This is  used as  seed  treatment,  which is  done at  the time  of sowing,  hence  waiting  period is  not  applicable",crop_out_of_scope
fungicides_20260331.pdf,77,4,,,,False,False,Sedaxane 2.5% w/v + Fludioxonil 2.5% w/v + Thiamethoxam 26.25% w/v FS,,empty,EMPTY,,,,,,,,empty,EMPTY,,,,,,,,,False,not_applicable,,crop_blank
fungicides_20260331.pdf,77,6,,Wheat,,False,False,Sedaxane 2.5% w/v + Fludioxonil 2.5% w/v + Thiamethoxam 26.25% w/v FS,"Loose smut,  karnal bunt",free_text,COMPOUND,free_text,,,,,,0.32  (0.026+0.026+0.27) - 0 .63(0.05+0.05+0.5 3),unparseable,BARE_RANGE,,,,,,,1.0-2.0,,False,not_applicable,-,crop_out_of_scope
fungicides_20260331.pdf,77,7,,,,False,False,Sedaxane 2.2% w/w + Fludioxonil 2.2% w/w + Thiamethoxam 22.8%w/w FS,,empty,EMPTY,,,,,,,,empty,EMPTY,,,,,,,,,False,not_applicable,,crop_blank
fungicides_20260331.pdf,77,8,,Wheat,,False,False,Sedaxane 2.2% w/w + Fludioxonil 2.2% w/w + Thiamethoxam 22.8%w/w FS,"Loose smut,  Karnal bunt  (Seed  infection at  the time of  sowing)***,  Aphids and  Termites",free_text,COMPOUND,free_text,,,,,,0.32 (Sedaxane- 0.026+ Fludioxonil- 0.026+  Thiamethoxam- 0.27) to 0.64  (Sedaxane-0.05+  Fludioxonil-0.05+  Thiamethoxam- 0.54),unparseable,BARE_RANGE,,,,,,,1.0 -  2.0****,,True,not_applicable,"Seed  treatment  is done at  the time of  sowing,  hence  waiting  period is  not  applicable.",crop_out_of_scope
fungicides_20260331.pdf,78,1,,,,False,False,Sedaxane 3.70% w/w + Fludioxonil 4.63% w/w FS,,empty,EMPTY,,,,,,,,empty,EMPTY,,,,,,,,,False,not_applicable,,crop_blank
fungicides_20260331.pdf,78,2,,Potato,,False,False,Sedaxane 3.70% w/w + Fludioxonil 4.63% w/w FS,Black scurf  (Rhizoctonia  solani),numeric,PER_KG_SEED,per_kg_seed,0.036,,0.045,,g,0.036-0.045 a.i  gm/kg seed,numeric,PER_KG_SEED,per_kg_seed,0.4,,0.5,,ml,0.40-0.50  ml/kg seed,,False,not_applicable,-,crop_out_of_scope
fungicides_20260331.pdf,78,3,,,,False,False,Sedaxane 3.70% w/w + Fludioxonil 4.63% w/w FS,,empty,EMPTY,,,,,,,,empty,EMPTY,,,,,,,,,False,not_applicable,,crop_blank
fungicides_20260331.pdf,78,4,,Potato,,False,False,Sedaxane 3.70% w/w + Fludioxonil 4.63% w/w FS,Black scurf  (Rhizoctonia  solani),free_text,COMPOUND,free_text,,,,,,0.036 (Sedaxane –  0.016 + Fludioxonil  – 0.020) to 0.045  (Sedaxane – 0.020  + Fludioxonil –  0.025),unparseable,BARE_RANGE,,,,,,,0.40 – 0.50,,True,not_applicable,"This is  used as  seed /  tuber  treatment,  hence  waiting  period is  not  applicable",crop_out_of_scope
fungicides_20260331.pdf,78,5,,,,False,False,Sedaxane 2.36% w/w + Fludioxonil 2.5% w/w FS,,empty,EMPTY,,,,,,,,empty,EMPTY,,,,,,,,,False,not_applicable,,crop_blank
fungicides_20260331.pdf,78,6,,Wheat,,False,False,Sedaxane 2.36% w/w + Fludioxonil 2.5% w/w FS,Loose smut  & Karnal  bunt,free_text,COMPOUND,free_text,,,,,,0.05 (Sedaxane  0.025 + Fludioxonil  0.025),numeric,PER_KG_SEED,per_kg_seed,1.0,,,,ml,1.00 ml/ kg  seed,,True,not_applicable,"Seed  treatment  is done at  the time  of sowing  hence,  waiting  period is  not  applinacle",crop_out_of_scope
fungicides_20260331.pdf,78,7,,,,False,False,Sulphur 58.5% w/w (84% w/v) + Azoxystrobin 4.2% w/w (6% w/v) SC,,empty,EMPTY,,,,,,,,empty,EMPTY,,,,,,,,,False,not_applicable,,crop_blank
fungicides_20260331.pdf,78,9,,Chilli,,False,False,Sulphur 58.5% w/w (84% w/v) + Azoxystrobin 4.2% w/w (6% w/v) SC,"Powdery  mildew,  Anthracnose",free_text,COMPOUND,free_text,,,,,,1680+120,unparseable,BARE_NUMBER,,,,,,,2000,5,False,resolved,5,crop_out_of_scope
fungicides_20260331.pdf,78,10,,,,False,False,Sulphur 50% + Propineb 25% DF,,empty,EMPTY,,,,,,,,empty,EMPTY,,,,,,,,,False,not_applicable,,crop_blank
fungicides_20260331.pdf,78,12,,Chilli,,False,False,Sulphur 50% + Propineb 25% DF,"Dieback,  Powdery  mildew, Fruit  rot",free_text,COMPOUND,free_text,,,,,,2000 + 1000,unparseable,BARE_NUMBER,,,,,,,4000,,False,not_applicable,-,crop_out_of_scope
fungicides_20260331.pdf,79,0,,Paddy,,False,False,Sulphur 50% + Propineb 25% DF,"Blast, Brown  leaf spot,  Sheath blight",free_text,COMPOUND,free_text,,,,,,2000 + 1000,unparseable,BARE_NUMBER,,,,,,,4000,,False,not_applicable,-,crop_out_of_scope
fungicides_20260331.pdf,79,1,,,,False,False,Tebuconazole10%+Sulphur65%WG,,empty,EMPTY,,,,,,,,empty,EMPTY,,,,,,,,,False,not_applicable,,crop_blank
fungicides_20260331.pdf,79,2,,Chilli,,False,False,Tebuconazole10%+Sulphur65%WG,Powdery  mildew& Fruit rot,free_text,COMPOUND,free_text,,,,,,937.50(125+812.5),unparseable,BARE_NUMBER,,,,,,,1250,5,False,resolved,5,crop_out_of_scope
fungicides_20260331.pdf,79,4,,Groundnut,,False,False,Tebuconazole10%+Sulphur65%WG,Tikka disease,free_text,COMPOUND,free_text,,,,,,(125 + 812.5) –  937.5 g,numeric,NUM_UNIT,per_ha,1250.0,505.8476,,,g,1250 g,31,False,resolved,31,crop_out_of_scope
fungicides_20260331.pdf,79,5,,,,False,False,Tebuconazole 50% + Trifloxystrobin 25% WG,,empty,EMPTY,,,,,,,,empty,EMPTY,,,,,,,,,False,not_applicable,,crop_blank
fungicides_20260331.pdf,79,6,,Rice (Paddy),,False,False,Tebuconazole 50% + Trifloxystrobin 25% WG,"Sheath blight,  Leaf, Neck Blast,  Glume  discoloration  (dirty panicle)",free_text,COMPOUND,free_text,,,,,,100 + 50,unparseable,BARE_NUMBER,,,,,,,200,21,False,resolved,21,crop_out_of_scope
fungicides_20260331.pdf,79,9,,Chilli,,False,False,Tebuconazole 50% + Trifloxystrobin 25% WG,"Powdery mildew,  Anthracnose,  Alternaria leaf  spot",free_text,COMPOUND,free_text,,,,,,125+62.5,unparseable,BARE_NUMBER,,,,,,,250,5,False,resolved,5,crop_out_of_scope
fungicides_20260331.pdf,79,10,,Wheat,,False,False,Tebuconazole 50% + Trifloxystrobin 25% WG,"Yellow rust,  powdery mildew",free_text,COMPOUND,free_text,,,,,,150+75,unparseable,BARE_NUMBER,,,,,,,300,40,False,resolved,40,crop_out_of_scope
fungicides_20260331.pdf,79,11,,Mango,,False,False,Tebuconazole 50% + Trifloxystrobin 25% WG,"powdery mildew,  Anthracnose",numeric,PCT_RANGE_BOTH,concentration_pct,0.056,,0.075,,%,0.056% --0.075%,numeric,PCT_WITH_EQUIV,concentration_pct,0.075,,,,%,0.075%--  0.1%(75—  100g/100lit  water),15,False,resolved,15,crop_out_of_scope
fungicides_20260331.pdf,79,12,,Cumin,,False,False,Tebuconazole 50% + Trifloxystrobin 25% WG,Alternaria Blight &   Powdery mildew,free_text,COMPOUND,free_text,,,,,,175+87.5,unparseable,BARE_NUMBER,,,,,,,350,32,False,resolved,32,crop_out_of_scope
fungicides_20260331.pdf,79,13,,Okra,,False,False,Tebuconazole 50% + Trifloxystrobin 25% WG,Powdery mildew,free_text,COMPOUND,free_text,,,,,,150 + 75 To 175 +  87.5,unparseable,BARE_RANGE,,,,,,,300 to 350,3,False,resolved,3,crop_out_of_scope
fungicides_20260331.pdf,79,14,,Coffee,,False,False,Tebuconazole 50% + Trifloxystrobin 25% WG,Rust,free_text,COMPOUND,free_text,,,,,,150+75,unparseable,BARE_NUMBER,,,,,,,300,11,False,resolved,11,crop_out_of_scope
fungicides_20260331.pdf,79,16,,Brinjal,,False,False,Tebuconazole 50% + Trifloxystrobin 25% WG,"Leaf spot  (Alternaria Sp, and  Cercospora sp.)",free_text,COMPOUND,free_text,,,,,,175 + 87.5 g,numeric,NUM_UNIT,per_ha,350.0,141.6373,,,g,350 g,5,False,resolved,5,crop_out_of_scope
fungicides_20260331.pdf,79,17,,Maize,,False,False,Tebuconazole 50% + Trifloxystrobin 25% WG,Leaf Blight,free_text,COMPOUND,free_text,,,,,,175+87.5 g,numeric,NUM_UNIT,per_ha,350.0,141.6373,,,g,350 g,15,False,resolved,15,crop_out_of_scope
fungicides_20260331.pdf,80,0,,Wheat,,False,False,Tebuconazole 50% + Trifloxystrobin 25% WG,Blast like disease,free_text,COMPOUND,free_text,,,,,,150+75,unparseable,BARE_NUMBER,,,,,,,300,40,False,resolved,40,crop_out_of_scope
fungicides_20260331.pdf,80,1,,Green pea,,False,False,Tebuconazole 50% + Trifloxystrobin 25% WG,Powdery mildew,free_text,COMPOUND,free_text,,,,,,175+87.5,unparseable,BARE_NUMBER,,,,,,,350,10,False,resolved,10,crop_out_of_scope
fungicides_20260331.pdf,80,2,,Tea,,False,False,Tebuconazole 50% + Trifloxystrobin 25% WG,Blister Blight,free_text,COMPOUND,free_text,,,,,,62.5 + 31.25,unparseable,BARE_NUMBER,,,,,,,125,7,False,resolved,07,crop_out_of_scope
fungicides_20260331.pdf,80,4,,Banana,,False,False,Tebuconazole 50% + Trifloxystrobin 25% WG,Sigatoka leaf spot,free_text,COMPOUND,free_text,,,,,,175+87.5,unparseable,BARE_NUMBER,,,,,,,350,20,False,resolved,20,crop_out_of_scope
fungicides_20260331.pdf,80,5,,Apple,,False,False,Tebuconazole 50% + Trifloxystrobin 25% WG,"Premature leaf fall,  Powdery mildew",numeric,PCT_SINGLE,concentration_pct,0.03,,,,%,0.03%,numeric,PCT_WITH_EQUIV,concentration_pct,0.04,,,,%,0.04% (40  g/100 lit water),30,False,resolved,30,crop_out_of_scope
fungicides_20260331.pdf,80,6,,,,False,False,Tebuconazole 15% + Zineb 57% WDG,,empty,EMPTY,,,,,,,,empty,EMPTY,,,,,,,,,False,not_applicable,,crop_blank
fungicides_20260331.pdf,80,7,,Paddy,,False,False,Tebuconazole 15% + Zineb 57% WDG,"Sheath blight,  brown leaf spot,  blast and dirty  panicle",free_text,COMPOUND,free_text,,,,,,187.5 + 712.5,unparseable,BARE_NUMBER,,,,,,,1250,21,False,resolved,21,crop_out_of_scope
fungicides_20260331.pdf,80,8,,Chilli,,False,False,Tebuconazole 15% + Zineb 57% WDG,"Powdery mildew,  leaf spot,  Choanephora  blight and  Anthracnose fruit  rot",free_text,COMPOUND,free_text,,,,,,187.5 + 712.5,unparseable,BARE_NUMBER,,,,,,,1250,28,False,resolved,28,crop_out_of_scope
fungicides_20260331.pdf,80,9,,Potato,,False,False,Tebuconazole 15% + Zineb 57% WDG,Black scruf  (Rhizoctonias pp),numeric,PER_N_KG_SEED,per_kg_seed,0.1,,,,g,10g/100 kg tuber,unparseable,PER_N_KG_SEED,,,,,,,20/100  kg  seed  tuber,,True,not_applicable,NA  Seed  dresse r,crop_out_of_scope
fungicides_20260331.pdf,80,11,,,,False,False,Tebuconazole 6.7% + Captan 26.9% w/w SC,,empty,EMPTY,,,,,,,,empty,EMPTY,,,,,,,,,False,not_applicable,,crop_blank
fungicides_20260331.pdf,80,12,,Chilli,,False,False,Tebuconazole 6.7% + Captan 26.9% w/w SC,Powdery  mildew  and Anthracnose,free_text,COMPOUND,free_text,,,,,,80+320,unparseable,BARE_NUMBER,,,,,,,1000,5,False,resolved,5,crop_out_of_scope
fungicides_20260331.pdf,80,13,,Apple,,False,False,Tebuconazole 6.7% + Captan 26.9% w/w SC,"Powdery mildew,  Alternaria leaf  spot/blight, Scab",free_text,COMPOUND,free_text,,,,,,124+496  0.02% + 0.08%,free_text,NUM_WITH_SECOND_QUANTITY,free_text,,,,,,1550  0.25%  or  2.5ml/l of water,10,False,resolved,10,crop_out_of_scope
fungicides_20260331.pdf,80,14,,,,False,False,Thifluzamide 15% +  Difenoconazole 20% SC,,empty,EMPTY,,,,,,,,empty,EMPTY,,,,,,,,,False,not_applicable,,crop_blank
fungicides_20260331.pdf,80,15,,Paddy,,False,False,Thifluzamide 15% +  Difenoconazole 20% SC,"Sheath blight,   Brown spot,   False smut and   Grain  discoloration",free_text,COMPOUND,free_text,,,,,,37.5 + 50,unparseable,BARE_NUMBER,,,,,,,250,27,False,resolved,27,crop_out_of_scope
fungicides_20260331.pdf,80,16,,,,False,False,Thifluzamide 9% + Difenoconazole 6% + Validamycin 3% SC,,empty,EMPTY,,,,,,,,empty,EMPTY,,,,,,,,,False,not_applicable,,crop_blank
fungicides_20260331.pdf,81,0,,Paddy,,False,False,Thifluzamide 9% + Difenoconazole 6% + Validamycin 3% SC,Blast and Sheath  blight,free_text,COMPOUND,free_text,,,,,,90.0+60.0+30.0,unparseable,BARE_NUMBER,,,,,,,1000,17,False,resolved,17,crop_out_of_scope
fungicides_20260331.pdf,81,1,,,,False,False,Thiophanate methyl 15% (w/w) + Copper Oxychloride 40%(w/w) WP,,empty,EMPTY,,,,,,,,empty,EMPTY,,,,,,,,,False,not_applicable,,crop_blank
fungicides_20260331.pdf,81,3,,,,False,False,Thiophanate methyl 38% + Kasugamycin 2.21% SC,,empty,EMPTY,,,,,,,,empty,EMPTY,,,,,,,,,False,not_applicable,,crop_blank
fungicides_20260331.pdf,81,5,,,,False,False,Thiophanate Methyl 44.8%+ Kasugamycin 26%SC,,empty,EMPTY,,,,,,,,empty,EMPTY,,,,,,,,,False,not_applicable,,crop_blank
fungicides_20260331.pdf,81,6,,Potato,,False,False,Thiophanate Methyl 44.8%+ Kasugamycin 26%SC,Black scurf,free_text,COMPOUND,free_text,,,,,,1.568+0.091,numeric,PER_N_KG_SEED,per_kg_seed,0.35,,,,ml,3.5 ml/10 kg of  potato tuber  seed,,True,not_applicable,Used as  seed  treatment,crop_out_of_scope
fungicides_20260331.pdf,81,7,,,,False,False,Thiophanate methyl 50% + picoxystrobin 10% WG,,empty,EMPTY,,,,,,,,empty,EMPTY,,,,,,,,,False,not_applicable,,crop_blank
fungicides_20260331.pdf,81,8,,Rice (Paddy),,False,False,Thiophanate methyl 50% + picoxystrobin 10% WG,"Sheath blight,  blast and grain  discoloration",free_text,COMPOUND,free_text,,,,,,50 + 10 g/ha,numeric,PER_HA_EXPLICIT,per_ha,1000.0,404.6781,,,g,1000g/ha,35,False,resolved,35,crop_out_of_scope
fungicides_20260331.pdf,81,9,,,,False,False,Thiophanate methyl 450 g/l + Pyraclostrobin 50 g/l FS,,empty,EMPTY,,,,,,,,empty,EMPTY,,,,,,,,,False,not_applicable,,crop_blank
fungicides_20260331.pdf,81,10,,Garlic,,False,False,Thiophanate methyl 450 g/l + Pyraclostrobin 50 g/l FS,Fusarium spp,numeric,NUM_UNIT,per_ha,10.0,4.0468,,,g,10 g,numeric,NUM_UNIT,per_ha,20.0,8.0936,,,ml,20 ml,,True,not_applicable,NA (Seed  Dresser),crop_out_of_scope
fungicides_20260331.pdf,81,11,,,,False,False,Tricyclazole 20.4% w/w + Azoxystrobin 6.8% w/w SC,,empty,EMPTY,,,,,,,,empty,EMPTY,,,,,,,,,False,not_applicable,,crop_blank
fungicides_20260331.pdf,81,12,,Rice (Paddy),,False,False,Tricyclazole 20.4% w/w + Azoxystrobin 6.8% w/w SC,"Blast, False smut,  Sheath  blight  and  Grain  discoloration  (Dirty Panicle)",free_text,COMPOUND,free_text,,,,,,300    (225+75),unparseable,BARE_NUMBER,,,,,,,1000,10,False,resolved,10,crop_out_of_scope
fungicides_20260331.pdf,81,13,,,,False,False,Tricyclazole 45% + Hexaconazole 10% WG,,empty,EMPTY,,,,,,,,empty,EMPTY,,,,,,,,,False,not_applicable,,crop_blank
fungicides_20260331.pdf,81,14,,Paddy (Rice),,False,False,Tricyclazole 45% + Hexaconazole 10% WG,Blast  and  Sheath  blight,free_text,COMPOUND,free_text,,,,,,225+50,unparseable,BARE_NUMBER,,,,,,,500,23,False,resolved,23,crop_out_of_scope
fungicides_20260331.pdf,81,15,,Chilli,,False,False,Tricyclazole 45% + Hexaconazole 10% WG,Leaf spot and  Powdery mildew,free_text,COMPOUND,free_text,,,,,,225+50,unparseable,BARE_NUMBER,,,,,,,500,3,False,resolved,3,crop_out_of_scope
fungicides_20260331.pdf,81,16,,,,False,False,Tricyclazole 18.0% w/w +Tebuconazole 14.4% w/w SC,,empty,EMPTY,,,,,,,,empty,EMPTY,,,,,,,,,False,not_applicable,,crop_blank
fungicides_20260331.pdf,81,17,,Rice  (Paddy),,False,False,Tricyclazole 18.0% w/w +Tebuconazole 14.4% w/w SC,"Sheath blight,  Blast, false smut  and grain  Discoloration",free_text,COMPOUND,free_text,,,,,,360  (200+160),numeric,PER_HA_EXPLICIT,per_ha,1000.0,404.6781,,,ml,1000 ml/ha,44,False,resolved,44,crop_out_of_scope
fungicides_20260331.pdf,81,18,,,,False,False,Trifloxystrobin 10% +Difenoconazole 12.5%+Sulfur 3% SC,,empty,EMPTY,,,,,,,,empty,EMPTY,,,,,,,,,False,not_applicable,,crop_blank
fungicides_20260331.pdf,82,0,,Paddy,,False,False,Trifloxystrobin 10% +Difenoconazole 12.5%+Sulfur 3% SC,Early blight and  late blight,free_text,COMPOUND,free_text,,,,,,45 + 56.25 + 13.5,unparseable,BARE_NUMBER,,,,,,,450,26,False,resolved,26,crop_out_of_scope
fungicides_20260331.pdf,82,1,,Apple,,False,False,Trifloxystrobin 10% +Difenoconazole 12.5%+Sulfur 3% SC,Apple scab,free_text,COMPOUND,free_text,,,,,,45 + 56.25 + 13.5  450,empty,EMPTY,,,,,,,,7,False,resolved,07,crop_out_of_scope
fungicides_20260331.pdf,82,2,,,,False,False,TRIFLOXYSTROBIN 4% + FLUXAPYROXAD 6.66% + CLOTHIANIDIN 25% FS,,empty,EMPTY,,,,,,,,empty,EMPTY,,,,,,,,,False,not_applicable,,crop_blank
fungicides_20260331.pdf,82,3,,Groundnut,,False,False,TRIFLOXYSTROBIN 4% + FLUXAPYROXAD 6.66% + CLOTHIANIDIN 25% FS,"Stem rot (Sclerotium  rolfsii), Collar rot  (Aspergillus niger),  Root rot  (Rhizoctonia  bataticola), Tikka  Leaf spot, Rust,",free_text,COMPOUND,free_text,,,,,,0.24 + 0.3996 + 1.5  6 ml,empty,EMPTY,,,,,,,,,False,not_applicable,-,crop_out_of_scope
fungicides_20260331.pdf,82,4,,,,False,False,Trifloxystrobin 25% + Hexaconazole 25% w/w WG,,empty,EMPTY,,,,,,,,empty,EMPTY,,,,,,,,,False,not_applicable,,crop_blank
fungicides_20260331.pdf,82,5,,Chilli,,False,False,Trifloxystrobin 25% + Hexaconazole 25% w/w WG,"Leaf spot,  Powdery mildew  and Anthracnose",free_text,COMPOUND,free_text,,,,,,50+50,unparseable,BARE_NUMBER,,,,,,,200,7,False,resolved,7,crop_out_of_scope
fungicides_20260331.pdf,82,6,,Rice,,False,False,Trifloxystrobin 25% + Hexaconazole 25% w/w WG,"Sheath blight, Leaf  blast, Neck blast  and Dirty panicle",free_text,COMPOUND,free_text,,,,,,50+50,unparseable,BARE_NUMBER,,,,,,,200,15,False,resolved,15,crop_out_of_scope
fungicides_20260331.pdf,82,8,,Cumin,,False,False,Trifloxystrobin 25% + Hexaconazole 25% w/w WG,Alternaria blight  and Powdery  mildew,free_text,COMPOUND,free_text,,,,,,50+50,unparseable,BARE_NUMBER,,,,,,,200,31,False,resolved,31,crop_out_of_scope
fungicides_20260331.pdf,82,9,,,,False,False,Trifloxystrobin 6% +Thiophanate Methyl 9.5%+Thaimethoxam 24% FS,,empty,EMPTY,,,,,,,,empty,EMPTY,,,,,,,,,False,not_applicable,,crop_blank
fungicides_20260331.pdf,82,10,,Okra,,False,False,Trifloxystrobin 6% +Thiophanate Methyl 9.5%+Thaimethoxam 24% FS,Damping off  (Rhizoctonia  solani),free_text,COMPOUND,free_text,,,,,,0.36+0.57+1.44,numeric,PER_KG_SEED,per_kg_seed,6.0,,,,ml,6 ml/kg seed,,False,not_applicable,-,crop_out_of_scope
fungicides_20260331.pdf,82,12,,,,False,False,Trifloxystrobin 25% + Tebuconazole 35% + Mepiquat Chloride 10% WG,,empty,EMPTY,,,,,,,,empty,EMPTY,,,,,,,,,False,not_applicable,,crop_blank
fungicides_20260331.pdf,82,13,,Rice,,False,False,Trifloxystrobin 25% + Tebuconazole 35% + Mepiquat Chloride 10% WG,"Sheath Blight,  False  smut and Grain  discoloration",free_text,COMPOUND,free_text,,,,,,62.5 + 87.5 + 25 -  75 + 105 + 30,unparseable,BARE_RANGE,,,,,,,250-300,44,False,resolved,44,crop_out_of_scope
fungicides_20260331.pdf,82,14,,,,False,False,Triticonazole 80 g/l + Pyraclostrobin 40 g/l (w/v) FS,,empty,EMPTY,,,,,,,,empty,EMPTY,,,,,,,,,False,not_applicable,,crop_blank
fungicides_20260331.pdf,82,15,,Wheat,,False,False,Triticonazole 80 g/l + Pyraclostrobin 40 g/l (w/v) FS,Loose smut,numeric,BARE_NUMBER,per_ha,0.12,0.0486,,,g,0.12,unparseable,BARE_NUMBER,,,,,,,1.0,,False,not_applicable,NA,crop_out_of_scope
fungicides_20260331.pdf,82,16,,,,False,False,Validamycin 2.8 % + Propiconazole 6% EW,,empty,EMPTY,,,,,,,,empty,EMPTY,,,,,,,,,False,not_applicable,,crop_blank
fungicides_20260331.pdf,83,0,,Rice,,False,False,Validamycin 2.8 % + Propiconazole 6% EW,Rice Sheath blight  (Rhizoctonia solani)  & Brown spot  (Helminthosporium  oryzae),free_text,COMPOUND,free_text,,,,,,(56+120),unparseable,BARE_NUMBER,,,,,,,2000,17,False,resolved,17,crop_out_of_scope
fungicides_20260331.pdf,83,1,,,,False,False,Validamycin5%+Tebuconazole15%SC,,empty,EMPTY,,,,,,,,empty,EMPTY,,,,,,,,,False,not_applicable,,crop_blank
fungicides_20260331.pdf,83,2,,Rice,,False,False,Validamycin5%+Tebuconazole15%SC,Sheath blight  (Rhizoctonia solani)  and Blast  (Pyricularia oryzae)  of Rice,free_text,COMPOUND,free_text,,,,,,50+150 g,unparseable,BARE_NUMBER,,,,,,,1000,47,False,resolved,47,crop_out_of_scope
fungicides_20260331.pdf,83,3,,,,False,False,Valifenalate 6% + Mancozeb 60% WG,,empty,EMPTY,,,,,,,,empty,EMPTY,,,,,,,,,False,not_applicable,,crop_blank
fungicides_20260331.pdf,83,5,,Potato,,False,False,Valifenalate 6% + Mancozeb 60% WG,Late blight,free_text,COMPOUND,free_text,,,,,,120 + 1200 to  150 + 1500,unparseable,BARE_RANGE,,,,,,,2000 to 2500,20,False,resolved,20 days,crop_out_of_scope
fungicides_20260331.pdf,83,7,,Cucumber,,False,False,Valifenalate 6% + Mancozeb 60% WG,Downy mildew,free_text,COMPOUND,free_text,,,,,,120 +1200 to  150 + 1500,unparseable,BARE_RANGE,,,,,,,2000-2500,5,False,resolved,05 days,crop_out_of_scope
bio_insecticides_20260331.pdf,2,0,,,,False,False,1. MAJOR USES OF BIO-INSECTICIDES,,empty,EMPTY,,,,,,,,empty,EMPTY,,,,,,,,,False,not_applicable,,crop_blank
bio_insecticides_20260331.pdf,2,1,,,,False,False,,,empty,EMPTY,,,,,,,,empty,EMPTY,,,,,,,,,False,not_applicable,,crop_blank
bio_insecticides_20260331.pdf,2,2,,,,False,False,,,empty,EMPTY,,,,,,,,empty,EMPTY,,,,,,,,,False,not_applicable,,crop_blank
bio_insecticides_20260331.pdf,2,3,,,,False,False,Azadirachtin 0.15% EC w/w Min. Neem Seed Kernel Based,,empty,EMPTY,,,,,,,,empty,EMPTY,,,,,,,,,False,not_applicable,,crop_blank
bio_insecticides_20260331.pdf,2,5,,Rice  (Paddy),,False,False,Azadirachtin 0.15% EC w/w Min. Neem Seed Kernel Based,"Thrips, Stem borer,  Brown plant hopper, Leaf  folder",empty,NULL_MARKER,,,,,,,-,unparseable,BARE_RANGE,,,,,,,1500-2500,5,False,resolved,05,crop_out_of_scope
bio_insecticides_20260331.pdf,2,6,,,,False,False,Azadirachtin 00.30% EC (3000 PPM) Min. Neem Seed Kernel Based,,empty,EMPTY,,,,,,,,empty,EMPTY,,,,,,,,,False,not_applicable,,crop_blank
bio_insecticides_20260331.pdf,2,8,,,,False,False,Azadirachtin 01.00% (10000 ppm) EC Min. Neem Based,,empty,EMPTY,,,,,,,,empty,EMPTY,,,,,,,,,False,not_applicable,,crop_blank
bio_insecticides_20260331.pdf,2,9,,Tea,,False,False,Azadirachtin 01.00% (10000 ppm) EC Min. Neem Based,Thrips,empty,NULL_MARKER,,,,,,,-,unparseable,BARE_RANGE,,,,,,,400-500,1,False,resolved,01,crop_out_of_scope
bio_insecticides_20260331.pdf,2,10,,Tea,,False,False,Azadirachtin 01.00% (10000 ppm) EC Min. Neem Based,Red spider mites,empty,NULL_MARKER,,,,,,,-,unparseable,BARE_RANGE,,,,,,,400-500,1,False,resolved,01,crop_out_of_scope
bio_insecticides_20260331.pdf,2,11,,,,False,False,Azadirachtin 01.00% EC (10000 PPM) Min. Neem Based,,empty,EMPTY,,,,,,,,empty,EMPTY,,,,,,,,,False,not_applicable,,crop_blank
bio_insecticides_20260331.pdf,2,13,,Brinjal,,False,False,Azadirachtin 01.00% EC (10000 PPM) Min. Neem Based,Shoot & fruit borer  (Leucinodes orbonalis),empty,NULL_MARKER,,,,,,,-,unparseable,BARE_RANGE,,,,,,,1000-1500,3,False,resolved,03,crop_out_of_scope
bio_insecticides_20260331.pdf,2,14,,,,False,False,Azadirachtin 00.03% EC Min. Neem Oil Based,,empty,EMPTY,,,,,,,,empty,EMPTY,,,,,,,,,False,not_applicable,,crop_blank
bio_insecticides_20260331.pdf,2,16,,Rice  (Paddy),,False,False,Azadirachtin 00.03% EC Min. Neem Oil Based,"Leaf roller, Stem borer,  Brown plant hopper",empty,NULL_MARKER,,,,,,,-,unparseable,BARE_NUMBER,,,,,,,2000,5,False,resolved,05,crop_out_of_scope
bio_insecticides_20260331.pdf,2,17,,,,False,False,Azadirachtin 00.03% WSP (300 PPM) Neem Oil Based,,empty,EMPTY,,,,,,,,empty,EMPTY,,,,,,,,,False,not_applicable,,crop_blank
bio_insecticides_20260331.pdf,3,1,,Okra  (Bhindi),,False,False,Azadirachtin 00.03% WSP (300 PPM) Neem Oil Based,"Fruit borer, Whitefly,  Leaf Hopper",empty,NULL_MARKER,,,,,,,-,unparseable,BARE_RANGE,,,,,,,2500-5000,7,False,resolved,07,crop_out_of_scope
bio_insecticides_20260331.pdf,3,2,,Brinjal,,False,False,Azadirachtin 00.03% WSP (300 PPM) Neem Oil Based,"Shoot & Fruit borer,  beetles",empty,NULL_MARKER,,,,,,,-,unparseable,BARE_RANGE,,,,,,,2500-5000,7,False,resolved,07,crop_out_of_scope
bio_insecticides_20260331.pdf,3,3,,Cabbage,,False,False,Azadirachtin 00.03% WSP (300 PPM) Neem Oil Based,"Aphids, Diamond back  moth,  Cabbage  worm,  Cabbage looper",empty,NULL_MARKER,,,,,,,-,unparseable,BARE_RANGE,,,,,,,2500-5000,7,False,resolved,07,crop_out_of_scope
bio_insecticides_20260331.pdf,3,4,,Jute,,False,False,Azadirachtin 00.03% WSP (300 PPM) Neem Oil Based,"Semi looper, Hairy  caterpillar",empty,NULL_MARKER,,,,,,,-,unparseable,BARE_RANGE,,,,,,,2500-5000,7,False,resolved,07,crop_out_of_scope
bio_insecticides_20260331.pdf,3,5,,,,False,False,Azadirachtin 05.00% w/w Min. Neem Extract Concentrates,,empty,EMPTY,,,,,,,,empty,EMPTY,,,,,,,,,False,not_applicable,,crop_blank
bio_insecticides_20260331.pdf,3,6,,Tea,,False,False,Azadirachtin 05.00% w/w Min. Neem Extract Concentrates,"Caterpillar, Pink mite,  Red spider mites, Thrips",empty,NULL_MARKER,,,,,,,-,unparseable,BARE_NUMBER,,,,,,,200.0,5,False,resolved,05,crop_out_of_scope
bio_insecticides_20260331.pdf,3,7,,Tobacco,,False,False,Azadirachtin 05.00% w/w Min. Neem Extract Concentrates,"Tobacco caterpillar,  Aphids",empty,NULL_MARKER,,,,,,,-,unparseable,BARE_NUMBER,,,,,,,200.0,5,False,resolved,05,crop_out_of_scope
bio_insecticides_20260331.pdf,3,8,,Rice  (Paddy),,False,False,Azadirachtin 05.00% w/w Min. Neem Extract Concentrates,"Brown plant hopper, Leaf  folder, Stem borer",empty,NULL_MARKER,,,,,,,-,unparseable,BARE_NUMBER,,,,,,,200.0,5,False,resolved,05,crop_out_of_scope
bio_insecticides_20260331.pdf,3,10,,"Cauliflower  Spodoptera, Diamond",,False,True,Azadirachtin 05.00% w/w Min. Neem Extract Concentrates,"back moth, Aphids",empty,NULL_MARKER,,,,,,,-,unparseable,BARE_NUMBER,,,,,,,200.0,5,False,resolved,05,crop_out_of_scope
bio_insecticides_20260331.pdf,3,11,,Bhindi  (Okra),,False,False,Azadirachtin 05.00% w/w Min. Neem Extract Concentrates,"Leafhopper, whitefly,  Aphid, Pod borer",empty,NULL_MARKER,,,,,,,-,unparseable,BARE_NUMBER,,,,,,,200.0,5,False,resolved,05,crop_out_of_scope
bio_insecticides_20260331.pdf,3,13,,,,False,False,"Bacillus thuringiensis var. galleriae 1593 M serotype H 59 5b, 1.3% flowable concentrate Potency 1500  IU/mg",,empty,EMPTY,,,,,,,,empty,EMPTY,,,,,,,,,False,not_applicable,,crop_blank
bio_insecticides_20260331.pdf,3,14,,Cabbage &  Cauliflower,,False,False,"Bacillus thuringiensis var. galleriae 1593 M serotype H 59 5b, 1.3% flowable concentrate Potency 1500  IU/mg",Diamond back moth  (Plutella xylostella),empty,NULL_MARKER,,,,,,,-,unparseable,BARE_RANGE,,,,,,,06-1.0,,False,not_applicable,-,crop_out_of_scope
bio_insecticides_20260331.pdf,3,16,,Bhindi,,False,False,"Bacillus thuringiensis var. galleriae 1593 M serotype H 59 5b, 1.3% flowable concentrate Potency 1500  IU/mg",Fruit borer (Earias spp.),empty,NULL_MARKER,,,,,,,-,unparseable,BARE_RANGE,,,,,,,1.0-1.5,,False,not_applicable,-,crop_out_of_scope
bio_insecticides_20260331.pdf,4,0,,,,False,False,(Okra),,empty,EMPTY,,,,,,,,empty,EMPTY,,,,,,,,,False,not_applicable,,crop_blank
bio_insecticides_20260331.pdf,4,1,,Chilli,,False,False,(Okra),Fruit borer (Spodoptera  litura),empty,NULL_MARKER,,,,,,,-,unparseable,BARE_RANGE,,,,,,,1.5-2.0,,False,not_applicable,-,crop_out_of_scope
bio_insecticides_20260331.pdf,4,3,,Rice  (Paddy),,False,False,(Okra),Leaf folder  (Cnaphalocrocis  medinalis),empty,NULL_MARKER,,,,,,,-,unparseable,BARE_RANGE,,,,,,,1.0-3.0,,False,not_applicable,-,crop_out_of_scope
bio_insecticides_20260331.pdf,4,4,,,,False,False,Bacillus thuringiensis var. kurstaki,,empty,EMPTY,,,,,,,,empty,EMPTY,,,,,,,,,False,not_applicable,,crop_blank
bio_insecticides_20260331.pdf,4,6,,,,False,False,"Bacillus thuringiensis var. kurstaki, serotype H-39, 3B, Strain Z-52",,empty,EMPTY,,,,,,,,empty,EMPTY,,,,,,,,,False,not_applicable,,crop_blank
bio_insecticides_20260331.pdf,4,8,,Rice  (Paddy),,False,False,"Bacillus thuringiensis var. kurstaki, serotype H-39, 3B, Strain Z-52",Stem borer & Leaf folder,numeric,BARE_NUMBER,per_ha,1.5,0.607,,,g,1.50,unparseable,BARE_RANGE,,,,,,,500-750,,False,not_applicable,-,crop_out_of_scope
bio_insecticides_20260331.pdf,4,12,,Tobacco,,False,False,"Bacillus thuringiensis var. kurstaki, serotype H-39, 3B, Strain Z-52","Spodoptera, Heliothis",numeric,BARE_RANGE,per_ha,1.5,0.607,2.0,0.8094,g,1.50-2.00,unparseable,BARE_RANGE,,,,,,,500-750,,False,not_applicable,-,crop_out_of_scope
bio_insecticides_20260331.pdf,4,13,,Castor,,False,False,"Bacillus thuringiensis var. kurstaki, serotype H-39, 3B, Strain Z-52","Hairy caterpillar, Achaea  janata",numeric,BARE_NUMBER,per_ha,1.0,0.4047,,,g,1.00,unparseable,BARE_RANGE,,,,,,,500-750,,False,not_applicable,-,crop_out_of_scope
bio_insecticides_20260331.pdf,4,14,,Teak,,False,False,"Bacillus thuringiensis var. kurstaki, serotype H-39, 3B, Strain Z-52","Defoliator (Hyblaea  puera), Skeletonizer  (Eutectona machaeralis)",numeric,BARE_RANGE,per_ha,0.25,0.1012,0.5,0.2023,g,0.25-0.50,unparseable,BARE_RANGE,,,,,,,500-750,,False,not_applicable,-,crop_out_of_scope
bio_insecticides_20260331.pdf,4,15,,,,False,False,"Bacillus thuringiensis serovar kurstaki (3a, 3b, 3c) 5.0% WP Potency 55000 SU (Spodoptera unit based)  (5x107 spore/mg)",,empty,EMPTY,,,,,,,,empty,EMPTY,,,,,,,,,False,not_applicable,,crop_blank
bio_insecticides_20260331.pdf,5,1,,Cabbage,,False,False,"Bacillus thuringiensis serovar kurstaki (3a, 3b, 3c) 5.0% WP Potency 55000 SU (Spodoptera unit based)  (5x107 spore/mg)",Diamond back moth,numeric,BARE_RANGE,per_ha,25.0,10.117,50.0,20.2339,g,25.00-  50.00,unparseable,BARE_RANGE,,,,,,,500-1000,,False,not_applicable,-,crop_out_of_scope
bio_insecticides_20260331.pdf,5,2,,,,False,False,"Bacillus thuringiensis var. kurstaki 0.5% WP serotype 3a, 3b, 3c, Strain DOR Bt-1, Potency 9000 IU/mg  min. U/s 9(3b)",,empty,EMPTY,,,,,,,,empty,EMPTY,,,,,,,,,False,not_applicable,,crop_blank
bio_insecticides_20260331.pdf,5,3,,Caster,,False,False,"Bacillus thuringiensis var. kurstaki 0.5% WP serotype 3a, 3b, 3c, Strain DOR Bt-1, Potency 9000 IU/mg  min. U/s 9(3b)",Caster 5rustaki5r (Achaea  janata),empty,NULL_MARKER,,,,,,,-,unparseable,BARE_NUMBER,,,,,,,0.25,,False,not_applicable,-,crop_out_of_scope
bio_insecticides_20260331.pdf,5,4,,,,False,False,"Bacillus thuringiensis var. kurstaki 0.5% WP serotype 3a, 3b, 3c, Strain DOR Bt-1 NAIMCC-B-01118,  Potency 13329 IU/mg min. U/s 9(3b)",,empty,EMPTY,,,,,,,,empty,EMPTY,,,,,,,,,False,not_applicable,,crop_blank
bio_insecticides_20260331.pdf,5,6,,,,False,False,"Bacillus thuringiensis var. kurstaki 0.5% WP serotype 3a, 3b, 3c, Strain DOR Bt-1, Potency 9000 IU/mg  min. U/s 9(3b)",,empty,EMPTY,,,,,,,,empty,EMPTY,,,,,,,,,False,not_applicable,,crop_blank
bio_insecticides_20260331.pdf,5,7,,Caster,,False,False,"Bacillus thuringiensis var. kurstaki 0.5% WP serotype 3a, 3b, 3c, Strain DOR Bt-1, Potency 9000 IU/mg  min. U/s 9(3b)",Caster 5rustaki5r (Achaea  janata),empty,NULL_MARKER,,,,,,,-,unparseable,BARE_RANGE,,,,,,,0.25- 0.375,,False,not_applicable,-,crop_out_of_scope
bio_insecticides_20260331.pdf,5,8,,,,False,False,"Bacillus thuringiensis var. kurstaki 0.5% WP serotype 3a, 3b, 3c, Strain DOR Bt-1, Potency 16000IU/mg  min.",,empty,EMPTY,,,,,,,,empty,EMPTY,,,,,,,,,False,not_applicable,,crop_blank
bio_insecticides_20260331.pdf,5,10,,,,False,False,Bacillus thuringiensis var. kurstaki 2.5% AS (Spicbio-BTK AS),,empty,EMPTY,,,,,,,,empty,EMPTY,,,,,,,,,False,not_applicable,,crop_blank
bio_insecticides_20260331.pdf,5,12,,,,False,False,"Bacillus thuringiensis var. krustaki, Serotype H-3a, 3b, Strain Z-52  Potency:-  3000 IU/mg min – on Gypsy moth             32000 IU/mg min – Trichoplusia vi             50000 IU/mg min – Helicoverpa armigera  55000 IU/mg min – Spodoptera exiqua",,empty,EMPTY,,,,,,,,empty,EMPTY,,,,,,,,,False,not_applicable,,crop_blank
bio_insecticides_20260331.pdf,5,14,,Rice,,False,False,"Bacillus thuringiensis var. krustaki, Serotype H-3a, 3b, Strain Z-52  Potency:-  3000 IU/mg min – on Gypsy moth             32000 IU/mg min – Trichoplusia vi             50000 IU/mg min – Helicoverpa armigera  55000 IU/mg min – Spodoptera exiqua",Stem borer & Leaf folder,empty,NULL_MARKER,,,,,,,-,numeric,NUM_UNIT,per_ha,1.5,0.607,,,kg,1.50 kg.,,False,not_applicable,-,crop_out_of_scope
bio_insecticides_20260331.pdf,6,1,,Tobacco,,False,False,"Bacillus thuringiensis var. krustaki, Serotype H-3a, 3b, Strain Z-52  Potency:-  3000 IU/mg min – on Gypsy moth             32000 IU/mg min – Trichoplusia vi             50000 IU/mg min – Helicoverpa armigera  55000 IU/mg min – Spodoptera exiqua","Spodoptera litura,  Helicoverpaarmigera",empty,NULL_MARKER,,,,,,,-,numeric,RANGE_UNIT,per_ha,1.5,0.607,2.0,0.8094,kg,1.50-2.00 kg.,,False,not_applicable,-,crop_out_of_scope
bio_insecticides_20260331.pdf,6,2,,Castor,,False,False,"Bacillus thuringiensis var. krustaki, Serotype H-3a, 3b, Strain Z-52  Potency:-  3000 IU/mg min – on Gypsy moth             32000 IU/mg min – Trichoplusia vi             50000 IU/mg min – Helicoverpa armigera  55000 IU/mg min – Spodoptera exiqua","Hairy caterpillar, Caster  semilooper (Achaea  janata)",empty,NULL_MARKER,,,,,,,-,numeric,NUM_UNIT,per_ha,1.0,0.4047,,,kg,1.00 kg.,,False,not_applicable,-,crop_out_of_scope
bio_insecticides_20260331.pdf,6,3,,Teak,,False,False,"Bacillus thuringiensis var. krustaki, Serotype H-3a, 3b, Strain Z-52  Potency:-  3000 IU/mg min – on Gypsy moth             32000 IU/mg min – Trichoplusia vi             50000 IU/mg min – Helicoverpa armigera  55000 IU/mg min – Spodoptera exiqua","Defoliator (Hyblaea  puera), Skeletonizer  (Eutectona  machaeralis)",empty,NULL_MARKER,,,,,,,-,numeric,PCT_RANGE,concentration_pct,0.25,,0.5,,%,0.25-0.50% Sol.,,False,not_applicable,-,crop_out_of_scope
bio_insecticides_20260331.pdf,6,4,,,,False,False,"Bacillus thuringiensis var. kurstaki Strain HD-1, serotype 3a, 3b, 3.5% ES for Import &repack.  Potency17600 IU/mg",,empty,EMPTY,,,,,,,,empty,EMPTY,,,,,,,,,False,not_applicable,,crop_blank
bio_insecticides_20260331.pdf,6,6,,Tea,,False,False,"Bacillus thuringiensis var. kurstaki Strain HD-1, serotype 3a, 3b, 3.5% ES for Import &repack.  Potency17600 IU/mg",Leaf roller (Caloptilia  theivora),empty,NULL_MARKER,,,,,,,-,unparseable,BARE_NUMBER,,,,,,,1000,,False,not_applicable,-,crop_out_of_scope
bio_insecticides_20260331.pdf,6,7,,,,False,False,"Bacillus thuringiensis var. kurstaki Serotype 3a, 3b, SA II WG Potency:- 53000 SU/mg, 32000 IU/mg",,empty,EMPTY,,,,,,,,empty,EMPTY,,,,,,,,,False,not_applicable,,crop_blank
bio_insecticides_20260331.pdf,6,8,,"Cabbage,  Cauliflower",,False,False,"Bacillus thuringiensis var. kurstaki Serotype 3a, 3b, SA II WG Potency:- 53000 SU/mg, 32000 IU/mg",Diamond back moth,empty,NULL_MARKER,,,,,,,-,numeric,NUM_UNIT,per_ha,0.5,0.2023,,,kg,0.5 kg.,,False,not_applicable,-,crop_out_of_scope
bio_insecticides_20260331.pdf,6,9,,,,False,False,"Bacillus thuringiensis var. kurstaki 10% WSL (CFU: 2x109 /gm min.) Strain- NBAIR-BtG4,  Accession no- JN120763, JN120765, Potency- 14245 IU/ml min.",,empty,EMPTY,,,,,,,,empty,EMPTY,,,,,,,,,False,not_applicable,,crop_blank
bio_insecticides_20260331.pdf,6,11,,,,False,False,"Bacillus firmus 1.5% AS (CFU count: 1 × 10⁸ /ml Min.) Strain name: AMMFA-BF1, NCMR Accession number MCC  0584)",,empty,EMPTY,,,,,,,,empty,EMPTY,,,,,,,,,False,not_applicable,,crop_blank
bio_insecticides_20260331.pdf,6,13,,,,False,False,Beauveria bassiana 1.15% WP,,empty,EMPTY,,,,,,,,empty,EMPTY,,,,,,,,,False,not_applicable,,crop_blank
bio_insecticides_20260331.pdf,6,15,,,,False,False,Beauveria bassiana 01.15% WP,,empty,EMPTY,,,,,,,,empty,EMPTY,,,,,,,,,False,not_applicable,,crop_blank
bio_insecticides_20260331.pdf,6,17,,Rice  (Paddy),,False,False,Beauveria bassiana 01.15% WP,Leaf folder,empty,NULL_MARKER,,,,,,,-,numeric,PER_HA_EXPLICIT,per_ha,2.5,1.0117,,,kg,2.50 kg/ha,,False,not_applicable,-,crop_out_of_scope
bio_insecticides_20260331.pdf,7,0,,,,False,False,"Beauveria bassiana 1.15% WP. (1x108  /gm min) Strain BB-ICAR-RJP, Accession No – MCC 1022",,empty,EMPTY,,,,,,,,empty,EMPTY,,,,,,,,,False,not_applicable,,crop_blank
bio_insecticides_20260331.pdf,7,1,,Rice,,False,False,"Beauveria bassiana 1.15% WP. (1x108  /gm min) Strain BB-ICAR-RJP, Accession No – MCC 1022",Rice  leaf  folder  (Cnaphalocrocis  medinalis),empty,NULL_MARKER,,,,,,,-,numeric,NUM_UNIT,per_ha,2.5,1.0117,,,kg,2.5 kg.,,False,not_applicable,,crop_out_of_scope
bio_insecticides_20260331.pdf,7,2,,,,False,False,"Beauveria bassiana 1.15% WP (Strain : BB – 5372, own R & D Isolate)",,empty,EMPTY,,,,,,,,empty,EMPTY,,,,,,,,,False,not_applicable,,crop_blank
bio_insecticides_20260331.pdf,7,3,,Rice,,False,False,"Beauveria bassiana 1.15% WP (Strain : BB – 5372, own R & D Isolate)",Rice  leaf  folder  (Cnaphalocrocis  medinalis),empty,NULL_MARKER,,,,,,,-,numeric,NUM_UNIT,per_ha,2.5,1.0117,,,kg,2.5 kg.,,False,not_applicable,-,crop_out_of_scope
bio_insecticides_20260331.pdf,7,4,,,,False,False,"Beauveria bassiana 1.15% WP (1x108 /gm min) Strain ICAR, Research Complex, Umiam, Meghalaya,  Accession No – NAIMCC-F-03045",,empty,EMPTY,,,,,,,,empty,EMPTY,,,,,,,,,False,not_applicable,,crop_blank
bio_insecticides_20260331.pdf,7,5,,Rice,,False,False,"Beauveria bassiana 1.15% WP (1x108 /gm min) Strain ICAR, Research Complex, Umiam, Meghalaya,  Accession No – NAIMCC-F-03045",Rice  leaf  folder  (Cnaphalocrocis  medinalis),empty,NULL_MARKER,,,,,,,-,numeric,NUM_UNIT,per_ha,2.5,1.0117,,,kg,2.5 kg.,,False,not_applicable,-,crop_out_of_scope
bio_insecticides_20260331.pdf,7,6,,,,False,False,"Beauveria bassiana 1.15% WP (1x108 /gm min) Accession No – NAIMCC-F-03045, Strain No. NBAIM,  MAU.",,empty,EMPTY,,,,,,,,empty,EMPTY,,,,,,,,,False,not_applicable,,crop_blank
bio_insecticides_20260331.pdf,7,7,,Rice,,False,False,"Beauveria bassiana 1.15% WP (1x108 /gm min) Accession No – NAIMCC-F-03045, Strain No. NBAIM,  MAU.",Rice  leaf  folder  (Cnaphalocrocis  medinalis),empty,NULL_MARKER,,,,,,,-,numeric,PER_HA_EXPLICIT,per_ha,2.5,1.0117,,,kg,2.5 kg/ha,,False,not_applicable,-,crop_out_of_scope
bio_insecticides_20260331.pdf,7,8,,,,False,False,"Beauveria bassiana 1.15% WP (1x108  /spores/ml) Strain BCRL, Accession No – BCRL Bbpx-6892",,empty,EMPTY,,,,,,,,empty,EMPTY,,,,,,,,,False,not_applicable,,crop_blank
bio_insecticides_20260331.pdf,7,9,,Cabbage,,False,False,"Beauveria bassiana 1.15% WP (1x108  /spores/ml) Strain BCRL, Accession No – BCRL Bbpx-6892",Diamond back moth  (Plutella xylostella),numeric,RANGE_UNIT,per_ha,1.0,0.4047,1.5,0.607,l,1-1.5 litre,unparseable,BARE_RANGE,,,,,,,500-750,,False,not_applicable,NA,crop_out_of_scope
bio_insecticides_20260331.pdf,7,10,,,,False,False,"Beauveria bassiana 1.0% WP, Strain No: NBRI – 9947 (1x108  CFU/gm Min.)",,empty,EMPTY,,,,,,,,empty,EMPTY,,,,,,,,,False,not_applicable,,crop_blank
bio_insecticides_20260331.pdf,7,12,,,,False,False,"Beauveria bassiana 1.0% WP (1x109  CFU/gm min), Strain No. IPL/BB/MI/01",,empty,EMPTY,,,,,,,,empty,EMPTY,,,,,,,,,False,not_applicable,,crop_blank
bio_insecticides_20260331.pdf,7,13,,Okra  (Bhindi),,False,False,"Beauveria bassiana 1.0% WP (1x109  CFU/gm min), Strain No. IPL/BB/MI/01","Fruit borer, Spotted  bollworm",empty,NULL_MARKER,,,,,,,-,numeric,RANGE_UNIT,per_ha,3.75,1.5175,5.0,2.0234,kg,3.75-5.0 kg.,,False,not_applicable,-,crop_out_of_scope
bio_insecticides_20260331.pdf,7,14,,,,False,False,"Beauveria bassiana 1.0% WP (1x108  CFU/gm min), Strain No. SVBPU/CSP/Bb-10, Accession No. ITCC- 7520",,empty,EMPTY,,,,,,,,empty,EMPTY,,,,,,,,,False,not_applicable,,crop_blank
bio_insecticides_20260331.pdf,8,0,,,,False,False,"Beauveria bassiana 5.0% WP, (1x108  CFU/gm min) Strain IARI, Accession No. ITCC-7353",,empty,EMPTY,,,,,,,,empty,EMPTY,,,,,,,,,False,not_applicable,,crop_blank
bio_insecticides_20260331.pdf,8,1,,Cabbage,,False,False,"Beauveria bassiana 5.0% WP, (1x108  CFU/gm min) Strain IARI, Accession No. ITCC-7353",Diamond back moth  (Plutella xylostella),empty,NULL_MARKER,,,,,,,-,numeric,NUM_UNIT,per_ha,2.0,0.8094,,,kg,2.0 kg.,,False,not_applicable,-,crop_out_of_scope
bio_insecticides_20260331.pdf,8,2,,,,False,False,"Beauveria bassiana 5.0% SC, Strain: NBAII, Bangalore, Accession No. ITCC-7102, (Strain Isolated by  Project Directorate of Bio-logical control, Bangalore)",,empty,EMPTY,,,,,,,,empty,EMPTY,,,,,,,,,False,not_applicable,,crop_blank
bio_insecticides_20260331.pdf,8,4,,,,False,False,Beauveria bassiana 5.0% AS Strain: BB-AAU-RJP Accession No. MCC – 1024,,empty,EMPTY,,,,,,,,empty,EMPTY,,,,,,,,,False,not_applicable,,crop_blank
bio_insecticides_20260331.pdf,8,6,,,,False,False,"Beauveria  bassiana  1.5%  A.S.  (CFU  count:  1x10^8  /ml  Min.)    Strain-AMMFA-BB1,  NCMR  Accession  number  MCC 0579",,empty,EMPTY,,,,,,,,empty,EMPTY,,,,,,,,,False,not_applicable,,crop_blank
bio_insecticides_20260331.pdf,8,7,,Maize,,False,False,"Beauveria  bassiana  1.5%  A.S.  (CFU  count:  1x10^8  /ml  Min.)    Strain-AMMFA-BB1,  NCMR  Accession  number  MCC 0579",Fall army worm  (Spodoptera frugiperda),empty,NULL_MARKER,,,,,,,-,unparseable,BARE_NUMBER,,,,,,,3125,1,False,resolved,12 hrs,crop_out_of_scope
bio_insecticides_20260331.pdf,8,8,,,,False,False,Beauveria bassiana 1.15% WP (1x108  /gm min) Accession No – NAIMCC-F-03048,,empty,EMPTY,,,,,,,,empty,EMPTY,,,,,,,,,False,not_applicable,,crop_blank
bio_insecticides_20260331.pdf,8,10,,,,False,False,Beauveria bassiana 10.00% SC,,empty,EMPTY,,,,,,,,empty,EMPTY,,,,,,,,,False,not_applicable,,crop_blank
bio_insecticides_20260331.pdf,8,11,,Cabbage,,False,False,Beauveria bassiana 10.00% SC,Diamond back moth,numeric,BARE_RANGE,per_ha,1.0,0.4047,1.5,0.607,g,1-1.5,empty,NULL_MARKER,,,,,,,-,,False,not_applicable,-,crop_out_of_scope
bio_insecticides_20260331.pdf,8,12,,,,False,False,Beauveria bassiana 1.5% Liquid  Formulation (CFU count 10X108) Accession  No.MTCC-5171,,empty,EMPTY,,,,,,,,empty,EMPTY,,,,,,,,,False,not_applicable,,crop_blank
bio_insecticides_20260331.pdf,8,14,,,,False,False,Beauveria bassiana 1.15% WP (1X106  CFU /gm min),,empty,EMPTY,,,,,,,,empty,EMPTY,,,,,,,,,False,not_applicable,,crop_blank
bio_insecticides_20260331.pdf,8,16,,,,False,False,"Lecanicillium (Verticillium) lecanii 1.5% A.S. (CFU count: 1x10^8 /ml Min.) Strain-AMMFA-V1, NCMR Accession  number MCC 0577 (Biopesticide)",,empty,EMPTY,,,,,,,,empty,EMPTY,,,,,,,,,False,not_applicable,,crop_blank
bio_insecticides_20260331.pdf,8,17,,Brinjal,,False,False,"Lecanicillium (Verticillium) lecanii 1.5% A.S. (CFU count: 1x10^8 /ml Min.) Strain-AMMFA-V1, NCMR Accession  number MCC 0577 (Biopesticide)","Jassid, aphid, and white fly  in brinjal.",empty,NULL_MARKER,,,,,,,-,unparseable,BARE_NUMBER,,,,,,,125,,False,not_applicable,-,crop_out_of_scope
bio_insecticides_20260331.pdf,8,18,,,,False,False,"Metarhizium anisopliae 1% WP (1x108 CFU/gm min) Strain No. IPL/KC/44, Accession No. ITCC-6895.",,empty,EMPTY,,,,,,,,empty,EMPTY,,,,,,,,,False,not_applicable,,crop_blank
bio_insecticides_20260331.pdf,8,19,,Brinjal,,False,False,"Metarhizium anisopliae 1% WP (1x108 CFU/gm min) Strain No. IPL/KC/44, Accession No. ITCC-6895.",Shoot & Fruit borer  (Leucinodes orbonalis),empty,NULL_MARKER,,,,,,,-,numeric,RANGE_UNIT,per_ha,2.5,1.0117,5.0,2.0234,kg,2.5-5.0 Kg,,False,not_applicable,-,crop_out_of_scope
bio_insecticides_20260331.pdf,8,20,,,,False,False,Metarhizium anisopliae 1.15% WP (1x108  CFU/gm min) Accession No. MTCC – 5173,,empty,EMPTY,,,,,,,,empty,EMPTY,,,,,,,,,False,not_applicable,,crop_blank
bio_insecticides_20260331.pdf,9,0,,Rice,,False,False,Metarhizium anisopliae 1.15% WP (1x108  CFU/gm min) Accession No. MTCC – 5173,Brown plant hopper  (Nilapavata lungens),empty,NULL_MARKER,,,,,,,-,numeric,NUM_UNIT,per_ha,2.5,1.0117,,,kg,2.5 kg.,,False,not_applicable,-,crop_out_of_scope
bio_insecticides_20260331.pdf,9,1,,,,False,False,"Metarhizium anisopliae 1.0% WP (1x108 CFU/gm min) Strain No. IPL/KC/44 (Own R & D Isolate), Accession  No. 6895.",,empty,EMPTY,,,,,,,,empty,EMPTY,,,,,,,,,False,not_applicable,,crop_blank
bio_insecticides_20260331.pdf,9,2,,Brinjal,,False,False,"Metarhizium anisopliae 1.0% WP (1x108 CFU/gm min) Strain No. IPL/KC/44 (Own R & D Isolate), Accession  No. 6895.",Shoot & Fruit borer  (Leucinodes orbonalis),empty,NULL_MARKER,,,,,,,-,numeric,RANGE_UNIT,per_ha,2.5,1.0117,5.0,2.0234,kg,2.5-5.0 kg,,False,not_applicable,-,crop_out_of_scope
bio_insecticides_20260331.pdf,9,3,,,,False,False,"Metarhizium anisopliae 1.15% WP (1x108 CFU/gm min) Strain No. AAI, Allahabad, Accession No.  NAIMCC-F-03037.",,empty,EMPTY,,,,,,,,empty,EMPTY,,,,,,,,,False,not_applicable,,crop_blank
bio_insecticides_20260331.pdf,9,5,,,,False,False,"Metarhizium anisopliae 1.5% Liquid Formulation  (Accession No. MTCC-5173, T Stanes Ma-1 Strain)",,empty,EMPTY,,,,,,,,empty,EMPTY,,,,,,,,,False,not_applicable,,crop_blank
bio_insecticides_20260331.pdf,9,6,,Paddy,,False,False,"Metarhizium anisopliae 1.5% Liquid Formulation  (Accession No. MTCC-5173, T Stanes Ma-1 Strain)",Brown Plant Hopper  (Nilparvata lugens),empty,NULL_MARKER,,,,,,,-,numeric,NUM_UNIT,per_ha,2.0,0.8094,,,l,2.0  lit,,False,not_applicable,-,crop_out_of_scope
bio_insecticides_20260331.pdf,9,7,,,,False,False,"Metarhizium  anisopliae1.5%  A.S.  (CFU  count:  1x10^8  /ml  Min.)  Strain-AMMFAMA1,  NCMR  Accession  number MCC 0578 (Bio-pesticide)",,empty,EMPTY,,,,,,,,empty,EMPTY,,,,,,,,,False,not_applicable,,crop_blank
bio_insecticides_20260331.pdf,9,8,,Okra,,False,False,"Metarhizium  anisopliae1.5%  A.S.  (CFU  count:  1x10^8  /ml  Min.)  Strain-AMMFAMA1,  NCMR  Accession  number MCC 0578 (Bio-pesticide)","Jassid, Aphid and White fly --",empty,EMPTY,,,,,,,,unparseable,BARE_NUMBER,,,,,,,3125,,False,not_applicable,--,crop_out_of_scope
bio_insecticides_20260331.pdf,9,9,,,,False,False,"Metarhizium anisopliae 10% GR (CFU count 1 X 108 /gm. min.) Strain BCRL– Me, Accession No. ITCC  6911",,empty,EMPTY,,,,,,,,empty,EMPTY,,,,,,,,,False,not_applicable,,crop_blank
bio_insecticides_20260331.pdf,9,10,,,,False,False,,,empty,EMPTY,,,,,,,,empty,EMPTY,,,,,,,,,False,not_applicable,,crop_blank
bio_insecticides_20260331.pdf,9,11,,,,False,False,,,empty,EMPTY,,,,,,,,empty,EMPTY,,,,,,,,,False,not_applicable,,crop_blank
bio_insecticides_20260331.pdf,9,12,,Potato,,False,False,"Metarhizium anisopliae 10% GR (CFU count 1 X 108 /gm. min.) Strain BCRL– Me, Accession No. ITCC  6911",White grub,numeric,NUM_UNIT,per_ha,60.0,24.2807,,,kg,60kg.,empty,EMPTY,,,,,,,,,False,not_applicable,NA,crop_out_of_scope
bio_insecticides_20260331.pdf,9,13,,,,False,False,"Pseudomonas fluorescens 1.0% WP (Strain No. IIHR-PF-2, Accession No. ITCC- B0034)",,empty,EMPTY,,,,,,,,empty,EMPTY,,,,,,,,,False,not_applicable,,crop_blank
bio_insecticides_20260331.pdf,10,0,,Brinjal,,False,False,"Pseudomonas fluorescens 1.0% WP (Strain No. IIHR-PF-2, Accession No. ITCC- B0034)",Root-knot nematodes  (Meloidogyne spp.),empty,EMPTY,,,,,,,,empty,EMPTY,,,,,,,,,False,not_applicable,,crop_out_of_scope
bio_insecticides_20260331.pdf,10,1,,Carrot,,False,False,"Pseudomonas fluorescens 1.0% WP (Strain No. IIHR-PF-2, Accession No. ITCC- B0034)",Root-knot nematodes  (Meloidogyne spp.),empty,EMPTY,,,,,,,,empty,EMPTY,,,,,,,,,False,not_applicable,,crop_out_of_scope
bio_insecticides_20260331.pdf,10,2,,Okra,,False,False,"Pseudomonas fluorescens 1.0% WP (Strain No. IIHR-PF-2, Accession No. ITCC- B0034)",Root-knot nematodes  (Meloidogyne spp.),empty,EMPTY,,,,,,,,empty,EMPTY,,,,,,,,,False,not_applicable,,crop_out_of_scope
bio_insecticides_20260331.pdf,10,3,,,,False,False,Trichoderma harzianum 1.0% WP (Strain No. IIHR-TH-2 Accessions No. ITCC 6888),,empty,EMPTY,,,,,,,,empty,EMPTY,,,,,,,,,False,not_applicable,,crop_blank
bio_insecticides_20260331.pdf,10,5,,Brinjal,,False,False,Trichoderma harzianum 1.0% WP (Strain No. IIHR-TH-2 Accessions No. ITCC 6888),Root-knot nematodes  (Meloidogyne incognita),empty,EMPTY,,,,,,,,empty,EMPTY,,,,,,,,,False,not_applicable,,crop_out_of_scope
bio_insecticides_20260331.pdf,10,6,,Carrot,,False,False,Trichoderma harzianum 1.0% WP (Strain No. IIHR-TH-2 Accessions No. ITCC 6888),Root-knot nematodes  (Meloidogyne incognita),empty,EMPTY,,,,,,,,empty,EMPTY,,,,,,,,,False,not_applicable,,crop_out_of_scope
bio_insecticides_20260331.pdf,10,7,,Okra,,False,False,Trichoderma harzianum 1.0% WP (Strain No. IIHR-TH-2 Accessions No. ITCC 6888),Root-knot nematodes  (Meloidogyne,empty,EMPTY,,,,,,,,empty,EMPTY,,,,,,,,,False,not_applicable,,crop_out_of_scope
bio_insecticides_20260331.pdf,10,8,,Okra,,False,False,Trichoderma harzianum 1.0% WP (Strain No. IIHR-TH-2 Accessions No. ITCC 6888),incognita),empty,EMPTY,,,,,,,,empty,EMPTY,,,,,,,,,False,not_applicable,,crop_out_of_scope
bio_insecticides_20260331.pdf,10,9,,Gerbera,,False,False,Trichoderma harzianum 1.0% WP (Strain No. IIHR-TH-2 Accessions No. ITCC 6888),Meloidogyne incognita,empty,EMPTY,,,,,,,,empty,EMPTY,,,,,,,,,False,not_applicable,,no_registered_header
bio_insecticides_20260331.pdf,10,10,,Carnations,,False,False,Trichoderma harzianum 1.0% WP (Strain No. IIHR-TH-2 Accessions No. ITCC 6888),Meloidogyne incognita,empty,EMPTY,,,,,,,,empty,EMPTY,,,,,,,,,False,not_applicable,,no_registered_header
bio_insecticides_20260331.pdf,10,11,,Tuberose,,False,False,Trichoderma harzianum 1.0% WP (Strain No. IIHR-TH-2 Accessions No. ITCC 6888),Meloidogyne incognita,empty,EMPTY,,,,,,,,empty,EMPTY,,,,,,,,,False,not_applicable,,no_registered_header
bio_insecticides_20260331.pdf,10,12,,Banana,,False,False,Trichoderma harzianum 1.0% WP (Strain No. IIHR-TH-2 Accessions No. ITCC 6888),Meloidogyne incognita,empty,EMPTY,,,,,,,,empty,EMPTY,,,,,,,,,False,not_applicable,,no_registered_header
bio_insecticides_20260331.pdf,10,13,,Acid lime,,False,False,Trichoderma harzianum 1.0% WP (Strain No. IIHR-TH-2 Accessions No. ITCC 6888),Citrus nematodes (Tylenchulus  semipenetrans),empty,EMPTY,,,,,,,,empty,EMPTY,,,,,,,,,False,not_applicable,,no_registered_header
bio_insecticides_20260331.pdf,11,1,,Papaya,,False,False,Trichoderma harzianum 1.0% WP (Strain No. IIHR-TH-2 Accessions No. ITCC 6888),Meloidogyne spp.  Reniform Nematodes  (Rotelenchulus  reniformis),empty,EMPTY,,,,,,,,empty,EMPTY,,,,,,,,,False,not_applicable,,no_registered_header
bio_insecticides_20260331.pdf,11,2,,,,False,False,PB Rope L,,empty,EMPTY,,,,,,,,empty,EMPTY,,,,,,,,,False,not_applicable,,crop_blank
bio_insecticides_20260331.pdf,11,3,,,,False,False,,,empty,EMPTY,,,,,,,,empty,EMPTY,,,,,,,,,False,not_applicable,,crop_blank
bio_insecticides_20260331.pdf,11,4,,,,False,False,,,empty,EMPTY,,,,,,,,empty,EMPTY,,,,,,,,,False,not_applicable,,crop_blank
bio_insecticides_20260331.pdf,11,6,,,,False,False,Trichoderma harzianum 1.5% WP (Strain No. IIHR-TV-5 Accessions No. ITCC 6889),,empty,EMPTY,,,,,,,,empty,EMPTY,,,,,,,,,False,not_applicable,,crop_blank
bio_insecticides_20260331.pdf,11,8,,Brinjal,,False,False,Trichoderma harzianum 1.5% WP (Strain No. IIHR-TV-5 Accessions No. ITCC 6889),Root-knot nematodes (Meloidogyne  incognita),empty,EMPTY,,,,,,,,empty,EMPTY,,,,,,,,,False,not_applicable,,crop_out_of_scope
bio_insecticides_20260331.pdf,11,9,,Carrot,,False,False,Trichoderma harzianum 1.5% WP (Strain No. IIHR-TV-5 Accessions No. ITCC 6889),Root-knot nematodes (Meloidogyne  incognita),empty,EMPTY,,,,,,,,empty,EMPTY,,,,,,,,,False,not_applicable,,crop_out_of_scope
bio_insecticides_20260331.pdf,11,10,,Carrot,,False,False,Trichoderma harzianum 1.5% WP (Strain No. IIHR-TV-5 Accessions No. ITCC 6889),,empty,EMPTY,,,,,,,,empty,EMPTY,,,,,,,,,False,not_applicable,,crop_out_of_scope
bio_insecticides_20260331.pdf,11,11,,Okra,,False,False,Trichoderma harzianum 1.5% WP (Strain No. IIHR-TV-5 Accessions No. ITCC 6889),Root-knot nematodes (Meloidogyne  incognita),empty,EMPTY,,,,,,,,empty,EMPTY,,,,,,,,,False,not_applicable,,crop_out_of_scope
bio_insecticides_20260331.pdf,11,12,,,,False,False,Trichoderma viride 1.5% WP (Strain No. IIHR-TV-5 Accessions No. ITCC 6889),,empty,EMPTY,,,,,,,,empty,EMPTY,,,,,,,,,False,not_applicable,,crop_blank
bio_insecticides_20260331.pdf,12,1,,Brinjal,,False,False,Trichoderma viride 1.5% WP (Strain No. IIHR-TV-5 Accessions No. ITCC 6889),Root-knot nematodes (Meloidogyne  incognita),empty,EMPTY,,,,,,,,empty,EMPTY,,,,,,,,,False,not_applicable,,crop_out_of_scope
bio_insecticides_20260331.pdf,12,2,,Carrot,,False,False,Trichoderma viride 1.5% WP (Strain No. IIHR-TV-5 Accessions No. ITCC 6889),Root-knot nematodes (Meloidogyne  incognita),empty,EMPTY,,,,,,,,empty,EMPTY,,,,,,,,,False,not_applicable,,crop_out_of_scope
bio_insecticides_20260331.pdf,12,3,,Okra,,False,False,Trichoderma viride 1.5% WP (Strain No. IIHR-TV-5 Accessions No. ITCC 6889),Root-knot nematodes (Meloidogyne  incognita),empty,EMPTY,,,,,,,,empty,EMPTY,,,,,,,,,False,not_applicable,,crop_out_of_scope
bio_insecticides_20260331.pdf,12,4,,,,False,False,"Verticillium chlamydosporium 1.0% WP, (2x106 CFU/gm min) Strain – IIHR-VC-3 Accession No –  ITCC-6898",,empty,EMPTY,,,,,,,,empty,EMPTY,,,,,,,,,False,not_applicable,,crop_blank
bio_insecticides_20260331.pdf,12,6,,Brinjal,,False,False,"Verticillium chlamydosporium 1.0% WP, (2x106 CFU/gm min) Strain – IIHR-VC-3 Accession No –  ITCC-6898",Root-knot nematodes (Meloidogyne  incognita),empty,EMPTY,,,,,,,,empty,EMPTY,,,,,,,,,False,not_applicable,,crop_out_of_scope
bio_insecticides_20260331.pdf,12,7,,Carrot,,False,False,"Verticillium chlamydosporium 1.0% WP, (2x106 CFU/gm min) Strain – IIHR-VC-3 Accession No –  ITCC-6898",Root-knot nematodes (Meloidogyne  incognita),empty,EMPTY,,,,,,,,empty,EMPTY,,,,,,,,,False,not_applicable,,crop_out_of_scope
bio_insecticides_20260331.pdf,12,8,,Okra,,False,False,"Verticillium chlamydosporium 1.0% WP, (2x106 CFU/gm min) Strain – IIHR-VC-3 Accession No –  ITCC-6898",Root-knot nematodes (Meloidogyne  incognita),empty,EMPTY,,,,,,,,empty,EMPTY,,,,,,,,,False,not_applicable,,crop_out_of_scope
bio_insecticides_20260331.pdf,12,9,,,,False,False,"Verticillium lecanii 1.15%WP, (1x108  CFU/gm min) Strain – AS MEGH-VL Accession No – MCC-1028",,empty,EMPTY,,,,,,,,empty,EMPTY,,,,,,,,,False,not_applicable,,crop_blank
bio_insecticides_20260331.pdf,12,11,,Citrus,,False,False,"Verticillium lecanii 1.15%WP, (1x108  CFU/gm min) Strain – AS MEGH-VL Accession No – MCC-1028",Mealybug  (Planococcus citri),empty,NULL_MARKER,,,,,,,-,unparseable,BARE_NUMBER,,,,,,,2500,,False,not_applicable,-,crop_out_of_scope
bio_insecticides_20260331.pdf,13,0,,,,False,False,"Verticillium Lecanii 1.50% Liquid Formulation, (1x108 CFU/ml. min.) Strain – T Stanes VI-1,  Accession No – MTCC-5172",,empty,EMPTY,,,,,,,,empty,EMPTY,,,,,,,,,False,not_applicable,,crop_blank
bio_insecticides_20260331.pdf,13,2,,,,False,False,"Verticillium lecanii 3.0% AS, (strain: Accession No. MCC-1127, Strain No. MPKV / Biocontrol/ RVN/  VL-01",,empty,EMPTY,,,,,,,,empty,EMPTY,,,,,,,,,False,not_applicable,,crop_blank
bio_insecticides_20260331.pdf,13,4,,,,False,False,"Verticillium lecanii 5.0% SC, (Strain: Accession No. NFCCI - 2638",,empty,EMPTY,,,,,,,,empty,EMPTY,,,,,,,,,False,not_applicable,,crop_blank
bio_insecticides_20260331.pdf,13,5,,Cabbage,,False,False,"Verticillium lecanii 5.0% SC, (Strain: Accession No. NFCCI - 2638",Diamond Back  Moth (Plutella  xylostella),empty,NULL_MARKER,,,,,,,-,unparseable,BARE_NUMBER,,,,,,,500,,False,not_applicable,-,crop_out_of_scope
bio_insecticides_20260331.pdf,13,6,,,,False,False,"Verticillium lecanii 5.0% SC, (1x108 CFU/gm Min.) Strain – Own Red Isolate, Strain No. VI-17874,  MTCC No.5716",,empty,EMPTY,,,,,,,,empty,EMPTY,,,,,,,,,False,not_applicable,,crop_blank
bio_insecticides_20260331.pdf,13,7,,Rice,,False,False,"Verticillium lecanii 5.0% SC, (1x108 CFU/gm Min.) Strain – Own Red Isolate, Strain No. VI-17874,  MTCC No.5716",White backed  plant hopper  (Sogotella  furcifera),empty,NULL_MARKER,,,,,,,-,numeric,NUM_UNIT,per_ha,3.125,1.2646,,,kg,3.125 kg.,,False,not_applicable,-,crop_out_of_scope
bio_insecticides_20260331.pdf,13,8,,,,False,False,Nuclear Polyhedrosis Virus of Helicoverpa armigera 0.43% AS (1x109 POB/ml),,empty,EMPTY,,,,,,,,empty,EMPTY,,,,,,,,,False,not_applicable,,crop_blank
bio_insecticides_20260331.pdf,13,11,,,,False,False,"Nuclear Polyhedrosis Virus of Helicoverpa armigera 2.0% AS, Strain No. GBS/HNPV -01 (1x109  POB/ml Min.)",,empty,EMPTY,,,,,,,,empty,EMPTY,,,,,,,,,False,not_applicable,,crop_blank
bio_insecticides_20260331.pdf,13,14,,,,False,False,"Nuclear Polyhedrosis Virus of Helicoverpa armigera 2.0% AS, Strain No. NBRI-8821 (1x109 POB/ml  Min.)",,empty,EMPTY,,,,,,,,empty,EMPTY,,,,,,,,,False,not_applicable,,crop_blank
bio_insecticides_20260331.pdf,13,16,,,,False,False,"Nuclear Polyhedrosis Virus of Helicoverpa armigera 2.0% AS, Strain No. IBH-17268 (1x109 POB/ml  Min.)",,empty,EMPTY,,,,,,,,empty,EMPTY,,,,,,,,,False,not_applicable,,crop_blank
bio_insecticides_20260331.pdf,14,2,,,,False,False,"Nuclear Polyhedrosis Virus of Helicoverpa armigera 2.0% AS, Strain No. BIL/HV-9 POB(1x109 POB/ml  Min.)",,empty,EMPTY,,,,,,,,empty,EMPTY,,,,,,,,,False,not_applicable,,crop_blank
bio_insecticides_20260331.pdf,14,6,,,,False,False,"Nuclear Polyhedrosis Virus of Helicoverpa armigera 2.0% AS, Strain No. IBL-17268",,empty,EMPTY,,,,,,,,empty,EMPTY,,,,,,,,,False,not_applicable,,crop_blank
bio_insecticides_20260331.pdf,14,9,,,,False,False,"Nuclear Polyhedrosis Virus of Helicoverpa armigera 0.43% AS, Strain No. BIL/HV-9 (1x109 POB/ml  Min.)",,empty,EMPTY,,,,,,,,empty,EMPTY,,,,,,,,,False,not_applicable,,crop_blank
bio_insecticides_20260331.pdf,14,12,,,,False,False,"Nuclear Polyhedrosis Virus of Spodoptera litura 0.5% AS, (1x109 POB/ml Min.)",,empty,EMPTY,,,,,,,,empty,EMPTY,,,,,,,,,False,not_applicable,,crop_blank
bio_insecticides_20260331.pdf,14,13,,Tobacco,,False,False,"Nuclear Polyhedrosis Virus of Spodoptera litura 0.5% AS, (1x109 POB/ml Min.)",Spodoptera litura,empty,NULL_MARKER,,,,,,,-,unparseable,BARE_NUMBER,,,,,,,1500,,False,not_applicable,-,crop_out_of_scope
bio_insecticides_20260331.pdf,14,14,,,,False,False,"NPV of Helicoverpa armigera 0.5%AS, (1x109 POB/ml Min.)",,empty,EMPTY,,,,,,,,empty,EMPTY,,,,,,,,,False,not_applicable,,crop_blank
bio_insecticides_20260331.pdf,14,16,,,,False,False,"NPV of Helicoverpa armigera 2.0%AS, (1x109 POBs count / ml min) Biological Insecticide",,empty,EMPTY,,,,,,,,empty,EMPTY,,,,,,,,,False,not_applicable,,crop_blank
bio_insecticides_20260331.pdf,15,1,,,,False,False,"Paecilomyces lilacinus 01.15% WP (Accession No. MTCC No. 5175, T-Stanes PI-1 Strain)",,empty,EMPTY,,,,,,,,empty,EMPTY,,,,,,,,,False,not_applicable,,crop_blank
bio_insecticides_20260331.pdf,15,2,,Brinjal,,False,False,"Paecilomyces lilacinus 01.15% WP (Accession No. MTCC No. 5175, T-Stanes PI-1 Strain)",Root Knot  Nematode,numeric,NUM_UNIT,per_ha,3.0,1.214,,,kg,03.0 kg,free_text,UNSUPPORTED_UNIT,free_text,,,,,,500 kg Organic  manure/ Organic  fertilizer,,False,not_applicable,-,crop_out_of_scope
bio_insecticides_20260331.pdf,15,3,,,,False,False,Paecilomyces lilacinus 1.15% WP (CFU 1^108 / gm. Min) (T Stanes –Pl-1 Strain Accession No. MTCC 5175),,empty,EMPTY,,,,,,,,empty,EMPTY,,,,,,,,,False,not_applicable,,crop_blank
bio_insecticides_20260331.pdf,15,4,,Chilli,,False,False,Paecilomyces lilacinus 1.15% WP (CFU 1^108 / gm. Min) (T Stanes –Pl-1 Strain Accession No. MTCC 5175),Root Knot  Nematode,numeric,NUM_UNIT,per_ha,11.5,4.6538,,,g,11.5 g,unparseable,BARE_RANGE,,,,,,,5.0 – 6.0,,False,not_applicable,-,crop_out_of_scope
bio_insecticides_20260331.pdf,15,5,,Cucumber,,False,False,Paecilomyces lilacinus 1.15% WP (CFU 1^108 / gm. Min) (T Stanes –Pl-1 Strain Accession No. MTCC 5175),Root Knot  Nematode,numeric,NUM_UNIT,per_ha,11.5,4.6538,,,g,11.5 g,unparseable,BARE_RANGE,,,,,,,5.0 -6.0,,False,not_applicable,-,crop_out_of_scope
bio_insecticides_20260331.pdf,15,6,,,,False,False,"Paecilomyces lilacinus 01.50% LF (CFU count 1x108/ml min.)(Accession No. MTCC No. 5175, T-Stanes PI-1  Strain)",,empty,EMPTY,,,,,,,,empty,EMPTY,,,,,,,,,False,not_applicable,,crop_blank
bio_insecticides_20260331.pdf,15,8,,,,False,False,,,empty,EMPTY,,,,,,,,empty,EMPTY,,,,,,,,,False,not_applicable,,crop_blank
bio_insecticides_20260331.pdf,15,9,,,,False,False,,,empty,EMPTY,,,,,,,,empty,EMPTY,,,,,,,,,False,not_applicable,,crop_blank
bio_insecticides_20260331.pdf,15,10,,,,False,False,,,empty,EMPTY,,,,,,,,empty,EMPTY,,,,,,,,,False,not_applicable,,crop_blank
bio_insecticides_20260331.pdf,15,11,,,,False,False,,,empty,EMPTY,,,,,,,,empty,EMPTY,,,,,,,,,False,not_applicable,,crop_blank
bio_insecticides_20260331.pdf,15,12,,,,False,False,,,empty,EMPTY,,,,,,,,empty,EMPTY,,,,,,,,,False,not_applicable,,crop_blank
bio_insecticides_20260331.pdf,15,13,,,,False,False,,,empty,EMPTY,,,,,,,,empty,EMPTY,,,,,,,,,False,not_applicable,,crop_blank
bio_insecticides_20260331.pdf,15,14,,,,False,False,,,empty,EMPTY,,,,,,,,empty,EMPTY,,,,,,,,,False,not_applicable,,crop_blank
bio_insecticides_20260331.pdf,15,15,,,,False,False,,,empty,EMPTY,,,,,,,,empty,EMPTY,,,,,,,,,False,not_applicable,,crop_blank
bio_insecticides_20260331.pdf,15,16,,,,False,False,,,empty,EMPTY,,,,,,,,empty,EMPTY,,,,,,,,,False,not_applicable,,crop_blank
bio_insecticides_20260331.pdf,15,17,,,,False,False,,,empty,EMPTY,,,,,,,,empty,EMPTY,,,,,,,,,False,not_applicable,,crop_blank
bio_insecticides_20260331.pdf,15,18,,,,False,False,,,empty,EMPTY,,,,,,,,empty,EMPTY,,,,,,,,,False,not_applicable,,crop_blank
bio_insecticides_20260331.pdf,15,19,,,,False,False,,,empty,EMPTY,,,,,,,,empty,EMPTY,,,,,,,,,False,not_applicable,,crop_blank
bio_insecticides_20260331.pdf,15,20,,,,False,False,,,empty,EMPTY,,,,,,,,empty,EMPTY,,,,,,,,,False,not_applicable,,crop_blank
bio_insecticides_20260331.pdf,16,0,,,,False,False,,,empty,EMPTY,,,,,,,,empty,EMPTY,,,,,,,,,False,not_applicable,,crop_blank
bio_insecticides_20260331.pdf,16,1,,,,False,False,,,empty,EMPTY,,,,,,,,empty,EMPTY,,,,,,,,,False,not_applicable,,crop_blank
bio_insecticides_20260331.pdf,16,2,,,,False,False,,,empty,EMPTY,,,,,,,,empty,EMPTY,,,,,,,,,False,not_applicable,,crop_blank
bio_insecticides_20260331.pdf,16,3,,,,False,False,,,empty,EMPTY,,,,,,,,empty,EMPTY,,,,,,,,,False,not_applicable,,crop_blank
bio_insecticides_20260331.pdf,16,4,,,,False,False,,,empty,EMPTY,,,,,,,,empty,EMPTY,,,,,,,,,False,not_applicable,,crop_blank
bio_insecticides_20260331.pdf,16,5,,,,False,False,,,empty,EMPTY,,,,,,,,empty,EMPTY,,,,,,,,,False,not_applicable,,crop_blank
bio_insecticides_20260331.pdf,16,6,,,,False,False,,,empty,EMPTY,,,,,,,,empty,EMPTY,,,,,,,,,False,not_applicable,,crop_blank
bio_insecticides_20260331.pdf,16,7,,,,False,False,,,empty,EMPTY,,,,,,,,empty,EMPTY,,,,,,,,,False,not_applicable,,crop_blank
bio_insecticides_20260331.pdf,16,8,,,,False,False,,,empty,EMPTY,,,,,,,,empty,EMPTY,,,,,,,,,False,not_applicable,,crop_blank
bio_insecticides_20260331.pdf,16,9,,,,False,False,,,empty,EMPTY,,,,,,,,empty,EMPTY,,,,,,,,,False,not_applicable,,crop_blank
bio_insecticides_20260331.pdf,16,10,,,,False,False,,,empty,EMPTY,,,,,,,,empty,EMPTY,,,,,,,,,False,not_applicable,,crop_blank
bio_insecticides_20260331.pdf,16,11,,,,False,False,,,empty,EMPTY,,,,,,,,empty,EMPTY,,,,,,,,,False,not_applicable,,crop_blank
bio_insecticides_20260331.pdf,16,12,,,,False,False,,,empty,EMPTY,,,,,,,,empty,EMPTY,,,,,,,,,False,not_applicable,,crop_blank
bio_insecticides_20260331.pdf,16,13,,,,False,False,,,empty,EMPTY,,,,,,,,empty,EMPTY,,,,,,,,,False,not_applicable,,crop_blank
bio_insecticides_20260331.pdf,16,14,,,,False,False,,,empty,EMPTY,,,,,,,,empty,EMPTY,,,,,,,,,False,not_applicable,,crop_blank
bio_insecticides_20260331.pdf,16,15,,,,False,False,,,empty,EMPTY,,,,,,,,empty,EMPTY,,,,,,,,,False,not_applicable,,crop_blank
bio_insecticides_20260331.pdf,17,0,,,,False,False,,,empty,EMPTY,,,,,,,,empty,EMPTY,,,,,,,,,False,not_applicable,,crop_blank
bio_insecticides_20260331.pdf,17,1,,,,False,False,,,empty,EMPTY,,,,,,,,empty,EMPTY,,,,,,,,,False,not_applicable,,crop_blank
bio_insecticides_20260331.pdf,17,2,,,,False,False,,,empty,EMPTY,,,,,,,,empty,EMPTY,,,,,,,,,False,not_applicable,,crop_blank
bio_insecticides_20260331.pdf,17,3,,,,False,False,,,empty,EMPTY,,,,,,,,empty,EMPTY,,,,,,,,,False,not_applicable,,crop_blank
bio_insecticides_20260331.pdf,17,4,,,,False,False,,,empty,EMPTY,,,,,,,,empty,EMPTY,,,,,,,,,False,not_applicable,,crop_blank
bio_insecticides_20260331.pdf,17,5,,,,False,False,,,empty,EMPTY,,,,,,,,empty,EMPTY,,,,,,,,,False,not_applicable,,crop_blank
bio_insecticides_20260331.pdf,17,6,,,,False,False,,,empty,EMPTY,,,,,,,,empty,EMPTY,,,,,,,,,False,not_applicable,,crop_blank
bio_insecticides_20260331.pdf,17,7,,,,False,False,,,empty,EMPTY,,,,,,,,empty,EMPTY,,,,,,,,,False,not_applicable,,crop_blank
bio_insecticides_20260331.pdf,17,8,,,,False,False,,,empty,EMPTY,,,,,,,,empty,EMPTY,,,,,,,,,False,not_applicable,,crop_blank
bio_insecticides_20260331.pdf,17,9,,,,False,False,,,empty,EMPTY,,,,,,,,empty,EMPTY,,,,,,,,,False,not_applicable,,crop_blank
bio_insecticides_20260331.pdf,17,10,,,,False,False,,,empty,EMPTY,,,,,,,,empty,EMPTY,,,,,,,,,False,not_applicable,,crop_blank
bio_insecticides_20260331.pdf,17,11,,,,False,False,,,empty,EMPTY,,,,,,,,empty,EMPTY,,,,,,,,,False,not_applicable,,crop_blank
bio_insecticides_20260331.pdf,17,12,,,,False,False,,,empty,EMPTY,,,,,,,,empty,EMPTY,,,,,,,,,False,not_applicable,,crop_blank
bio_insecticides_20260331.pdf,17,13,,,,False,False,,,empty,EMPTY,,,,,,,,empty,EMPTY,,,,,,,,,False,not_applicable,,crop_blank
bio_insecticides_20260331.pdf,17,14,,,,False,False,,,empty,EMPTY,,,,,,,,empty,EMPTY,,,,,,,,,False,not_applicable,,crop_blank
bio_insecticides_20260331.pdf,17,15,,,,False,False,,,empty,EMPTY,,,,,,,,empty,EMPTY,,,,,,,,,False,not_applicable,,crop_blank
bio_insecticides_20260331.pdf,17,16,,,,False,False,,,empty,EMPTY,,,,,,,,empty,EMPTY,,,,,,,,,False,not_applicable,,crop_blank
bio_insecticides_20260331.pdf,17,17,,,,False,False,,,empty,EMPTY,,,,,,,,empty,EMPTY,,,,,,,,,False,not_applicable,,crop_blank
bio_insecticides_20260331.pdf,17,18,,,,False,False,,,empty,EMPTY,,,,,,,,empty,EMPTY,,,,,,,,,False,not_applicable,,crop_blank
bio_insecticides_20260331.pdf,17,19,,,,False,False,,,empty,EMPTY,,,,,,,,empty,EMPTY,,,,,,,,,False,not_applicable,,crop_blank
bio_insecticides_20260331.pdf,17,20,,,,False,False,,,empty,EMPTY,,,,,,,,empty,EMPTY,,,,,,,,,False,not_applicable,,crop_blank
bio_insecticides_20260331.pdf,17,21,,,,False,False,,,empty,EMPTY,,,,,,,,empty,EMPTY,,,,,,,,,False,not_applicable,,crop_blank
bio_insecticides_20260331.pdf,17,22,,,,False,False,,,empty,EMPTY,,,,,,,,empty,EMPTY,,,,,,,,,False,not_applicable,,crop_blank
bio_insecticides_20260331.pdf,18,0,,,,False,False,,,empty,EMPTY,,,,,,,,empty,EMPTY,,,,,,,,,False,not_applicable,,crop_blank
bio_insecticides_20260331.pdf,18,1,,,,False,False,,,empty,EMPTY,,,,,,,,empty,EMPTY,,,,,,,,,False,not_applicable,,crop_blank
bio_insecticides_20260331.pdf,18,2,,,,False,False,,,empty,EMPTY,,,,,,,,empty,EMPTY,,,,,,,,,False,not_applicable,,crop_blank
bio_insecticides_20260331.pdf,18,3,,,,False,False,,,empty,EMPTY,,,,,,,,empty,EMPTY,,,,,,,,,False,not_applicable,,crop_blank
bio_insecticides_20260331.pdf,18,4,,,,False,False,,,empty,EMPTY,,,,,,,,empty,EMPTY,,,,,,,,,False,not_applicable,,crop_blank
bio_insecticides_20260331.pdf,18,5,,,,False,False,,,empty,EMPTY,,,,,,,,empty,EMPTY,,,,,,,,,False,not_applicable,,crop_blank
bio_insecticides_20260331.pdf,18,6,,,,False,False,,,empty,EMPTY,,,,,,,,empty,EMPTY,,,,,,,,,False,not_applicable,,crop_blank
bio_insecticides_20260331.pdf,18,7,,,,False,False,,,empty,EMPTY,,,,,,,,empty,EMPTY,,,,,,,,,False,not_applicable,,crop_blank
bio_insecticides_20260331.pdf,18,8,,,,False,False,,,empty,EMPTY,,,,,,,,empty,EMPTY,,,,,,,,,False,not_applicable,,crop_blank
bio_insecticides_20260331.pdf,18,9,,,,False,False,,,empty,EMPTY,,,,,,,,empty,EMPTY,,,,,,,,,False,not_applicable,,crop_blank
bio_insecticides_20260331.pdf,18,10,,,,False,False,,,empty,EMPTY,,,,,,,,empty,EMPTY,,,,,,,,,False,not_applicable,,crop_blank
bio_insecticides_20260331.pdf,18,11,,,,False,False,,,empty,EMPTY,,,,,,,,empty,EMPTY,,,,,,,,,False,not_applicable,,crop_blank
bio_insecticides_20260331.pdf,18,12,,,,False,False,,,empty,EMPTY,,,,,,,,empty,EMPTY,,,,,,,,,False,not_applicable,,crop_blank
bio_insecticides_20260331.pdf,19,0,,,,False,False,,,empty,EMPTY,,,,,,,,empty,EMPTY,,,,,,,,,False,not_applicable,,crop_blank
bio_insecticides_20260331.pdf,19,1,,,,False,False,,,empty,EMPTY,,,,,,,,empty,EMPTY,,,,,,,,,False,not_applicable,,crop_blank
bio_insecticides_20260331.pdf,19,2,,,,False,False,,,empty,EMPTY,,,,,,,,empty,EMPTY,,,,,,,,,False,not_applicable,,crop_blank
bio_insecticides_20260331.pdf,19,3,,,,False,False,,,empty,EMPTY,,,,,,,,empty,EMPTY,,,,,,,,,False,not_applicable,,crop_blank
bio_fungicides_20260331.pdf,2,0,,,,False,False,1. Major uses of Bio-Fungicides,,empty,EMPTY,,,,,,,,empty,EMPTY,,,,,,,,,False,not_applicable,,crop_blank
bio_fungicides_20260331.pdf,2,1,,,,False,False,,,empty,EMPTY,,,,,,,,empty,EMPTY,,,,,,,,,False,not_applicable,,crop_blank
bio_fungicides_20260331.pdf,2,2,,,,False,False,,,empty,EMPTY,,,,,,,,empty,EMPTY,,,,,,,,,False,not_applicable,,crop_blank
bio_fungicides_20260331.pdf,2,3,,,,False,False,Ampelomyces quisqualis 2.0% WP,,empty,EMPTY,,,,,,,,empty,EMPTY,,,,,,,,,False,not_applicable,,crop_blank
bio_fungicides_20260331.pdf,2,4,,Okra  (Bhindi),,False,False,Ampelomyces quisqualis 2.0% WP,Powdery mildew  (Erysiphe  cichoracearum),empty,NULL_MARKER,,,,,,,-,numeric,NUM_UNIT,per_ha,2.5,1.0117,,,kg,2.5 kg,,False,not_applicable,-,crop_out_of_scope
bio_fungicides_20260331.pdf,2,5,,C ucumber,,False,False,Ampelomyces quisqualis 2.0% WP,Powdery  mildew,numeric,NUM_UNIT,per_ha,5.0,2.0234,,,kg,5.0 kg,empty,EMPTY,,,,,,,,,False,not_applicable,-,crop_out_of_scope
bio_fungicides_20260331.pdf,2,7,,,,False,False,Ampelomyces quisqualis 1.5% AS (CFU count: 2x10^6 /ml Min.) StrainAMMFA-AQ1; NBAIM Accession  number NAIMCC-SF-0117,,empty,EMPTY,,,,,,,,empty,EMPTY,,,,,,,,,False,not_applicable,,crop_blank
bio_fungicides_20260331.pdf,2,8,,Chilli,,False,False,Ampelomyces quisqualis 1.5% AS (CFU count: 2x10^6 /ml Min.) StrainAMMFA-AQ1; NBAIM Accession  number NAIMCC-SF-0117,Powdery mildew of  chilli (Leveillula  taurica),numeric,BARE_NUMBER,per_ha,37.5,15.1754,,,g,37.5,unparseable,BARE_NUMBER,,,,,,,2500,0,False,resolved,0,crop_out_of_scope
bio_fungicides_20260331.pdf,2,9,,,,False,False,Ampelomyces quisqualis 1.5% % LF (CFU count: 2x10^6 /ml Min.) StrainT Stanes Aq-1; Accession number  MTCC-5683,,empty,EMPTY,,,,,,,,empty,EMPTY,,,,,,,,,False,not_applicable,,crop_blank
bio_fungicides_20260331.pdf,2,11,,,,False,False,"Neem oil based EC containing, Azadirachtin 0.030% (300 ppm)",,empty,EMPTY,,,,,,,,empty,EMPTY,,,,,,,,,False,not_applicable,,crop_blank
bio_fungicides_20260331.pdf,2,12,,Okra,,False,False,"Neem oil based EC containing, Azadirachtin 0.030% (300 ppm)",Powdery mildew,empty,NULL_MARKER,,,,,,,-,unparseable,BARE_RANGE,,,,,,,2-2.50,3,False,resolved,03,crop_out_of_scope
bio_fungicides_20260331.pdf,2,13,,,,False,False,Pseudomonas fluorescens 1.75% WP (T Stanes Pf-1 Strain Accession No. MTCC 5671),,empty,EMPTY,,,,,,,,empty,EMPTY,,,,,,,,,False,not_applicable,,crop_blank
bio_fungicides_20260331.pdf,2,14,,Wheat,,False,False,Pseudomonas fluorescens 1.75% WP (T Stanes Pf-1 Strain Accession No. MTCC 5671),Loose smut,empty,NULL_MARKER,,,,,,,-,numeric,NUM_WITH_METHOD,per_kg_seed,5.0,,,,g,05 g/kg  seed (Seed  treatment),,False,raised,Dilution in  water (lit/ha)  As per  requirement for  uniform coating  of seeds 500 lit  per ha,crop_out_of_scope
bio_fungicides_20260331.pdf,2,15,,Wheat,,False,False,Pseudomonas fluorescens 1.75% WP (T Stanes Pf-1 Strain Accession No. MTCC 5671),,empty,NULL_MARKER,,,,,,,-,free_text,MULTI_BASIS,free_text,,,,,,2.5 kg per  ha  (05 g/litre  water)  (Foliar spray),,False,raised,500 lit per ha,crop_out_of_scope
bio_fungicides_20260331.pdf,3,2,tomato,Tomato,,False,False,Pseudomonas fluorescens 1.75% WP (T Stanes Pf-1 Strain Accession No. MTCC 5671),,empty,EMPTY,,,,,,,,free_text,MULTI_BASIS,free_text,,,,,,3 kg per  ha  (06  g/litre  water)  (Foliar  spray),,False,raised,500 lit per ha,phi_defect
bio_fungicides_20260331.pdf,3,3,,,,False,False,Bacillus subtilis 1.5% AS (AMMFA-BS1 strain; NCMR Accession number MCC0581),,empty,EMPTY,,,,,,,,empty,EMPTY,,,,,,,,,False,not_applicable,,crop_blank
bio_fungicides_20260331.pdf,3,4,,Cucumber,,False,False,Bacillus subtilis 1.5% AS (AMMFA-BS1 strain; NCMR Accession number MCC0581),Downy Mildew,numeric,BARE_NUMBER,per_ha,75.0,30.3509,,,g,75,numeric,PER_HA_EXPLICIT,per_ha,2500.0,1011.6952,,,ml,2500  ml/ha,22,False,resolved,22,crop_out_of_scope
bio_fungicides_20260331.pdf,3,5,,,,False,False,Bacillus subtilis 1.50% L.F (T Stanes Bs-1 Strain MTCC 25072),,empty,EMPTY,,,,,,,,empty,EMPTY,,,,,,,,,False,not_applicable,,crop_blank
bio_fungicides_20260331.pdf,3,6,,Banana,,False,False,Bacillus subtilis 1.50% L.F (T Stanes Bs-1 Strain MTCC 25072),Sigatoka  (Mycosphaere lla musicola),empty,NULL_MARKER,,,,,,,-,numeric,NUM_WITH_METHOD,per_ha,5.0,2.0234,,,l,5  Liter/ ha  (Foli ar  spray ),,False,not_applicable,-,crop_out_of_scope
bio_fungicides_20260331.pdf,3,9,,,,False,False,"Pseudomonas fluorescens 2.0% AS (Strain No. IPL/PS-01, Accession No. MTCC 5727)",,empty,EMPTY,,,,,,,,empty,EMPTY,,,,,,,,,False,not_applicable,,crop_blank
bio_fungicides_20260331.pdf,3,10,,Paddy,,False,False,"Pseudomonas fluorescens 2.0% AS (Strain No. IPL/PS-01, Accession No. MTCC 5727)",Bacterial leaf  blight(Xanthomonas  oryzae pv. oryzae),empty,NULL_MARKER,,,,,,,-,numeric,PER_LITRE,per_litre_water,10.0,,,,ml,10  ml/liter of  water,,False,not_applicable,NIL,crop_out_of_scope
bio_fungicides_20260331.pdf,4,1,,Paddy,,False,False,"Pseudomonas fluorescens 2.0% AS (Strain No. IPL/PS-01, Accession No. MTCC 5727)",,empty,EMPTY,,,,,,,,numeric,PER_HA_EXPLICIT,per_ha,1.87,0.7567,2.5,1.0117,l,1.87- 2.50  litre/ ha,,False,not_applicable,NIL,crop_out_of_scope
bio_fungicides_20260331.pdf,4,2,,,,False,False,"Bacillus subtilis 2.0% AS (Strain No. IPL/BS-09, Accession No. MTCC 5728)",,empty,EMPTY,,,,,,,,empty,EMPTY,,,,,,,,,False,not_applicable,,crop_blank
bio_fungicides_20260331.pdf,4,3,,Paddy,,False,False,"Bacillus subtilis 2.0% AS (Strain No. IPL/BS-09, Accession No. MTCC 5728)",Bacterial leaf  blight(Xanthomonas  oryzae pv. oryzae),empty,NULL_MARKER,,,,,,,-,free_text,MULTI_BASIS,free_text,,,,,,10  ml/lit re of  water                  1.87-2.50  litre/ha,,True,not_applicable,NIL                      NIL,crop_out_of_scope
bio_fungicides_20260331.pdf,5,1,,,,False,False,Bacillus subtilis 1.50% AS ( MTCC Accession no. 5786),,empty,EMPTY,,,,,,,,empty,EMPTY,,,,,,,,,False,not_applicable,,crop_blank
bio_fungicides_20260331.pdf,5,3,,,,False,False,Pseudomonas fluorescens 0.5% WP (TNAU Strain Accession No. ITCC BE 0005),,empty,EMPTY,,,,,,,,empty,EMPTY,,,,,,,,,False,not_applicable,,crop_blank
bio_fungicides_20260331.pdf,5,4,,Groundnut,,False,False,Pseudomonas fluorescens 0.5% WP (TNAU Strain Accession No. ITCC BE 0005),Late leaf spot,empty,NULL_MARKER,,,,,,,-,numeric,PER_KG_SEED,per_kg_seed,10.0,,,,g,10 g/kg  seed,,False,not_applicable,,crop_out_of_scope
bio_fungicides_20260331.pdf,5,5,,Groundnut,,False,False,Pseudomonas fluorescens 0.5% WP (TNAU Strain Accession No. ITCC BE 0005),,empty,NULL_MARKER,,,,,,,-,numeric,PER_HA_EXPLICIT,per_ha,1.0,0.4047,,,kg,1 kg/ha,,False,not_applicable,,crop_out_of_scope
bio_fungicides_20260331.pdf,5,6,,Rice,,False,False,Pseudomonas fluorescens 0.5% WP (TNAU Strain Accession No. ITCC BE 0005),Leaf and neck blast  (Pyriculari a oryzae),empty,NULL_MARKER,,,,,,,-,numeric,PER_KG_SEED,per_kg_seed,10.0,,,,g,10gm/kg seed,,False,not_applicable,Nil,crop_out_of_scope
bio_fungicides_20260331.pdf,6,1,,Rice,,False,False,Pseudomonas fluorescens 0.5% WP (TNAU Strain Accession No. ITCC BE 0005),,empty,NULL_MARKER,,,,,,,-,numeric,PER_HA_EXPLICIT,per_ha,1.0,0.4047,,,kg,1 kg/ha,,False,not_applicable,-,crop_out_of_scope
bio_fungicides_20260331.pdf,6,2,,Rice,,False,False,Pseudomonas fluorescens 0.5% WP (TNAU Strain Accession No. ITCC BE 0005),,empty,NULL_MARKER,,,,,,,-,numeric,PER_HA_EXPLICIT,per_ha,1.0,0.4047,,,kg,1 kg/ha,,False,not_applicable,-,crop_out_of_scope
bio_fungicides_20260331.pdf,6,3,,Chilli seedlings,nursery,False,False,Pseudomonas fluorescens 0.5% WP (TNAU Strain Accession No. ITCC BE 0005),D amping off (Pythium  aphanidermatum),empty,NULL_MARKER,,,,,,,-,numeric,PER_KG_SEED,per_kg_seed,10.0,,,,g,10  g/kg  seed,,False,not_applicable,Nil,crop_out_of_scope
bio_fungicides_20260331.pdf,7,1,,,,False,False,Pseudomonas fluorescens 1.5% WP (BIL-331 Accession No. MTCC5866),,empty,EMPTY,,,,,,,,empty,EMPTY,,,,,,,,,False,not_applicable,,crop_blank
bio_fungicides_20260331.pdf,7,2,,Paddy,,False,False,Pseudomonas fluorescens 1.5% WP (BIL-331 Accession No. MTCC5866),"Bacterial Leaf  blight  (Xanthomona s oryzae),  Blast  (Pyricularia  oryzae), Leaf  spot   (Helminthosp orium oryzae)",empty,NULL_MARKER,,,,,,,-,numeric,PER_KG_SEED,per_kg_seed,5.0,,,,g,5 gm/kg  of  seed,,False,not_applicable,Nil,crop_out_of_scope
bio_fungicides_20260331.pdf,7,3,,Paddy,,False,False,Pseudomonas fluorescens 1.5% WP (BIL-331 Accession No. MTCC5866),,empty,NULL_MARKER,,,,,,,-,numeric,PER_HA_EXPLICIT,per_ha,2.5,1.0117,,,kg,2.5 kg  /ha,,False,not_applicable,Nil,crop_out_of_scope
bio_fungicides_20260331.pdf,7,4,,,,False,False,Pseudomonas fluorescens 1.0% WP (IPL/PS-01 Accession No. MTCC5727),,empty,EMPTY,,,,,,,,empty,EMPTY,,,,,,,,,False,not_applicable,,crop_blank
bio_fungicides_20260331.pdf,8,2,,,,False,False,Pseudomonas fluorescens 1.0% WP (Strain No. IIHR-PF-2 Accession No. ITCCB0034),,empty,EMPTY,,,,,,,,empty,EMPTY,,,,,,,,,False,not_applicable,,crop_blank
bio_fungicides_20260331.pdf,8,4,,Brinjal,,False,False,Pseudomonas fluorescens 1.0% WP (Strain No. IIHR-PF-2 Accession No. ITCCB0034),B acterial Wilt (Ralstonia  solanacearum),empty,EMPTY,,,,,,,,empty,EMPTY,,,,,,,,,False,not_applicable,,crop_out_of_scope
bio_fungicides_20260331.pdf,8,5,,Carrot,,False,False,Pseudomonas fluorescens 1.0% WP (Strain No. IIHR-PF-2 Accession No. ITCCB0034),Bacterial soft rot (Erwinia  carotovora),empty,EMPTY,,,,,,,,empty,EMPTY,,,,,,,,,False,not_applicable,,crop_out_of_scope
bio_fungicides_20260331.pdf,8,6,,Okra,,False,False,Pseudomonas fluorescens 1.0% WP (Strain No. IIHR-PF-2 Accession No. ITCCB0034),Wilt (Fusarium oxysporum  f.sp. vasinfectum),empty,EMPTY,,,,,,,,empty,EMPTY,,,,,,,,,False,not_applicable,,crop_out_of_scope
bio_fungicides_20260331.pdf,8,7,,,,False,False,"Pseudomonas fluorescens 1.5% LF (MTCC no. 5671, Strain designation Pf-1)",,empty,EMPTY,,,,,,,,empty,EMPTY,,,,,,,,,False,not_applicable,,crop_blank
bio_fungicides_20260331.pdf,8,8,,Paddy,,False,False,"Pseudomonas fluorescens 1.5% LF (MTCC no. 5671, Strain designation Pf-1)",Leaf/neck blast,numeric,PER_KG_SEED,per_kg_seed,4.5,,,,ml,4.5mlp er kg  seed,empty,EMPTY,,,,,,,,,False,not_applicable,,crop_out_of_scope
bio_fungicides_20260331.pdf,8,9,,Paddy,,False,False,"Pseudomonas fluorescens 1.5% LF (MTCC no. 5671, Strain designation Pf-1)",,numeric,PER_HA_EXPLICIT,per_ha,6.0,2.4281,,,l,6.0 litre  per  ha,empty,EMPTY,,,,,,,,,False,not_applicable,,crop_out_of_scope
bio_fungicides_20260331.pdf,8,10,,,,False,False,Pseudomonas fluorescens 1.5% AS CFU 1 x 10 8/mL min.; AMMFA-TH1 strain; NCMR Accession number MCC 0580,,empty,EMPTY,,,,,,,,empty,EMPTY,,,,,,,,,False,not_applicable,,crop_blank
bio_fungicides_20260331.pdf,9,1,tomato,Tomato,,False,False,Pseudomonas fluorescens 1.5% AS CFU 1 x 10 8/mL min.; AMMFA-TH1 strain; NCMR Accession number MCC 0580,,empty,EMPTY,,,,,,,,empty,EMPTY,,,,,,,,,False,not_applicable,,structural_filler
bio_fungicides_20260331.pdf,9,2,,,,False,False,Trichoderma harzianum 0.50% WS,,empty,EMPTY,,,,,,,,empty,EMPTY,,,,,,,,,False,not_applicable,,crop_blank
bio_fungicides_20260331.pdf,9,3,,Cardamom,,False,False,Trichoderma harzianum 0.50% WS,Capsule rot  (Phytophthora meadii),empty,NULL_MARKER,,,,,,,-,numeric,PER_PLANT,per_plant,100.0,,,,g,100  gm/plant,,False,not_applicable,-,crop_out_of_scope
bio_fungicides_20260331.pdf,9,4,,,,False,False,Trichoderma harzianum 1.0% WP (Strain No. IIHR-TH-2 Accessions No. ITCC6888),,empty,EMPTY,,,,,,,,empty,EMPTY,,,,,,,,,False,not_applicable,,crop_blank
bio_fungicides_20260331.pdf,9,6,,Brinjal,,False,False,Trichoderma harzianum 1.0% WP (Strain No. IIHR-TH-2 Accessions No. ITCC6888),Wilt (Fusarium solani),empty,EMPTY,,,,,,,,empty,EMPTY,,,,,,,,,False,not_applicable,,crop_out_of_scope
bio_fungicides_20260331.pdf,9,7,,Carrot,,False,False,Trichoderma harzianum 1.0% WP (Strain No. IIHR-TH-2 Accessions No. ITCC6888),Root rot (Sclerotium rolfsii),empty,EMPTY,,,,,,,,empty,EMPTY,,,,,,,,,False,not_applicable,,crop_out_of_scope
bio_fungicides_20260331.pdf,9,8,,Okra,,False,False,Trichoderma harzianum 1.0% WP (Strain No. IIHR-TH-2 Accessions No. ITCC6888),Wilt (Fusarium oxysporum ),empty,EMPTY,,,,,,,,empty,EMPTY,,,,,,,,,False,not_applicable,,crop_out_of_scope
bio_fungicides_20260331.pdf,9,9,,,,False,False,Trichoderma harzianum 1.0% WP (Strain no. Th3 Accession no. 5593),,empty,EMPTY,,,,,,,,empty,EMPTY,,,,,,,,,False,not_applicable,,crop_blank
bio_fungicides_20260331.pdf,9,11,,,,False,False,Trichoderma harzianum 1.5% AS (CFU 2 x 10 ⁶/mL min.; (AMMFA-TH1 strain; NCMR Accession number  MCC 0583),,empty,EMPTY,,,,,,,,empty,EMPTY,,,,,,,,,False,not_applicable,,crop_blank
bio_fungicides_20260331.pdf,9,13,,,,False,False,"Trichoderma viride1.5% AS (CFU count: 2x10^6 /ml Min.), Strain name: AMMFA-TV1 NCMR, Accession Number:  MCC 0582",,empty,EMPTY,,,,,,,,empty,EMPTY,,,,,,,,,False,not_applicable,,crop_blank
bio_fungicides_20260331.pdf,10,0,,,,False,False,Trichoderma harzianum 2.0% WP (NBRI-1055),,empty,EMPTY,,,,,,,,empty,EMPTY,,,,,,,,,False,not_applicable,,crop_blank
bio_fungicides_20260331.pdf,10,1,,Maize,,False,False,Trichoderma harzianum 2.0% WP (NBRI-1055),"Root rot (Fusarium  moniliforme),       Fusarium wilt",empty,NULL_MARKER,,,,,,,-,numeric,PER_KG_SEED,per_kg_seed,20.0,,,,g,20  gm /kg  of  see d,,False,not_applicable,-,crop_out_of_scope
bio_fungicides_20260331.pdf,10,2,,,,False,False,Trichoderma reesei 3.0% WP (CSR-T-3 Strain Accession No. NAIMCC-SF-0030),,empty,EMPTY,,,,,,,,empty,EMPTY,,,,,,,,,False,not_applicable,,crop_blank
bio_fungicides_20260331.pdf,10,3,,Banana,,False,False,Trichoderma reesei 3.0% WP (CSR-T-3 Strain Accession No. NAIMCC-SF-0030),Panama wilt,numeric,PER_HA_EXPLICIT,per_ha,18.0,7.2842,,,kg,18  kg/ha  .,numeric,PER_PLANT,per_plant,250.0,,,,ml,250  ml/plant,7,False,resolved,7 days,crop_out_of_scope
bio_fungicides_20260331.pdf,10,4,,Cumin,,False,False,Trichoderma reesei 3.0% WP (CSR-T-3 Strain Accession No. NAIMCC-SF-0030),Fusaium wilt,numeric,BARE_NUMBER,per_ha,3.0,1.214,,,g,3.00,free_text,MULTI_BASIS,free_text,,,,,,"25 g /kgs  seeds (seed  treatment),  2.5 kg/ha  (soil  drenching)",,False,not_applicable,-,crop_out_of_scope
bio_fungicides_20260331.pdf,10,5,,,,False,False,T richoderma viride 1.0% WP,,empty,EMPTY,,,,,,,,empty,EMPTY,,,,,,,,,False,not_applicable,,crop_blank
bio_fungicides_20260331.pdf,10,8,,"Pulses  (Cowpea,  Mung bean,  Urdbean)",,False,False,T richoderma viride 1.0% WP,Root rot,empty,NULL_MARKER,,,,,,,-,numeric,PER_KG_SEED,per_kg_seed,4.0,,,,g,4 g/kg of  seed,,False,not_applicable,Nil,crop_out_of_scope
bio_fungicides_20260331.pdf,10,9,,Chilli,,False,False,T richoderma viride 1.0% WP,Damping off,empty,NULL_MARKER,,,,,,,-,numeric,PER_KG_SEED,per_kg_seed,4.0,,,,g,4 g/kg of  seed,,False,not_applicable,Nil,crop_out_of_scope
bio_fungicides_20260331.pdf,10,10,,,,False,False,Trichoderma viride 0.5% WP,,empty,EMPTY,,,,,,,,empty,EMPTY,,,,,,,,,False,not_applicable,,crop_blank
bio_fungicides_20260331.pdf,11,1,,,,False,False,Trichoderma viride 1.50% WP (T Stanes Tv-1 Strain Accession No. MTCC 5170),,empty,EMPTY,,,,,,,,empty,EMPTY,,,,,,,,,False,not_applicable,,crop_blank
bio_fungicides_20260331.pdf,11,2,,Groundnut,,False,False,Trichoderma viride 1.50% WP (T Stanes Tv-1 Strain Accession No. MTCC 5170),Seedling wilt,empty,NULL_MARKER,,,,,,,-,numeric,PER_KG_SEED,per_kg_seed,4.0,,,,g,4  gram/kg  seeds,,False,not_applicable,,crop_out_of_scope
bio_fungicides_20260331.pdf,11,3,,Wheat,,False,False,Trichoderma viride 1.50% WP (T Stanes Tv-1 Strain Accession No. MTCC 5170),Loose smut,empty,NULL_MARKER,,,,,,,-,numeric,PER_KG_SEED,per_kg_seed,4.0,,,,g,4  gram/kg  seeds,,False,not_applicable,,crop_out_of_scope
bio_fungicides_20260331.pdf,11,4,,Chilli,,False,False,Trichoderma viride 1.50% WP (T Stanes Tv-1 Strain Accession No. MTCC 5170),Root wilt,empty,EMPTY,,,,,,,,free_text,MULTI_BASIS,free_text,,,,,,5.0 gm/  kg seed 5 .0  gm/lit  water              3.0  kg/ha,,False,not_applicable,,crop_out_of_scope
bio_fungicides_20260331.pdf,12,1,,,,False,False,Trichoderma viride 1.0% WP (TNAU Strain Accession No. ITCC 6914),,empty,EMPTY,,,,,,,,empty,EMPTY,,,,,,,,,False,not_applicable,,crop_blank
bio_fungicides_20260331.pdf,12,2,,Cowpea,,False,False,Trichoderma viride 1.0% WP (TNAU Strain Accession No. ITCC 6914),Root Rot,empty,NULL_MARKER,,,,,,,-,numeric,PER_KG_SEED,per_kg_seed,5.0,,,,g,5  gm/kg  seed,,False,not_applicable,Nil,crop_out_of_scope
bio_fungicides_20260331.pdf,12,3,,Cowpea,,False,False,Trichoderma viride 1.0% WP (TNAU Strain Accession No. ITCC 6914),,empty,EMPTY,,,,,,,,numeric,PER_HA_EXPLICIT,per_ha,2.5,1.0117,,,kg,2.5  kg/ha,,False,not_applicable,Nil,crop_out_of_scope
bio_fungicides_20260331.pdf,13,1,,Chili seedlings,nursery,False,False,Trichoderma viride 1.0% WP (TNAU Strain Accession No. ITCC 6914),Damping off  (Pythium  aphanidermatu m),empty,NULL_MARKER,,,,,,,-,numeric,PER_KG_SEED,per_kg_seed,4.0,,,,g,4 g/kg  seed,,False,not_applicable,Nil,crop_out_of_scope
bio_fungicides_20260331.pdf,13,2,,Urd bean,,False,False,Trichoderma viride 1.0% WP (TNAU Strain Accession No. ITCC 6914),Root rot  (Macrophomina  phaseolina),empty,NULL_MARKER,,,,,,,-,numeric,PER_KG_SEED,per_kg_seed,4.0,,,,g,4 g/kg  seed,,False,not_applicable,Nil,crop_out_of_scope
bio_fungicides_20260331.pdf,14,1,,,,False,False,"Trichoderma viride 1.0% WP (Strain T-14 in house isolate of M/s Indore Biotech Inputs & Research (P) Ltd.,  Indore)",,empty,EMPTY,,,,,,,,empty,EMPTY,,,,,,,,,False,not_applicable,,crop_blank
bio_fungicides_20260331.pdf,14,3,,Paddy,,False,False,"Trichoderma viride 1.0% WP (Strain T-14 in house isolate of M/s Indore Biotech Inputs & Research (P) Ltd.,  Indore)",Sheath blight (Rhizoctoni  asolani),empty,NULL_MARKER,,,,,,,-,numeric,PER_LITRE,per_litre_water,5.0,,10.0,,g,5-10  gm/litr e of  water,,False,not_applicable,,crop_out_of_scope
bio_fungicides_20260331.pdf,14,4,,,,False,False,"Trichoderma viride 1.5% LF (Strain No. TV-1, Accession No. MTCC 5170)",,empty,EMPTY,,,,,,,,empty,EMPTY,,,,,,,,,False,not_applicable,,crop_blank
bio_fungicides_20260331.pdf,14,5,tomato,Tomato,,False,False,"Trichoderma viride 1.5% LF (Strain No. TV-1, Accession No. MTCC 5170)",Root wilt (Fusarium  oxysporum f.sp. lycopersici),empty,NULL_MARKER,,,,,,,-,free_text,MULTI_BASIS,free_text,,,,,,5ml/ kg s eed  +  5  ml/ lit  wat er  +  3000  ml/ha,,False,raised,Dilution in  water- 500  liter/ha,phi_defect
bio_fungicides_20260331.pdf,15,1,,,,False,False,"Trichoderma viride 1.5% WP (Strain No. IIHR-TV-5, Accession No. ITCC 6889)",,empty,EMPTY,,,,,,,,empty,EMPTY,,,,,,,,,False,not_applicable,,crop_blank
bio_fungicides_20260331.pdf,15,3,,Brinjal,,False,False,"Trichoderma viride 1.5% WP (Strain No. IIHR-TV-5, Accession No. ITCC 6889)",Wilt (Fusarium solani),empty,EMPTY,,,,,,,,empty,EMPTY,,,,,,,,,False,not_applicable,,crop_out_of_scope
bio_fungicides_20260331.pdf,15,4,,Carrot,,False,False,"Trichoderma viride 1.5% WP (Strain No. IIHR-TV-5, Accession No. ITCC 6889)",Root rot (Sclerotium rolfsii),empty,EMPTY,,,,,,,,empty,EMPTY,,,,,,,,,False,not_applicable,,crop_out_of_scope
bio_fungicides_20260331.pdf,15,5,,Okra,,False,False,"Trichoderma viride 1.5% WP (Strain No. IIHR-TV-5, Accession No. ITCC 6889)",Wilt (Fusarium oxysporum ),empty,EMPTY,,,,,,,,empty,EMPTY,,,,,,,,,False,not_applicable,,crop_out_of_scope
bio_fungicides_20260331.pdf,15,6,,,,False,False,Trichoderma viride 1.0% WP(IPL/VT/101),,empty,EMPTY,,,,,,,,empty,EMPTY,,,,,,,,,False,not_applicable,,crop_blank
bio_fungicides_20260331.pdf,15,7,,Cauliflower r,,False,False,Trichoderma viride 1.0% WP(IPL/VT/101),Stalk rot (Sclerotinia  sclerotiorum),empty,NULL_MARKER,,,,,,,-,numeric,PER_KG_SEED,per_kg_seed,4.0,,,,g,4 gm/kg  seed,,False,not_applicable,,crop_out_of_scope
bio_fungicides_20260331.pdf,15,8,,Cauliflower r,,False,False,Trichoderma viride 1.0% WP(IPL/VT/101),,empty,NULL_MARKER,,,,,,,-,numeric,PER_HA_EXPLICIT,per_ha,2.5,1.0117,,,kg,2.50 kg/ha,,False,not_applicable,,crop_out_of_scope
bio_fungicides_20260331.pdf,16,1,,Brinjal,,False,False,Trichoderma viride 1.0% WP(IPL/VT/101),"Root Rot/ Wilt/  Damping off  (Rhizoctonia  bataticola,  Sclerotium rolfsii,  Fusarium  oxysporum,  Rhizoctonia solani)",empty,NULL_MARKER,,,,,,,-,numeric,PER_KG_SEED,per_kg_seed,5.0,,,,g,5 gm/kg  seeds,,False,not_applicable,,crop_out_of_scope
bio_fungicides_20260331.pdf,16,2,,Brinjal,,False,False,Trichoderma viride 1.0% WP(IPL/VT/101),,empty,NULL_MARKER,,,,,,,-,free_text,MULTI_BASIS,free_text,,,,,,250 gm/50  litre of  water/400  sq. m,,False,not_applicable,,crop_out_of_scope
bio_fungicides_20260331.pdf,16,3,,Brinjal,,False,False,Trichoderma viride 1.0% WP(IPL/VT/101),,empty,NULL_MARKER,,,,,,,-,numeric,PER_LITRE,per_litre_water,10.0,,,,g,10 gm/litre  of water,,False,not_applicable,,crop_out_of_scope
bio_fungicides_20260331.pdf,16,4,,Brinjal,,False,False,Trichoderma viride 1.0% WP(IPL/VT/101),,empty,NULL_MARKER,,,,,,,-,numeric,PER_HA_EXPLICIT,per_ha,2.5,1.0117,,,kg,2.5 kg/ha,,False,not_applicable,,crop_out_of_scope
bio_fungicides_20260331.pdf,17,1,,Cabbage,,False,False,Trichoderma viride 1.0% WP(IPL/VT/101),Root rot/Collar rot  (Rhizoctonia solani),empty,NULL_MARKER,,,,,,,-,numeric,PER_LITRE,per_litre_water,10.0,,,,g,10 gm/litre  water,,False,not_applicable,,crop_out_of_scope
bio_fungicides_20260331.pdf,17,2,,Cabbage,,False,False,Trichoderma viride 1.0% WP(IPL/VT/101),,empty,NULL_MARKER,,,,,,,-,numeric,PER_HA_EXPLICIT,per_ha,2.5,1.0117,,,kg,2.5 kg/ha,,False,not_applicable,,crop_out_of_scope
bio_fungicides_20260331.pdf,17,3,,,,False,False,Trichoderma viride 1.0% WP,,empty,EMPTY,,,,,,,,empty,EMPTY,,,,,,,,,False,not_applicable,,crop_blank
bio_fungicides_20260331.pdf,18,2,,,,False,False,Trichoderma viride 1.0% WP,,empty,EMPTY,,,,,,,,empty,EMPTY,,,,,,,,,False,not_applicable,,crop_blank
bio_fungicides_20260331.pdf,18,3,,Sunflower,,False,False,Trichoderma viride 1.0% WP,"Seed rot (Sclerotium  rolfsii), Root rot  (Sclerotium rolfsii)",empty,NULL_MARKER,,,,,,,-,numeric,PER_KG_SEED,per_kg_seed,6.0,,,,g,6 g/kg seed,,False,not_applicable,,crop_out_of_scope
bio_fungicides_20260331.pdf,18,4,,Sunflower,,False,False,Trichoderma viride 1.0% WP,,empty,NULL_MARKER,,,,,,,-,numeric,PER_HA_EXPLICIT,per_ha,1.25,0.5058,2.5,1.0117,kg,1.25-2.5  kg/ha,,False,not_applicable,,crop_out_of_scope
bio_fungicides_20260331.pdf,18,5,,,,False,False,Trichoderma viride 1.0% WP (TNAU Strain Accession No. ITCC 6914),,empty,EMPTY,,,,,,,,empty,EMPTY,,,,,,,,,False,not_applicable,,crop_blank
bio_fungicides_20260331.pdf,18,7,,Urd bean,,False,False,Trichoderma viride 1.0% WP (TNAU Strain Accession No. ITCC 6914),Root rot  (Macrophomina  phaseolina),empty,NULL_MARKER,,,,,,,-,numeric,PER_KG_SEED,per_kg_seed,4.0,,,,g,4 gm/kg  seed,,False,not_applicable,-,crop_out_of_scope
bio_fungicides_20260331.pdf,19,1,,,,False,False,Trichoderma viride 5.0% SC (Strain Accession No. ITCC 7111),,empty,EMPTY,,,,,,,,empty,EMPTY,,,,,,,,,False,not_applicable,,crop_blank
bio_fungicides_20260331.pdf,19,2,,Chilli (Nursery ),nursery,False,False,Trichoderma viride 5.0% SC (Strain Accession No. ITCC 7111),Damping off  (Pythium  aphanidermatu m),empty,NULL_MARKER,,,,,,,-,numeric,PER_KG_SEED,per_kg_seed,2.0,,,,ml,2 ml/kg  seed,,False,not_applicable,Nil,crop_out_of_scope
bio_fungicides_20260331.pdf,19,3,,,,False,False,"Trichoderma harzianum 2.0% AS (Strain No. IPL/VT/102, Accession No. ITCC 6893)",,empty,EMPTY,,,,,,,,empty,EMPTY,,,,,,,,,False,not_applicable,,crop_blank
bio_fungicides_20260331.pdf,19,4,,Paddy,,False,False,"Trichoderma harzianum 2.0% AS (Strain No. IPL/VT/102, Accession No. ITCC 6893)",Bakane (Foot rot)  (Fusarium moniliforme),empty,NULL_MARKER,,,,,,,-,numeric,PER_LITRE,per_litre_water,30.0,,,,ml,30 ml/litre  of water,,False,not_applicable,Nil,crop_out_of_scope
bio_fungicides_20260331.pdf,19,5,,Paddy,,False,False,"Trichoderma harzianum 2.0% AS (Strain No. IPL/VT/102, Accession No. ITCC 6893)",,empty,NULL_MARKER,,,,,,,-,numeric,PER_HA_EXPLICIT,per_ha,2.5,1.0117,,,l,2.5 litre/ha,,False,not_applicable,Nil,crop_out_of_scope
bio_fungicides_20260331.pdf,19,6,,,,False,False,Trichoderma viride 5.0% Liquid Formulation (Accession no. NAIMCC-F-03034),,empty,EMPTY,,,,,,,,empty,EMPTY,,,,,,,,,False,not_applicable,,crop_blank
bio_fungicides_20260331.pdf,19,7,,Rice,,False,False,Trichoderma viride 5.0% Liquid Formulation (Accession no. NAIMCC-F-03034),Brown spot (Cochliobolus  miyabeanus),empty,NULL_MARKER,,,,,,,-,numeric,PER_HA_EXPLICIT,per_ha,500.0,202.339,,,l,500 liter/ha,,False,not_applicable,-,crop_out_of_scope
bio_fungicides_20260331.pdf,20,0,,Pea,,False,False,Trichoderma viride 5.0% Liquid Formulation (Accession no. NAIMCC-F-03034),Powdery  mildew,empty,NULL_MARKER,,,,,,,-,numeric,PER_HA_EXPLICIT,per_ha,500.0,202.339,,,l,500 liter/ha,,False,not_applicable,-,crop_out_of_scope
