source_file,source_page,source_row_index,crop_slug,crop_raw,crop_multi_crop_split,flag_pest_bled,active_ingredient,pest_or_disease,dose_ai_branch,dose_ai_pattern,dose_ai_basis,dose_ai_value_min,dose_ai_value_max,dose_ai_unit,dose_ai_raw,dose_formulation_branch,dose_formulation_pattern,dose_formulation_basis,dose_formulation_value_min,dose_formulation_value_max,dose_formulation_unit,dose_formulation_raw,phi_days,phi_not_applicable,phi_outcome,phi_raw
insecticides_20260331.pdf,2,5,grape,Grapes,False,False,Abamectin 01.90 % EC,Mites,numeric,PER_LITRE,per_litre_water,0.014,,g,0.014/L,numeric,PER_LITRE,per_litre_water,0.75,,ml,0.75 ml/L  water,3,False,resolved,03
insecticides_20260331.pdf,2,7,tomato,Tomato,False,False,Abamectin 01.90 % EC,Red spider mites and  Leaf Miner,numeric,BARE_RANGE,per_ha,8.6,11.4,g,8.6 – 11.4,numeric,BARE_RANGE,per_ha,450.0,600.0,ml,450 - 600,3,False,resolved,3
insecticides_20260331.pdf,2,11,cotton,Cotton,False,False,Acephate 75%SP,Jassids,numeric,BARE_NUMBER,per_ha,292.0,,g,292,numeric,BARE_NUMBER,per_ha,390.0,,g,390,15,False,resolved,15
insecticides_20260331.pdf,2,12,cotton,Cotton,False,False,Acephate 75%SP,Bollworms,numeric,BARE_NUMBER,per_ha,584.0,,g,584,numeric,BARE_NUMBER,per_ha,780.0,,g,780,15,False,resolved,15
insecticides_20260331.pdf,2,16,cotton,Cotton,False,False,Acephate 97%DF,Jassids& Boll worm  complex,numeric,BARE_RANGE,per_ha,436.5,582.0,g,436.50 –582,numeric,BARE_RANGE,per_ha,450.0,600.0,g,450 –600,48,False,resolved,48
insecticides_20260331.pdf,2,20,cotton,Cotton,False,False,Acephate 95%SG,Jassids,numeric,BARE_NUMBER,per_ha,750.0,,g,750,numeric,BARE_NUMBER,per_ha,790.0,,g,790,18,False,resolved,18
insecticides_20260331.pdf,3,3,cotton,Cotton,False,False,Acetamiprid 20% SP,"Aphids, Jassids",numeric,BARE_NUMBER,per_ha,10.0,,g,10,numeric,BARE_NUMBER,per_ha,50.0,,g,50,15,False,resolved,15
insecticides_20260331.pdf,3,4,cotton,Cotton,False,False,Acetamiprid 20% SP,Whiteflies,numeric,BARE_NUMBER,per_ha,20.0,,g,20,numeric,BARE_NUMBER,per_ha,100.0,,g,100,15,False,resolved,15
insecticides_20260331.pdf,3,11,cotton,Cotton,False,False,Acetamiprid 25% + Bifenthrin 25 % WG,"Jassid, aphids, thrips,  whiteflies,  Pectinophora  gossypiella,  Helicoverpa  armigera, Earias  vitella",numeric,BARE_NUMBER,per_ha,80.0,,g,80,numeric,BARE_NUMBER,per_ha,160.0,,g,160,33,False,resolved,33
insecticides_20260331.pdf,3,12,soybean,Soybean,False,False,Acetamiprid 25% + Bifenthrin 25 % WG,"Whitefly, girdle  beetle, semi looper  and tobacco  caterpillar",numeric,BARE_NUMBER,per_ha,125.0,,g,125,numeric,BARE_NUMBER,per_ha,250.0,,g,250,28,False,resolved,28
insecticides_20260331.pdf,3,17,cotton,Cotton,False,False,Afidopyropen50g/LDC,"Whitefly, Jassids",numeric,BARE_NUMBER,per_ha,50.0,,g,50,numeric,BARE_NUMBER,per_ha,1000.0,,ml,1000,25,False,resolved,25
insecticides_20260331.pdf,4,0,cotton,Cotton,False,False,Alphacypermethrin10.00%EC,Boll Worms,numeric,BARE_RANGE,per_ha,15.0,25.0,g,15 –25,numeric,BARE_RANGE,per_ha,165.0,280.0,ml,165 –280,7,False,resolved,07
insecticides_20260331.pdf,4,2,cotton,Cotton,False,False,Alphacypermethrin10.00%SC,Boll Worms,numeric,BARE_RANGE,per_ha,25.0,30.0,g,25 –30,numeric,BARE_RANGE,per_ha,250.0,300.0,ml,250 –300,10,False,resolved,10
insecticides_20260331.pdf,5,13,cotton,Cotton,False,False,Beta-cyfluthrin 02.45%SC,Bollworm,numeric,BARE_RANGE,per_ha,12.5,18.75,g,12.5-18.75,numeric,BARE_RANGE,per_ha,500.0,750.0,ml,500 –750,20,False,resolved,20
insecticides_20260331.pdf,6,3,tur,Red gram (Tur or  Arhar),False,False,Benfuracarb 40%EC,Pod borer,numeric,BARE_NUMBER,per_ha,1000.0,,g,1000,numeric,BARE_NUMBER,per_ha,2500.0,,ml,2500,20,False,resolved,20
insecticides_20260331.pdf,6,10,grape,Grapes,False,False,Bifenazate 22.60%SC,Mites,numeric,BARE_NUMBER,per_ha,120.0,,g,120,numeric,BARE_NUMBER,per_ha,500.0,,ml,500,15,False,resolved,15
insecticides_20260331.pdf,6,17,cotton,Cotton,False,False,Bifenthrin 10 %EC,"Boll worms, White fly",numeric,BARE_NUMBER,per_ha,80.0,,g,80,numeric,BARE_NUMBER,per_ha,800.0,,ml,800,15,False,resolved,15
insecticides_20260331.pdf,7,5,tomato,Tomato,False,False,Broflanilide 300 g/l SC,Fruit borer(Helicoverpa armigera)  & leaf miner (Liriomyza trifolii),numeric,BARE_RANGE,per_ha,18.6,25.2,g,18.6-25.2,numeric,BARE_RANGE,per_ha,62.0,84.0,ml,62-84,1,False,resolved,1
insecticides_20260331.pdf,7,6,soybean,Soybean,False,False,Broflanilide 300 g/l SC,"Helicoverpa armigera, Spodoptera  litura, Semilooper (Chrysodeixis   acuta)",numeric,BARE_RANGE,per_ha,12.6,18.6,g,12.6-18.6,numeric,BARE_RANGE,per_ha,42.0,62.0,ml,42-62,37,False,resolved,37
insecticides_20260331.pdf,7,7,tur,Red gram,False,False,Broflanilide 300 g/l SC,Helicoverpa armigera & Maruca  vitrata,numeric,BARE_RANGE,per_ha,12.6,18.6,g,12.6-18.6,numeric,BARE_RANGE,per_ha,42.0,62.0,ml,42-62,25,False,resolved,25
insecticides_20260331.pdf,8,5,cotton,Cotton,False,False,Broflanilide 20% SC,Thrips & Jassids,numeric,BARE_NUMBER,per_ha,25.0,,g,25,numeric,BARE_NUMBER,per_ha,125.0,,ml,125,10,False,resolved,10
insecticides_20260331.pdf,8,6,pomegranate,Pomegranate,False,False,Broflanilide 20% SC,Thrips & Fruit borer,numeric,BARE_NUMBER,per_ha,25.0,,g,25,numeric,BARE_NUMBER,per_ha,125.0,,ml,125,1,False,resolved,1
insecticides_20260331.pdf,8,7,soybean,Soybean,False,False,Broflanilide 20% SC,"Pod borer, Semi-looper & Tobacco  Caterpillar",numeric,BARE_NUMBER,per_ha,25.0,,g,25,numeric,BARE_NUMBER,per_ha,125.0,,ml,125,23,False,resolved,23
insecticides_20260331.pdf,8,8,tomato,Tomato,False,False,Broflanilide 20% SC,"Thrips, Leaf miner & Fruit borer",numeric,BARE_NUMBER,per_ha,25.0,,g,25,numeric,BARE_NUMBER,per_ha,125.0,,ml,125,1,False,resolved,1
insecticides_20260331.pdf,8,11,gram,"Wheat, Gram",True,False,Bromadiolone 00.25% CB,"Field Rat, Indian house rat",numeric,BARE_NUMBER,per_ha,0.005,,g,0.005,empty,NULL_MARKER,,,,,-,,False,not_applicable,-
insecticides_20260331.pdf,8,19,gram,Gram,False,False,Bromadiolone 00.005% RB,"Indian house rat, Field  Rat, Indian house rat",numeric,BARE_NUMBER,per_ha,0.005,,g,0.005,empty,NULL_MARKER,,,,,-,,False,not_applicable,-
insecticides_20260331.pdf,10,1,cotton,Cotton,False,False,Buprofezin 25% SC,"Whitefly Aphids,  Jassids, Thrips",numeric,BARE_NUMBER,per_ha,250.0,,g,250.0,numeric,BARE_NUMBER,per_ha,1000.0,,ml,1000,20,False,resolved,20
insecticides_20260331.pdf,10,4,grape,Grapes,False,False,Buprofezin 25% SC,Mealy bugs,numeric,BARE_RANGE,per_ha,250.0,375.0,g,250 – 375,numeric,BARE_RANGE,per_ha,1000.0,1500.0,ml,1000 –  1500,7,False,resolved,07
insecticides_20260331.pdf,10,8,cotton,Cotton,False,False,Buprofezin 70%DF,"Jassids, Whitefly",numeric,BARE_RANGE,per_ha,250.0,300.0,g,250 –300,numeric,BARE_RANGE,per_ha,357.0,429.0,g,357 –429,20,False,resolved,20
insecticides_20260331.pdf,10,22,tomato,Tomato,False,False,Carbofuran 03%CG,White fly,numeric,BARE_NUMBER,per_ha,1200.0,,g,1200,numeric,BARE_NUMBER,per_ha,40000.0,,g,40000,,False,not_applicable,-
insecticides_20260331.pdf,11,4,soybean,Soybean,False,False,Carbofuran 03%CG,Root knot nematode,numeric,BARE_NUMBER,per_ha,1500.0,,g,1500,numeric,BARE_NUMBER,per_ha,50000.0,,g,50000,,False,not_applicable,-
insecticides_20260331.pdf,11,28,cotton,Cotton,False,False,Carbosulfan 25% EC,"Aphid, Thrips",numeric,BARE_NUMBER,per_ha,312.5,,g,312.5,numeric,BARE_NUMBER,per_ha,1250.0,,ml,1250,70,False,resolved,70
insecticides_20260331.pdf,12,1,cotton,Cotton,False,False,Carbosulfan 25% DS,"Jassid, Aphids, Thrips",numeric,PER_KG_SEED,per_kg_seed,15.0,,g,15 gm/kg seed,numeric,PER_KG_SEED,per_kg_seed,60.0,,g,60 gm/kg  seed,,False,not_applicable,-
insecticides_20260331.pdf,12,12,cotton,Cotton,False,False,Chlorantraniliprole 18.50% SC,"American bollworm, Spotted  bollworm, Tobacco caterpillar",numeric,BARE_NUMBER,per_ha,30.0,,g,30,numeric,BARE_NUMBER,per_ha,150.0,,ml,150,9,False,resolved,09
insecticides_20260331.pdf,12,15,tomato,Tomato,False,False,Chlorantraniliprole 18.50% SC,Fruit borer,numeric,BARE_NUMBER,per_ha,30.0,,g,30,numeric,BARE_NUMBER,per_ha,150.0,,ml,150,3,False,resolved,03
insecticides_20260331.pdf,12,18,tur,Pigeon pea,False,False,Chlorantraniliprole 18.50% SC,Gram Pod borer and Pod Fly,numeric,BARE_NUMBER,per_ha,30.0,,g,30,numeric,BARE_NUMBER,per_ha,150.0,,ml,150,29,False,resolved,29
insecticides_20260331.pdf,12,19,soybean,Soybean,False,False,Chlorantraniliprole 18.50% SC,"Green Semi looper, Stem fly,  Girdle beetle and Tobacco  caterpillar",numeric,BARE_NUMBER,per_ha,30.0,,g,30,numeric,BARE_NUMBER,per_ha,150.0,,ml,150,22,False,resolved,22
insecticides_20260331.pdf,12,20,gram,Bengal gram,False,False,Chlorantraniliprole 18.50% SC,Pod borers,numeric,BARE_NUMBER,per_ha,25.0,,g,25,numeric,BARE_NUMBER,per_ha,125.0,,ml,125,11,False,resolved,11
insecticides_20260331.pdf,13,2,tur,Red Gram,False,False,Chlorantraniliprole 18.50% SC,"Gram Pod borer (Helicoverpa  armigera), Pod fly  (Melanogromyza obtusa)",numeric,BARE_NUMBER,per_ha,30.0,,g,30,numeric,BARE_NUMBER,per_ha,150.0,,ml,150,22,False,resolved,22
insecticides_20260331.pdf,13,13,tomato,Tomato,False,False,Chlorantraniliprole 35%WG,Fruit borer  (Helicoverpa  armigera),numeric,BARE_NUMBER,per_ha,30.0,,g,30,numeric,BARE_NUMBER,per_ha,86.0,,g,86,3,False,resolved,03
insecticides_20260331.pdf,13,15,tur,Red gram,False,False,CHLORANTRANILIPROLE 47.85 % w/w SC,Pod borer  (Helicoverpa  armigera) Spotted pod  borer (Maruca spp.) Pod fly  (Melanagromyza  obtusa),numeric,BARE_NUMBER,per_ha,30.0,,g,30,numeric,BARE_NUMBER,per_ha,50.0,,ml,50,31,False,resolved,31
insecticides_20260331.pdf,14,1,gram,Chickpea,False,False,CHLORANTRANILIPROLE 47.85 % w/w SC,Pod borer  (Helicoverpa  armigera) Tobacco  caterpillar (Spodoptera  spp.),numeric,BARE_NUMBER,per_ha,25.0,,g,25,numeric,BARE_NUMBER,per_ha,41.66,,ml,41.66,26,False,resolved,26
insecticides_20260331.pdf,14,3,soybean,Soybean,False,False,CHLORANTRANILIPROLE 47.85 % w/w SC,Tobacco caterpillar  (Spodoptera litura)  Girdle beetle  (Obereopsis brevis)  Stem fly  (Melanagromyza spp.)  Green semilooper  (Chrysodeixis acuta),numeric,BARE_NUMBER,per_ha,30.0,,g,30,numeric,BARE_NUMBER,per_ha,50.0,,ml,50,44,False,resolved,44
insecticides_20260331.pdf,14,6,cotton,Cotton,False,False,CHLORANTRANILIPROLE 47.85 % w/w SC,American Boll worm  (Helicoverpa  armigera) Tobacco  caterpillar (Spodoptera  litura),numeric,BARE_NUMBER,per_ha,30.0,,g,30,numeric,BARE_NUMBER,per_ha,50.0,,ml,50,67,False,resolved,67
insecticides_20260331.pdf,14,9,tomato,Tomato,False,False,CHLORANTRANILIPROLE 47.85 % w/w SC,Tobacco caterpillar  (Spodoptera litura)  Fruit borer (Helicoverpa armigera),numeric,BARE_NUMBER,per_ha,30.0,,g,30,numeric,BARE_NUMBER,per_ha,50.0,,ml,50,3,False,resolved,3
insecticides_20260331.pdf,15,7,soybean,Soybean,False,False,Chlorantraniliprole 15 % w/w + Emamectin benzoate 7.5% w/w SC,Spodoptera litura and  Semi looper,free_text,COMPOUND,free_text,,,,30 + 15,numeric,BARE_NUMBER,per_ha,200.0,,ml,200,38,False,resolved,38
insecticides_20260331.pdf,15,9,tur,Red Gram,False,False,Chlorantraniliprole 15 % w/w + Emamectin benzoate 7.5% w/w SC,Helicoverpa armigera  Maruca testulalis,free_text,COMPOUND,free_text,,,,30 + 15,numeric,BARE_NUMBER,per_ha,200.0,,ml,200,27,False,resolved,27
insecticides_20260331.pdf,15,10,gram,Bengal gram,False,False,Chlorantraniliprole 15 % w/w + Emamectin benzoate 7.5% w/w SC,Helicoverpa armigera  and Semi looper,free_text,COMPOUND,free_text,,,,30 + 15,numeric,BARE_NUMBER,per_ha,200.0,,ml,200,19,False,resolved,19
insecticides_20260331.pdf,16,2,tur,Red gram,False,False,Chlorfenapyr 240 g/LSC,"Helicoverpa  armigera, Maruca  vitrata",numeric,BARE_RANGE,per_ha,192.0,240.0,g,192-240,numeric,BARE_RANGE,per_ha,800.0,1000.0,ml,800-1000,41,False,resolved,41
insecticides_20260331.pdf,16,3,cotton,Cotton,False,False,Chlorfenapyr 240 g/LSC,Spodoptera litura  and Thrips,numeric,BARE_RANGE,per_ha,75.0,102.0,g,75-102,numeric,BARE_RANGE,per_ha,312.5,425.0,ml,312.5-425,48,False,resolved,48
insecticides_20260331.pdf,16,4,gram,Chickpea,False,False,Chlorfenapyr 240 g/LSC,Pod borer  (Helicoverpa  armigera),numeric,BARE_RANGE,per_ha,192.0,240.0,g,192-240,numeric,BARE_RANGE,per_ha,800.0,1000.0,ml,800-1000,49,False,resolved,49
insecticides_20260331.pdf,16,8,soybean,Soybean,False,False,Chlorfenapyr 240 g/LSC,Spodoptera litura  and Green  Semilooper,numeric,BARE_RANGE,per_ha,78.0,102.0,g,78-102,numeric,BARE_RANGE,per_ha,312.5,425.0,ml,312.5-425,21,False,resolved,21
insecticides_20260331.pdf,16,11,cotton,Cotton,False,False,Chlorfluazuron 05.40%EC,"American bollworm,  Tobacco leaf eating  caterpillar",numeric,BARE_RANGE,per_ha,75.0,100.0,g,75 –100,numeric,BARE_RANGE,per_ha,1500.0,2000.0,ml,1500 -  2000,10,False,resolved,10
insecticides_20260331.pdf,16,12,soybean,Soybean,False,False,Chlorfluazuron 05.40%EC,"Fruit Borer  (Helicoverpa  amigera), Tobacco  Caterpillar  (Spodoptera litura)",numeric,BARE_NUMBER,per_ha,75.0,,g,75,numeric,BARE_NUMBER,per_ha,1500.0,,ml,1500,34,False,resolved,34
insecticides_20260331.pdf,16,14,tomato,Tomato,False,False,Chlorfluazuron 05.40%EC,"Fruit Borer  (Helicoverpa   amigera), Tobacco  Caterpillar  (Spodoptera litura)",numeric,BARE_NUMBER,per_ha,100.0,,g,100,numeric,BARE_NUMBER,per_ha,2000.0,,ml,2000,3,False,resolved,3
insecticides_20260331.pdf,17,9,gram,Gram,False,False,Chlorpyrifos 20% EC,Cut worm,numeric,BARE_NUMBER,per_ha,500.0,,g,500,numeric,BARE_NUMBER,per_ha,2500.0,,ml,2500,,False,not_applicable,-
insecticides_20260331.pdf,17,13,cotton,Cotton,False,False,Chlorpyrifos 20% EC,"Aphid, Boll worm, White fly",numeric,BARE_NUMBER,per_ha,250.0,,g,250,numeric,BARE_NUMBER,per_ha,1250.0,,ml,1250,,False,not_applicable,-
insecticides_20260331.pdf,17,14,cotton,Cotton,False,False,Chlorpyrifos 20% EC,Cut worm,numeric,BARE_NUMBER,per_ha,750.0,,g,750,numeric,BARE_NUMBER,per_ha,3750.0,,ml,3750,,False,not_applicable,-
insecticides_20260331.pdf,17,20,onion,Onion,False,False,Chlorpyrifos 20% EC,Root grub,numeric,BARE_NUMBER,per_ha,1000.0,,g,1000,numeric,BARE_NUMBER,per_ha,5000.0,,ml,5000,,False,not_applicable,-
insecticides_20260331.pdf,18,3,cotton,Cotton,False,False,Chlorpyrifos50% EC,Bollworms,numeric,BARE_RANGE,per_ha,500.0,600.0,g,500-600,numeric,BARE_RANGE,per_ha,1000.0,1200.0,ml,1000-1200,30,False,resolved,30
insecticides_20260331.pdf,18,7,gram,Bengal gram,False,False,Chlorpyrifos 01.50% DP,Pod borer (Helicoverpa  armigera),numeric,BARE_NUMBER,per_ha,375.0,,g,375,numeric,BARE_NUMBER,per_ha,25000.0,,g,25000,7,False,resolved,07
insecticides_20260331.pdf,18,14,cotton,Cotton,False,False,Clothianidin 50 %WDG,Jassids,numeric,BARE_RANGE,per_ha,15.0,20.0,g,15 –20,numeric,BARE_RANGE,per_ha,30.0,40.0,g,30 –40,20,False,resolved,20
insecticides_20260331.pdf,18,15,cotton,Cotton,False,False,Clothianidin 50 %WDG,Whitefly,numeric,BARE_RANGE,per_ha,20.0,25.0,g,20 –25,numeric,BARE_RANGE,per_ha,40.0,50.0,g,40 –50,20,False,resolved,20
insecticides_20260331.pdf,18,16,cotton,Cotton (Soil  drench),False,False,Clothianidin 50 %WDG,"Jassids, Aphids, Thrips,  Whitefly",numeric,BARE_RANGE,per_ha,100.0,125.0,g,100 –125,numeric,BARE_RANGE,per_ha,200.0,250.0,g,200 –250,76,False,resolved,76
insecticides_20260331.pdf,18,19,grape,Grapes (Soil  drench),False,False,Clothianidin 50 %WDG,"Thrips, Jassids and Mealy  Bugs",numeric,BARE_NUMBER,per_ha,250.0,,g,250,numeric,BARE_NUMBER,per_ha,500.0,,g,500,15,False,resolved,15
insecticides_20260331.pdf,19,4,grape,Grapes,False,False,Cyantraniliprole 10.26% OD,"Thrips (Scirtothrips dorsalis),  Flea beetle (Scelodonta  strigicollis)",numeric,BARE_NUMBER,per_ha,70.0,,g,70,numeric,BARE_NUMBER,per_ha,700.0,,ml,700,5,False,resolved,05
insecticides_20260331.pdf,19,5,pomegranate,Pomegranate,False,False,Cyantraniliprole 10.26% OD,"Thrips (Scirtothrips dorsalis),  Pomegranate butterfly  (Deudorix gossypi)",numeric,PCT_EQUIV_FIRST,concentration_pct,0.0075,,%,75 (0.0075%),numeric,PCT_EQUIV_FIRST,concentration_pct,0.075,,%,750  (0.075%),5,False,resolved,05
insecticides_20260331.pdf,19,6,pomegranate,Pomegranate,False,False,Cyantraniliprole 10.26% OD,"Whitefly (Siphoninus  phillyreae), Aphids(Aphis  punicae)",numeric,PCT_EQUIV_FIRST,concentration_pct,0.009,,%,90 (0.009%),numeric,PCT_EQUIV_FIRST,concentration_pct,0.09,,%,900  (0.09%),5,False,resolved,05
insecticides_20260331.pdf,19,9,tomato,Tomato,False,False,Cyantraniliprole 10.26% OD,"Leaf miner (Liriomyza  trifolii), Aphids (Aphis  gossypi), Thrips (Thrips  tabaci), Whitefly (Bemesia  tabaci), Fruit borer  (Helicoverpa armigera)",numeric,BARE_NUMBER,per_ha,90.0,,g,90,numeric,BARE_NUMBER,per_ha,900.0,,ml,900,3,False,resolved,03
insecticides_20260331.pdf,20,2,cotton,Cotton,False,False,Cyantraniliprole 10.26% OD,Whitefly- Bemisia tabaci  Aphids- Aphis gossypii  Thrips- Thrips tabaci  Tobacco caterpillar-  Spodoptera litura  Bollworms- Helicoverpa  armigera & Earias vitella,numeric,BARE_NUMBER,per_ha,90.0,,g,90,numeric,BARE_NUMBER,per_ha,900.0,,ml,900,7,False,resolved,7
insecticides_20260331.pdf,21,1,tomato,Tomato,False,False,CYANTRANILIPROLE 18.41% w/w SC,"Thrips, Aphid, White fly, Leaf  miner",numeric,BARE_NUMBER,per_ha,8.75,,g,8.75,numeric,BARE_NUMBER,per_ha,43.75,,ml,43.75,75,False,resolved,75
insecticides_20260331.pdf,21,16,tomato,Tomato,False,False,Cyclobutrifluram 38.4% w/w SC (Import only),Root Knot Nematode  (Meloidogyne incognita),numeric,BARE_NUMBER,per_ha,168.75,,g,168.75,numeric,BARE_NUMBER,per_ha,375.0,,ml,375,,False,not_applicable,-
insecticides_20260331.pdf,22,1,cotton,Cotton,False,False,Cypermethrin 10% EC,"Spotted boll worm, American  bollworm, Pink bollworm",numeric,BARE_RANGE,per_ha,50.0,70.0,g,50 – 70,numeric,BARE_RANGE,per_ha,550.0,760.0,ml,550 – 760,7,False,resolved,07
insecticides_20260331.pdf,22,8,cotton,Cotton,False,False,Cypermethrin 25% EC,Bollworms,numeric,BARE_RANGE,per_ha,40.0,70.0,g,40 –70,numeric,BARE_RANGE,per_ha,160.0,280.0,ml,160 –280,,False,not_applicable,-
insecticides_20260331.pdf,22,9,cotton,Cotton,False,False,Cypermethrin 25% EC,"Jassids, Thrips",numeric,BARE_RANGE,per_ha,20.0,30.0,g,20 –30,numeric,BARE_RANGE,per_ha,80.0,120.0,ml,80 –120,,False,not_applicable,-
insecticides_20260331.pdf,22,14,tomato,Tomato  nursery,False,False,Dazomet,Root knot nematode,numeric,BARE_RANGE,per_ha,30.0,40.0,g,30 –40,unparseable,BARE_RANGE,,,,,30 –40,,False,not_applicable,-
insecticides_20260331.pdf,22,17,cotton,Cotton,False,False,Deltamethrin 11%w/w EC,Bollworms,numeric,BARE_NUMBER,per_ha,12.5,,g,12.50,numeric,BARE_NUMBER,per_ha,125.0,,ml,125,30,False,resolved,30
insecticides_20260331.pdf,22,21,tomato,Tomato,False,False,Deltamethrin 11%w/w EC,Fruit borers,numeric,BARE_RANGE,per_ha,10.0,12.5,g,10 – 12.5,numeric,BARE_RANGE,per_ha,100.0,125.0,ml,100 – 125,3,False,resolved,3
insecticides_20260331.pdf,23,1,onion,Onion,False,False,Deltamethrin 11%w/w EC,Thrips,numeric,BARE_NUMBER,per_ha,15.0,,g,15,numeric,BARE_NUMBER,per_ha,150.0,,ml,150,5,False,resolved,5
insecticides_20260331.pdf,23,3,cotton,Cotton,False,False,Deltamethrin 25%Tablet,Bollworms,numeric,BARE_NUMBER,per_ha,12.5,,g,12.50,numeric,BARE_NUMBER,per_ha,50.0,,g,50,30,False,resolved,30
insecticides_20260331.pdf,23,5,cotton,Cotton,False,False,Deltamethrin 01.80%EC,Bollworms,numeric,BARE_NUMBER,per_ha,12.5,,g,12.50,numeric,BARE_NUMBER,per_ha,781.0,,ml,781,30,False,resolved,30
insecticides_20260331.pdf,23,6,cotton,Cotton,False,False,Deltamethrin 01.80%EC,Sucking insects,numeric,BARE_NUMBER,per_ha,10.0,,g,10,numeric,BARE_NUMBER,per_ha,625.0,,ml,625,30,False,resolved,30
insecticides_20260331.pdf,23,13,cotton,Cotton,False,False,Deltamethrin 02.80 %EC,Bollworm,numeric,BARE_NUMBER,per_ha,12.5,,g,12.50,numeric,BARE_NUMBER,per_ha,500.0,,ml,500,,False,not_applicable,-
insecticides_20260331.pdf,23,14,cotton,Cotton,False,False,Deltamethrin 02.80 %EC,Sucking Insects,numeric,BARE_NUMBER,per_ha,10.0,,g,10,numeric,BARE_NUMBER,per_ha,400.0,,ml,400,,False,not_applicable,-
insecticides_20260331.pdf,24,0,tur,Red Gram  (Arhar/Tur),False,False,Deltamethrin 02.80 %EC,Pod Borer & Pod Fly,numeric,BARE_NUMBER,per_ha,12.5,,g,12.50,numeric,BARE_NUMBER,per_ha,500.0,,ml,500.0,10,False,resolved,10
insecticides_20260331.pdf,24,8,cotton,Cotton,False,False,Diafenthiuron 47.80%SC,"Whiteflies, Aphids, Thrips,  Jassids",numeric,BARE_NUMBER,per_ha,250.0,,g,250,numeric,BARE_NUMBER,per_ha,500.0,,ml,500,41,False,resolved,41
insecticides_20260331.pdf,24,10,soybean,Soybean,False,False,Diafenthiuron 47.80%SC,"Whiteflies, mites",numeric,BARE_NUMBER,per_ha,250.0,,g,250,numeric,BARE_NUMBER,per_ha,500.0,,ml,500,44,False,resolved,44
insecticides_20260331.pdf,24,12,cotton,Cotton,False,False,Diafenthiuron 50% WP,"Whiteflies, Aphids, Thrips,  Jassids",numeric,BARE_NUMBER,per_ha,300.0,,g,300,numeric,BARE_NUMBER,per_ha,600.0,,g,600,21,False,resolved,21
insecticides_20260331.pdf,24,18,cotton,Cotton,False,False,Diafenthiuron 50% WP,"Whiteflies, Aphids,Thrips,  Jassids",numeric,BARE_NUMBER,per_ha,239.0,,g,239,numeric,BARE_NUMBER,per_ha,500.0,,g,500,30,False,resolved,30
insecticides_20260331.pdf,25,2,tomato,Tomato,False,False,Diafenthiuron 50% WP,WhitefliesandRedspidermites,numeric,BARE_NUMBER,per_ha,300.0,,g,300,numeric,BARE_NUMBER,per_ha,600.0,,g,600,5,False,resolved,05
insecticides_20260331.pdf,25,6,cotton,Cotton,False,False,Diflubenzuron 25% WP,Tobacco Caterpillar,numeric,BARE_RANGE,per_ha,75.0,87.5,g,75 –87.50,numeric,BARE_RANGE,per_ha,300.0,350.0,g,300 –350,,False,not_applicable,-
insecticides_20260331.pdf,25,7,cotton,Cotton,False,False,Diflubenzuron 25% WP,Bollworms,numeric,BARE_NUMBER,per_ha,75.0,,g,75,numeric,BARE_NUMBER,per_ha,300.0,,g,300,,False,not_applicable,-
insecticides_20260331.pdf,25,10,cotton,Cotton,False,False,Dimethoate 30% EC,"Aphis, Jassids, Thrips",numeric,BARE_NUMBER,per_ha,200.0,,g,200,numeric,BARE_NUMBER,per_ha,660.0,,ml,660,24,False,resolved,24
insecticides_20260331.pdf,25,11,cotton,Cotton,False,False,Dimethoate 30% EC,Grey weevil,numeric,BARE_NUMBER,per_ha,300.0,,g,300,numeric,BARE_NUMBER,per_ha,1000.0,,ml,1000,,False,not_applicable,
insecticides_20260331.pdf,26,1,cotton,Cotton,False,False,DIMPROPYRIDAZ 120 g/l SL,White fly,numeric,BARE_RANGE,per_ha,108.0,120.0,g,108 – 120,numeric,BARE_RANGE,per_ha,900.0,1000.0,ml,900 –  1000,31,False,resolved,31
insecticides_20260331.pdf,26,2,cotton,Cotton,False,False,DIMPROPYRIDAZ 120 g/l SL,"Jassids, Aphids",numeric,BARE_NUMBER,per_ha,84.0,,g,84,numeric,BARE_NUMBER,per_ha,700.0,,ml,700,,False,not_applicable,
insecticides_20260331.pdf,26,5,tomato,Tomato,False,False,DIMPROPYRIDAZ 120 g/l SL,"White fly, Jassids, Aphids",numeric,BARE_RANGE,per_ha,108.0,120.0,g,108 - 120,numeric,BARE_RANGE,per_ha,900.0,1000.0,ml,900 –  1000,3,False,resolved,3
insecticides_20260331.pdf,26,9,cotton,Cotton,False,False,Dinotefuran 20% SG,"Whitefly, Jassids, Aphids  & Thrips",numeric,BARE_RANGE,per_ha,25.0,30.0,g,25 –30,numeric,BARE_RANGE,per_ha,125.0,150.0,g,125 –150,15,False,resolved,15
insecticides_20260331.pdf,26,11,cotton,Cotton,False,False,Dinotefuran 70 %WG,"Aphids, Whitefly, Leaf  Hopper",numeric,BARE_NUMBER,per_ha,61.2,,g,61.2,numeric,BARE_NUMBER,per_ha,87.0,,g,87,17,False,resolved,17
insecticides_20260331.pdf,26,15,cotton,Cotton,False,False,Emamectin benzoate 05%SG,Boll worms,numeric,BARE_RANGE,per_ha,9.5,11.0,g,9.5 –11.0,numeric,BARE_RANGE,per_ha,190.0,220.0,g,190 –220,10,False,resolved,10
insecticides_20260331.pdf,26,20,tur,Red gram  (Arhar/Tur),False,False,Emamectin benzoate 05%SG,Pod borer,numeric,BARE_NUMBER,per_ha,11.0,,g,11,numeric,BARE_NUMBER,per_ha,220.0,,g,220,14,False,resolved,14
insecticides_20260331.pdf,26,21,gram,Chickpea,False,False,Emamectin benzoate 05%SG,Pod borer,numeric,BARE_NUMBER,per_ha,11.0,,g,11,numeric,BARE_NUMBER,per_ha,220.0,,g,220,14,False,resolved,14
insecticides_20260331.pdf,26,22,grape,Grapes,False,False,Emamectin benzoate 05%SG,Thrips,numeric,BARE_NUMBER,per_ha,11.0,,g,11,numeric,BARE_NUMBER,per_ha,220.0,,g,220,5,False,resolved,05
insecticides_20260331.pdf,26,25,cotton,Cotton,False,False,Emamectin benzoate 01.90%EC,Boll worms,numeric,BARE_NUMBER,per_ha,11.0,,g,11,numeric,BARE_NUMBER,per_ha,580.0,,ml,580,15,False,resolved,15
insecticides_20260331.pdf,27,1,gram,Chickpea,False,False,Emamectin benzoate 01.90%EC,Pod borer,numeric,BARE_NUMBER,per_ha,7.13,,g,07.13,numeric,BARE_NUMBER,per_ha,375.0,,ml,375,14,False,resolved,14
insecticides_20260331.pdf,27,3,soybean,Soybean,False,False,Emamectin benzoate 01.90%EC,"Green semi looper, pod borer,  Girdle beetle & Tobacco  caterpillar",numeric,BARE_NUMBER,per_ha,8.08,,g,8.08,numeric,BARE_NUMBER,per_ha,425.0,,ml,425,20,False,resolved,20
insecticides_20260331.pdf,27,6,cotton,Cotton,False,False,Ethion 50% EC,Whitefly,numeric,BARE_RANGE,per_ha,750.0,1000.0,g,750–1000,numeric,BARE_RANGE,per_ha,1500.0,2000.0,ml,1500 –2000,,False,not_applicable,-
insecticides_20260331.pdf,27,7,cotton,Cotton,False,False,Ethion 50% EC,Bollworms,numeric,BARE_NUMBER,per_ha,1000.0,,g,1000,numeric,BARE_NUMBER,per_ha,2000.0,,ml,2000,25,False,resolved,25
insecticides_20260331.pdf,27,9,gram,Gram,False,False,Ethion 50% EC,Pod borer,numeric,BARE_RANGE,per_ha,500.0,750.0,g,500 –750,numeric,BARE_RANGE,per_ha,1000.0,1500.0,ml,1000 –1500,21,False,resolved,21
insecticides_20260331.pdf,27,10,tur,Pigeon pea or  Red gram  (Arhar/Tur),False,False,Ethion 50% EC,Pod borer,numeric,BARE_RANGE,per_ha,500.0,750.0,g,500 –750,numeric,BARE_RANGE,per_ha,1000.0,1500.0,ml,1000 –1500,21,False,resolved,21
insecticides_20260331.pdf,27,11,soybean,Soybean,False,False,Ethion 50% EC,Girdle beetle & stem fly,numeric,BARE_NUMBER,per_ha,750.0,,g,750,numeric,BARE_NUMBER,per_ha,1500.0,,ml,1500,30,False,resolved,30
insecticides_20260331.pdf,28,12,tomato,Tomato,False,False,Fenazaquin 10%EC,Two spotted spider mite,numeric,BARE_NUMBER,per_ha,125.0,,g,125.0,numeric,BARE_NUMBER,per_ha,1250.0,,ml,1250,7,False,resolved,07
insecticides_20260331.pdf,28,19,tomato,Tomato,False,False,Fenazaquin 18.3%SC,Two Spotted Spider Mite  (Tetranychus spp),numeric,BARE_NUMBER,per_ha,114.375,,g,114.375,numeric,BARE_NUMBER,per_ha,625.0,,ml,625,7,False,resolved,7
insecticides_20260331.pdf,29,3,cotton,Cotton,False,False,Fenpropathrin 10% EC,"Pink boll worm, Spotted boll  worm, American boll worm",numeric,BARE_RANGE,per_ha,75.0,100.0,g,75 –100,numeric,BARE_RANGE,per_ha,750.0,1000.0,ml,750 –1000,14,False,resolved,14
insecticides_20260331.pdf,29,5,cotton,Cotton,False,False,Fenpropathrin 30%EC,"Pink boll worm, Spotted  boll worm, American boll  worm, White fly",numeric,BARE_RANGE,per_ha,75.0,100.0,g,75 - 100,numeric,BARE_RANGE,per_ha,250.0,340.0,ml,250 –340,14,False,resolved,14
insecticides_20260331.pdf,29,14,cotton,Cotton,False,False,Fenpyroximate 05%EC,"Jassids, Mites",numeric,BARE_NUMBER,per_ha,37.5,,g,37.50,numeric,BARE_NUMBER,per_ha,750.0,,ml,750,15,False,resolved,15
insecticides_20260331.pdf,30,1,cotton,Cotton,False,False,Fenvalerate 20% EC,Boll worm,numeric,BARE_RANGE,per_ha,75.0,100.0,g,75-100,numeric,BARE_RANGE,per_ha,375.0,500.0,ml,375 –500,7,False,resolved,07
insecticides_20260331.pdf,30,2,cotton,Cotton,False,False,Fenvalerate 20% EC,"Aphids, Jassids, Thrips",numeric,BARE_RANGE,per_ha,25.0,40.0,g,25-40,numeric,BARE_RANGE,per_ha,125.0,200.0,ml,125 –200,7,False,resolved,07
insecticides_20260331.pdf,30,6,cotton,Cotton,False,False,Fenvalerate 02%Conc.,"Spotted & Spiny, Pink  American, Egyptian bollworm",numeric,BARE_RANGE,per_ha,80.0,100.0,g,80 –100,unparseable,BARE_RANGE,,,,,4000 – 5000,,False,not_applicable,-
insecticides_20260331.pdf,30,8,cotton,Cotton,False,False,Fenvalerate 00.40 %DP,"Spotted Bollworm, Pink  Bollworm",numeric,BARE_RANGE,per_ha,80.0,100.0,g,80 –100,numeric,BARE_RANGE,per_ha,20000.0,25000.0,g,20000- 25000,7,False,resolved,07
insecticides_20260331.pdf,30,17,cotton,Cotton,False,False,Fipronil 05% SC,"Aphid, Jassid, Thrips, Whitefly",numeric,BARE_RANGE,per_ha,75.0,100.0,g,75 –100,numeric,BARE_RANGE,per_ha,1500.0,2000.0,ml,1500 –2000,6,False,resolved,06
insecticides_20260331.pdf,30,18,cotton,Cotton,False,False,Fipronil 05% SC,Boll worms,numeric,BARE_NUMBER,per_ha,100.0,,g,100,numeric,BARE_NUMBER,per_ha,2000.0,,ml,2000,7,False,resolved,07
insecticides_20260331.pdf,30,20,cotton,Cotton,False,False,Fipronil 18.87 %w/w SC,Thrips,numeric,BARE_NUMBER,per_ha,75.0,,g,75,numeric,BARE_NUMBER,per_ha,375.0,,ml,375,21,False,resolved,21
insecticides_20260331.pdf,31,15,grape,Grapes,False,False,Fipronil 80% WG,Thrips,numeric,BARE_RANGE,per_ha,40.0,50.0,g,40 – 50,numeric,BARE_RANGE,per_ha,50.0,62.5,g,50 – 62.5,10,False,resolved,10
insecticides_20260331.pdf,31,16,onion,Onion,False,False,Fipronil 80% WG,Thrips,numeric,BARE_NUMBER,per_ha,60.0,,g,60,numeric,BARE_NUMBER,per_ha,75.0,,g,75,15,False,resolved,15
insecticides_20260331.pdf,31,19,cotton,Cotton,False,False,Fipronil 80% WG,Thrips (Thrips tabaci),numeric,BARE_NUMBER,per_ha,60.0,,g,60,numeric,BARE_NUMBER,per_ha,75.0,,g,75,14,False,resolved,14
insecticides_20260331.pdf,32,3,cotton,Cotton,False,False,Flonicamid 50%WG,"Aphids, Jassids, Thrips &  Whiteflies",numeric,BARE_NUMBER,per_ha,75.0,,g,75,numeric,BARE_NUMBER,per_ha,150.0,,g,150,25,False,resolved,25
insecticides_20260331.pdf,32,7,tomato,Tomato,False,False,Flonicamid 50%WG,"Aphids (Aphis gossipy), Jassids  (Amrasca bigutulla bigutulla),  White fly (Bemisia tabaci)",numeric,BARE_NUMBER,per_ha,100.0,,g,100,numeric,BARE_NUMBER,per_ha,200.0,,g,200,5,False,resolved,05
insecticides_20260331.pdf,32,9,soybean,Soybean,False,False,Flonicamid 50%WG,"Aphids (Aphis gossipy), Jassids  (Amrasca bigutulla bigutulla),  White fly (Bemisia tabaci)",numeric,BARE_NUMBER,per_ha,100.0,,g,100,numeric,BARE_NUMBER,per_ha,200.0,,g,200,35,False,resolved,35
insecticides_20260331.pdf,32,16,cotton,Cotton,False,False,Flubendiamide 20% WG,American bollworm,numeric,BARE_NUMBER,per_ha,50.0,,g,50,numeric,BARE_NUMBER,per_ha,250.0,,g,250,30,False,resolved,30
insecticides_20260331.pdf,33,0,tur,Pigeon pea  (Tur/Arhar),False,False,Flubendiamide 20% WG,Pod borer,numeric,BARE_NUMBER,per_ha,50.0,,g,50,numeric,BARE_NUMBER,per_ha,250.0,,g,250,30,False,resolved,30
insecticides_20260331.pdf,33,3,tomato,Tomato,False,False,Flubendiamide 20% WG,Fruit borer,numeric,BARE_NUMBER,per_ha,48.0,,g,48,numeric,BARE_NUMBER,per_ha,100.0,,g,100,5,False,resolved,05
insecticides_20260331.pdf,33,4,tomato,Tomato,False,False,Flubendiamide 20% WG,Fruit borer,numeric,BARE_NUMBER,per_ha,50.0,,g,50,numeric,BARE_NUMBER,per_ha,250.0,,g,250,5,False,resolved,05
insecticides_20260331.pdf,33,7,soybean,Soybean,False,False,Flubendiamide 20% WG,"Spodoptera litura,  Semilooper",numeric,BARE_RANGE,per_ha,50.0,60.0,g,50 –60,numeric,BARE_RANGE,per_ha,250.0,300.0,g,250 –300,29,False,resolved,29
insecticides_20260331.pdf,33,10,gram,Bengal gram,False,False,Flubendiamide 20% WG,Pod borer,numeric,BARE_NUMBER,per_ha,50.0,,g,50,numeric,BARE_NUMBER,per_ha,250.0,,g,250,15,False,resolved,15
insecticides_20260331.pdf,33,15,cotton,Cotton,False,False,Flubendiamide 39.35%w/w SC,Bollworms (American & Spotted     bollworm),numeric,BARE_RANGE,per_ha,48.0,60.0,g,48 –60,numeric,BARE_RANGE,per_ha,100.0,125.0,ml,100 –125,25,False,resolved,25
insecticides_20260331.pdf,33,16,tur,Pigeonpea,False,False,Flubendiamide 39.35%w/w SC,Pod borer,numeric,BARE_NUMBER,per_ha,48.0,,g,48,numeric,BARE_NUMBER,per_ha,100.0,,ml,100,10,False,resolved,10
insecticides_20260331.pdf,33,19,tomato,Tomato,False,False,Flubendiamide 39.35%w/w SC,Fruit borer,numeric,BARE_NUMBER,per_ha,48.0,,g,48,numeric,BARE_NUMBER,per_ha,100.0,,ml,100,5,False,resolved,05
insecticides_20260331.pdf,33,22,gram,Bengal gram,False,False,Flubendiamide 39.35%w/w SC,Pod Borer (Helicoverpa  armigera & Spodoptera spp.),numeric,BARE_NUMBER,per_ha,48.0,,g,48,numeric,BARE_NUMBER,per_ha,100.0,,ml,100,5,False,resolved,05
insecticides_20260331.pdf,33,24,soybean,Soybean,False,False,Flubendiamide 39.35%w/w SC,"Defoliators (Helicoverpa  armigera, Spodoptera litura  and Semilooper)",numeric,BARE_NUMBER,per_ha,72.0,,g,72,numeric,BARE_NUMBER,per_ha,150.0,,ml,150,17,False,resolved,17
insecticides_20260331.pdf,34,5,tomato,Tomato,False,False,Fluensulfone 2% GR,Root knot nematode  (Meloidogyne incognita),free_text,MULTI_BASIS,free_text,,,,0.02g/plant & 444  to 512 g/ha,free_text,MULTI_BASIS,free_text,,,,1.0 g/plant  & 22.2 to  25.6  Kg/ha,7,False,resolved,7
insecticides_20260331.pdf,34,8,pomegranate,Pomegranate,False,False,Fluensulfone 2% GR,,free_text,UNSUPPORTED_UNIT,free_text,,,,0.20g/ dripper &  0.80 g/ plant,free_text,UNSUPPORTED_UNIT,free_text,,,,10.0 g/  dripper &  40.0 g/  plant,91,False,resolved,91
insecticides_20260331.pdf,34,16,tomato,Tomato,False,False,Fluopyram 34.48%w/w SC,Root knot nematode  (Meloidogyne incognita),free_text,ALTERNATIVE_VALUES,free_text,,,,250  (2 application)  or 500  (Single application),free_text,ALTERNATIVE_VALUES,free_text,,,,625  (2  application)    or 1250  (Single  application),5,False,resolved,05
insecticides_20260331.pdf,35,10,cotton,Cotton,False,False,Fluvalinate 25% EC,"Aphids, Jassids, Red cotton  bug",numeric,BARE_RANGE,per_ha,50.0,100.0,g,50–100,numeric,BARE_RANGE,per_ha,200.0,400.0,ml,200-400,7,False,resolved,07
insecticides_20260331.pdf,35,11,cotton,Cotton,False,False,Fluvalinate 25% EC,Bollworm,numeric,BARE_RANGE,per_ha,50.0,100.0,g,50–100,numeric,BARE_RANGE,per_ha,200.0,400.0,ml,200-400,7,False,resolved,07
insecticides_20260331.pdf,35,17,tur,Red gram,False,False,Fluxametamide 10% w/w EC,"Spotted pod Borer, Pod Borer",numeric,BARE_NUMBER,per_ha,40.0,,g,40,numeric,BARE_NUMBER,per_ha,400.0,,ml,400,5,False,resolved,5
insecticides_20260331.pdf,35,18,tomato,Tomato,False,False,Fluxametamide 10% w/w EC,"Thrips, Fruit borer",numeric,BARE_NUMBER,per_ha,40.0,,g,40,numeric,BARE_NUMBER,per_ha,400.0,,ml,400,5,False,resolved,5
insecticides_20260331.pdf,35,23,grape,Grapes,False,False,Hexythiazox 05.45 %w/w EC,Red spider mite,numeric,BARE_NUMBER,per_ha,25.0,,g,25,numeric,BARE_NUMBER,per_ha,500.0,,ml,500,5,False,resolved,05
insecticides_20260331.pdf,36,4,cotton,Cotton,False,False,Imidacloprid 70%WG,"Jassids, Aphids, Thrips",numeric,BARE_RANGE,per_ha,21.0,24.5,g,21 –24.5,numeric,BARE_RANGE,per_ha,30.0,35.0,g,30 –35,7,False,resolved,07
insecticides_20260331.pdf,36,8,tomato,Tomato,False,False,Imidacloprid 70%WG,Thrips & Whitefly,numeric,BARE_NUMBER,per_ha,35.0,,g,35,numeric,BARE_NUMBER,per_ha,50.0,,g,50,5,False,resolved,05
insecticides_20260331.pdf,36,11,cotton,Cotton,False,False,Imidacloprid 48% FS (dosage per 100 kg of seeds),"Aphids, Whitefly, Jassids,  Thrips",numeric,BARE_RANGE,per_ha,300.0,540.0,g,300 - 540,numeric,BARE_RANGE,per_ha,500.0,900.0,ml,500 - 900,,True,not_applicable,NR
insecticides_20260331.pdf,36,16,soybean,Soybean,False,False,Imidacloprid 48% FS (dosage per 100 kg of seeds),Jassids,numeric,BARE_NUMBER,per_ha,75.0,,g,75,numeric,BARE_NUMBER,per_ha,125.0,,ml,125,,False,not_applicable,-
insecticides_20260331.pdf,36,22,gram,Bengal gram,False,False,Imidacloprid 48% FS (dosage per 100 kg of seeds),Termite,numeric,BARE_NUMBER,per_ha,0.15,,g,0.15,numeric,BARE_NUMBER,per_ha,0.25,,ml,0.25,,False,not_applicable,-
insecticides_20260331.pdf,36,28,cotton,Cotton,False,False,Imidacloprid 70%WS,"Aphids, Whitefly, Jassids,  Thrips",numeric,BARE_RANGE,per_ha,350.0,700.0,g,350 -700,numeric,BARE_RANGE,per_ha,500.0,1000.0,g,500 -1000,,True,not_applicable,NR
insecticides_20260331.pdf,37,8,cotton,Cotton,False,False,Imidacloprid 30.50%m/m SC,"Aphid, Jassids, Thrips",numeric,BARE_RANGE,per_ha,21.0,26.25,g,21 -26.25,numeric,BARE_RANGE,per_ha,60.0,75.0,ml,60 -75,26,False,resolved,26
insecticides_20260331.pdf,37,13,cotton,Cotton,False,False,Imidacloprid 17.80%SL,"Aphid, Whitefly, Jassid,  Thrips",numeric,BARE_RANGE,per_ha,20.0,25.0,g,20 -25,numeric,BARE_RANGE,per_ha,100.0,125.0,ml,100 -125,40,False,resolved,40
insecticides_20260331.pdf,37,22,tomato,Tomato,False,False,Imidacloprid 17.80%SL,Whitefly,numeric,BARE_RANGE,per_ha,30.0,35.0,g,30 -35,numeric,BARE_RANGE,per_ha,150.0,175.0,ml,150 -175,3,False,resolved,03
insecticides_20260331.pdf,37,23,grape,Grapes,False,False,Imidacloprid 17.80%SL,Flea beetle,numeric,BARE_RANGE,per_ha,0.06,0.08,g,0.06 -0.08,numeric,BARE_RANGE,per_ha,300.0,400.0,ml,300 -400,32,False,resolved,32
insecticides_20260331.pdf,38,3,cotton,Cotton,False,False,Imidacloprid 17.1 % w/w SL,"Aphid, Whitefly, Jassids,  Thrips",numeric,BARE_NUMBER,per_ha,50.0,,g,50,numeric,BARE_NUMBER,per_ha,250.0,,ml,250,50,False,resolved,50
insecticides_20260331.pdf,38,6,cotton,Cotton,False,False,Indoxacarb 14.50% SC,Bollworm,numeric,BARE_NUMBER,per_ha,75.0,,g,75,numeric,BARE_NUMBER,per_ha,500.0,,ml,500.0,16,False,resolved,16
insecticides_20260331.pdf,38,9,tomato,Tomato,False,False,Indoxacarb 14.50% SC,Fruit borer,numeric,BARE_RANGE,per_ha,60.0,75.0,g,60-75,numeric,BARE_RANGE,per_ha,400.0,500.0,ml,400 -500,5,False,resolved,05
insecticides_20260331.pdf,38,10,tur,Pigeonpea,False,False,Indoxacarb 14.50% SC,Pod borer complex,numeric,BARE_RANGE,per_ha,50.0,60.0,g,50-60,numeric,BARE_RANGE,per_ha,333.0,400.0,ml,333 -400,15,False,resolved,15
insecticides_20260331.pdf,38,12,soybean,Soybean,False,False,Indoxacarb 14.50% SC,Tobacco caterpillar  (Spodoptera litura),numeric,BARE_NUMBER,per_ha,50.0,,g,50,numeric,BARE_NUMBER,per_ha,333.0,,ml,333,36,False,resolved,36
insecticides_20260331.pdf,38,13,gram,Chickpea,False,False,Indoxacarb 14.50% SC,Pod Borer (H. armigera),numeric,BARE_RANGE,per_ha,60.0,75.0,g,60-75,numeric,BARE_RANGE,per_ha,400.0,500.0,ml,400-500,19,False,resolved,19
insecticides_20260331.pdf,38,15,cotton,Cotton,False,False,Indoxacarb15.80%EC,Bollworms  (Helicoverpa armigera),numeric,BARE_NUMBER,per_ha,75.0,,g,75,numeric,BARE_NUMBER,per_ha,500.0,,ml,500,14,False,resolved,14
insecticides_20260331.pdf,38,17,tur,Pigeonpea,False,False,Indoxacarb15.80%EC,"Pod borer complex  (Helicoverpa armigera),  Pod fly",numeric,BARE_NUMBER,per_ha,50.0,,g,50,numeric,BARE_NUMBER,per_ha,333.0,,ml,333,12,False,resolved,12
insecticides_20260331.pdf,38,19,soybean,Soybean,False,False,Indoxacarb15.80%EC,"Tobacco caterpillar  (Spodoptera litura),  Podborer (Heliothis  armigera), Green  Semilooper (Chrysodexis  acuta), stem fly  (Melanogromyza spp.)",numeric,BARE_NUMBER,per_ha,30.0,,g,30,numeric,BARE_NUMBER,per_ha,333.0,,ml,333,31,False,resolved,31
insecticides_20260331.pdf,39,0,gram,Chickpea,False,False,Indoxacarb15.80%EC,Pod borer(Helicoverpa  armigera),numeric,BARE_NUMBER,per_ha,50.0,,g,50,numeric,BARE_NUMBER,per_ha,333.0,,ml,333,18,False,resolved,18
insecticides_20260331.pdf,39,7,cotton,Cotton,False,False,Isocycloseram 9.2% W/W Dc (10% W/V) DC,Jassids,numeric,BARE_NUMBER,per_ha,20.0,,g,20,numeric,BARE_NUMBER,per_ha,200.0,,ml,200,37,False,resolved,37
insecticides_20260331.pdf,39,8,cotton,Cotton,False,False,Isocycloseram 9.2% W/W Dc (10% W/V) DC,Thrips and Ball worm,numeric,BARE_NUMBER,per_ha,60.0,,g,60,numeric,BARE_NUMBER,per_ha,600.0,,ml,600,,False,not_applicable,
insecticides_20260331.pdf,39,9,tur,Red Gram,False,False,Isocycloseram 9.2% W/W Dc (10% W/V) DC,Gram Pod Borer and  Spotted Pod borer,numeric,BARE_RANGE,per_ha,50.0,60.0,g,50-60,numeric,BARE_RANGE,per_ha,500.0,600.0,ml,500-600,58,False,resolved,58
insecticides_20260331.pdf,39,11,soybean,Soybean,False,False,Isocycloseram 9.2% W/W Dc (10% W/V) DC,"Leaf worm, semi-looper,  Gridle Beetle, Stem fly",numeric,BARE_NUMBER,per_ha,60.0,,g,60,numeric,BARE_NUMBER,per_ha,600.0,,ml,600,35,False,resolved,35
insecticides_20260331.pdf,39,17,cotton,Cotton,False,False,Lambda-cyhalothrin 04.90%CS,Bollworms,numeric,BARE_NUMBER,per_ha,25.0,,g,25,numeric,BARE_NUMBER,per_ha,500.0,,ml,500,21,False,resolved,21
insecticides_20260331.pdf,39,21,tomato,Tomato,False,False,Lambda-cyhalothrin 04.90%CS,Fruit borer,numeric,BARE_NUMBER,per_ha,15.0,,g,15,numeric,BARE_NUMBER,per_ha,300.0,,ml,300,5,False,resolved,05
insecticides_20260331.pdf,39,22,grape,Grapes,False,False,Lambda-cyhalothrin 04.90%CS,Thrips & Flea beetle,numeric,BARE_NUMBER,per_ha,12.5,,g,12.50,numeric,BARE_NUMBER,per_ha,250.0,,ml,250,7,False,resolved,07
insecticides_20260331.pdf,39,24,soybean,Soybean,False,False,Lambda-cyhalothrin 04.90%CS,"Stem fly, Semilooper",numeric,BARE_NUMBER,per_ha,15.0,,g,15,numeric,BARE_NUMBER,per_ha,300.0,,ml,300,31,False,resolved,31
insecticides_20260331.pdf,39,25,pomegranate,Pomegranate,False,False,Lambda-cyhalothrin 04.90%CS,Thrips & fruit borer,numeric,BARE_NUMBER,per_ha,0.002,,g,0.002,numeric,BARE_NUMBER,per_ha,0.04,,ml,0.04,5,False,resolved,5
insecticides_20260331.pdf,39,28,cotton,Cotton,False,False,Lambda-cyhalothrin 02.50%EC,"Bollworms, Jassids, Thrips",numeric,BARE_RANGE,per_ha,15.0,25.0,g,15 –25,numeric,BARE_RANGE,per_ha,600.0,1000.0,ml,600 –1000,21,False,resolved,21
insecticides_20260331.pdf,40,2,cotton,Cotton,False,False,Lambda-cyhalothrin 05% EC,"Bollworms, Jassids, Thrips",numeric,BARE_RANGE,per_ha,15.0,25.0,g,15 –25,numeric,BARE_RANGE,per_ha,300.0,500.0,ml,300 –500,21,False,resolved,21
insecticides_20260331.pdf,40,5,tomato,Tomato,False,False,Lambda-cyhalothrin 05% EC,Fruit borer,numeric,BARE_NUMBER,per_ha,15.0,,g,15,numeric,BARE_NUMBER,per_ha,300.0,,ml,300,4,False,resolved,04
insecticides_20260331.pdf,40,7,tur,Pigeonpea,False,False,Lambda-cyhalothrin 05% EC,"Pod borer, Pod fly",numeric,BARE_RANGE,per_ha,20.0,25.0,g,20 –25,numeric,BARE_RANGE,per_ha,400.0,500.0,ml,400-500,15,False,resolved,15
insecticides_20260331.pdf,40,8,onion,Onion,False,False,Lambda-cyhalothrin 05% EC,Thrips,numeric,BARE_NUMBER,per_ha,15.0,,g,15,numeric,BARE_NUMBER,per_ha,300.0,,ml,300,5,False,resolved,05
insecticides_20260331.pdf,40,10,gram,Chickpea,False,False,Lambda-cyhalothrin 05% EC,Pod borer,numeric,BARE_NUMBER,per_ha,25.0,,g,25,numeric,BARE_NUMBER,per_ha,500.0,,ml,500,6,False,resolved,06
insecticides_20260331.pdf,41,0,tur,Pigeonpea,False,False,Lufenuron05.40%EC,"Pod borer, Pod fly",numeric,BARE_NUMBER,per_ha,30.0,,g,30,numeric,BARE_NUMBER,per_ha,600.0,,ml,600,65,False,resolved,65
insecticides_20260331.pdf,41,1,cotton,Cotton,False,False,Lufenuron05.40%EC,American bollworm,numeric,BARE_NUMBER,per_ha,30.0,,g,30,numeric,BARE_NUMBER,per_ha,600.0,,ml,600,48,False,resolved,48
insecticides_20260331.pdf,42,6,cotton,Cotton,False,False,Monocrotophos 15%SG,"Aphids,  Jassids, Thrips,  Whiteflies",numeric,BARE_NUMBER,per_ha,200.0,,g,200,numeric,BARE_NUMBER,per_ha,1333.0,,g,1333,58,False,resolved,58
insecticides_20260331.pdf,42,8,cotton,Cotton,False,False,Nitenpyram 25% w/w SP,Jassids and Whiteflies,numeric,BARE_NUMBER,per_ha,80.0,,g,80,numeric,BARE_NUMBER,per_ha,320.0,,g,320,92,False,resolved,92
insecticides_20260331.pdf,42,11,cotton,Cotton,False,False,Novaluron 10 % EC,American Bollworm,numeric,BARE_NUMBER,per_ha,100.0,,g,100,numeric,BARE_NUMBER,per_ha,1000.0,,ml,1000,40,False,resolved,40
insecticides_20260331.pdf,42,13,tomato,Tomato,False,False,Novaluron 10 % EC,Fruit borer,numeric,BARE_NUMBER,per_ha,75.0,,g,75,numeric,BARE_NUMBER,per_ha,750.0,,ml,750,3,False,resolved,1-3
insecticides_20260331.pdf,42,15,gram,Bengal gram,False,False,Novaluron 10 % EC,Pod borer,numeric,BARE_NUMBER,per_ha,75.0,,g,75,numeric,BARE_NUMBER,per_ha,750.0,,ml,750,7,False,resolved,07
insecticides_20260331.pdf,42,17,cotton,Cotton,False,False,Novaluron 8.8 w/w % SC,"American bollworm  (Helicoverpa  armigera),Tobacco  caterpillar (Spodoptera  litura)",numeric,BARE_NUMBER,per_ha,100.0,,g,100,numeric,BARE_NUMBER,per_ha,1000.0,,ml,1000,20,False,resolved,20
insecticides_20260331.pdf,43,2,cotton,Cotton,False,False,Oxydemeton-methyl 25% EC,"Aphid, Jassid  (leafhopper)",numeric,BARE_NUMBER,per_ha,300.0,,g,300,numeric,BARE_NUMBER,per_ha,1200.0,,ml,1200,,False,not_applicable,-
insecticides_20260331.pdf,43,11,onion,Onion,False,False,Oxydemeton-methyl 25% EC,Thrips,numeric,BARE_NUMBER,per_ha,300.0,,g,300,numeric,BARE_NUMBER,per_ha,1200.0,,ml,1200,,False,not_applicable,-
insecticides_20260331.pdf,43,12,tomato,Tomato,False,False,Oxydemeton-methyl 25% EC,Whitefly,numeric,BARE_NUMBER,per_ha,250.0,,g,250,numeric,BARE_NUMBER,per_ha,1000.0,,ml,1000,,False,not_applicable,-
insecticides_20260331.pdf,43,24,cotton,Cotton,False,False,Permethrin 25%EC,Bollworms,numeric,BARE_RANGE,per_ha,100.0,125.0,g,100 –125,numeric,BARE_RANGE,per_ha,400.0,500.0,ml,400 –500,,False,not_applicable,-
insecticides_20260331.pdf,44,10,tomato,Tomato,False,False,Phosalone 35 % EC,Fruit borer,numeric,BARE_NUMBER,per_ha,450.0,,g,450,numeric,BARE_NUMBER,per_ha,1285.0,,ml,1285,,False,not_applicable,-
insecticides_20260331.pdf,44,17,cotton,Cotton,False,False,Phosmet 50% WP,"Jassid, Aphids, Whitefly  & Bollworms",numeric,BARE_NUMBER,per_ha,600.0,,g,600,numeric,BARE_NUMBER,per_ha,1200.0,,g,1200,47,False,resolved,47
insecticides_20260331.pdf,44,20,cotton,Cotton,False,False,Profenofos 50%EC,Bollworm,numeric,BARE_RANGE,per_ha,750.0,1000.0,g,750 –1000,numeric,BARE_RANGE,per_ha,1500.0,2000.0,ml,1500 –2000,15,False,resolved,15
insecticides_20260331.pdf,44,21,cotton,Cotton,False,False,Profenofos 50%EC,"Jassids, Aphids, Thrips,  Whiteflies",numeric,BARE_NUMBER,per_ha,500.0,,g,500,numeric,BARE_NUMBER,per_ha,1000.0,,ml,1000,15,False,resolved,15
insecticides_20260331.pdf,44,22,soybean,Soybean,False,False,Profenofos 50%EC,Semi looper &  Girdle beetle,numeric,BARE_NUMBER,per_ha,500.0,,g,500,numeric,BARE_NUMBER,per_ha,1000.0,,ml,1000,40,False,resolved,40
insecticides_20260331.pdf,45,1,onion,Onion,False,False,Profenofos 50%EC,Thrips,numeric,BARE_NUMBER,per_ha,500.0,,g,500,numeric,BARE_NUMBER,per_ha,1000.0,,ml,1000,80,False,resolved,80
insecticides_20260331.pdf,45,11,cotton,Cotton,False,False,Pyrifluinazon 20% WG,White fly (Bemisia  tabaci),numeric,BARE_NUMBER,per_ha,100.0,,g,100,numeric,BARE_RANGE,per_ha,375.0,500.0,g,375-500,30,False,resolved,30
insecticides_20260331.pdf,45,14,cotton,Cotton,False,False,Pyriproxyfen 10%EC,Whitefly,numeric,BARE_NUMBER,per_ha,100.0,,g,100,numeric,BARE_NUMBER,per_ha,1000.0,,ml,1000,31,False,resolved,31
insecticides_20260331.pdf,45,15,cotton,Cotton,False,False,Pyriproxyfen 10%EC,Whitefly,numeric,BARE_RANGE,per_ha,50.0,60.0,g,50-60,numeric,BARE_RANGE,per_ha,500.0,700.0,ml,500-700,50,False,resolved,50
insecticides_20260331.pdf,45,19,cotton,Cotton,False,False,Pyriproxyfen 10% EW,"Whitefly (Bemisia tabaci),  Jassid (Amrasca biguttula)  and thrips (Thrips tabaci)",numeric,BARE_RANGE,per_ha,100.0,125.0,g,100-125,numeric,BARE_RANGE,per_ha,1000.0,2500.0,ml,1000-2500,38,False,resolved,38
insecticides_20260331.pdf,45,22,cotton,Cotton,False,False,Pyridaben 20%w/w WP,Whitefly,numeric,BARE_NUMBER,per_ha,100.0,,g,100,numeric,BARE_NUMBER,per_ha,500.0,,g,500,28,False,resolved,28
insecticides_20260331.pdf,46,2,cotton,Cotton,False,False,Pyridalyl 10 % EC,Bollworms,numeric,BARE_RANGE,per_ha,75.0,100.0,g,75 –100,numeric,BARE_RANGE,per_ha,750.0,1000.0,ml,750 –1000,7,False,resolved,07
insecticides_20260331.pdf,46,14,cotton,Cotton,False,False,Quinalphos 20% AF,"American bollworm,  Pink Bollworm, Spotted  bollworm",numeric,BARE_RANGE,per_ha,350.0,500.0,g,350 –500,numeric,BARE_RANGE,per_ha,1750.0,2500.0,ml,1750 –2500,7,False,resolved,07
insecticides_20260331.pdf,46,15,tomato,Tomato,False,False,Quinalphos 20% AF,Fruit borer,numeric,BARE_RANGE,per_ha,300.0,350.0,g,300 –350,numeric,BARE_RANGE,per_ha,1500.0,1750.0,ml,1500 –1750,7,False,resolved,07
insecticides_20260331.pdf,46,17,tur,Pigeonpea,False,False,Quinalphos 20% AF,Pod borer,numeric,BARE_NUMBER,per_ha,500.0,,g,500.,numeric,BARE_NUMBER,per_ha,2500.0,,ml,2500,30,False,resolved,30
insecticides_20260331.pdf,47,1,gram,Bengal gram,False,False,Quinalphos 25 %EC,Pod borer,numeric,BARE_NUMBER,per_ha,250.0,,g,250,numeric,BARE_NUMBER,per_ha,1000.0,,ml,1000,,False,not_applicable,-
insecticides_20260331.pdf,47,4,tur,Red gram,False,False,Quinalphos 25 %EC,"Podborer, Podfly",numeric,BARE_NUMBER,per_ha,350.0,,g,350,numeric,BARE_NUMBER,per_ha,1400.0,,ml,1400,30,False,resolved,30
insecticides_20260331.pdf,47,5,soybean,Soybean,False,False,Quinalphos 25 %EC,Leaf weevil,numeric,BARE_NUMBER,per_ha,250.0,,g,250,numeric,BARE_NUMBER,per_ha,1000.0,,ml,1000,,False,not_applicable,-
insecticides_20260331.pdf,47,15,tomato,Tomato,False,False,Quinalphos 25 %EC,Fruit borer,numeric,BARE_NUMBER,per_ha,250.0,,g,250,numeric,BARE_NUMBER,per_ha,1000.0,,ml,1000,,False,not_applicable,-
insecticides_20260331.pdf,47,20,pomegranate,Pomegranate,False,False,Quinalphos 25 %EC,Scales,numeric,PCT_SINGLE,concentration_pct,0.08,,%,0.08%,numeric,BARE_RANGE,per_ha,4800.0,6400.0,ml,4800 –6400,,False,not_applicable,-
insecticides_20260331.pdf,47,24,gram,Gram,False,False,Quinalphos 01.50%DP,Pod borer,numeric,BARE_NUMBER,per_ha,350.0,,g,350,numeric,BARE_NUMBER,per_ha,23300.0,,g,23300,,False,not_applicable,
insecticides_20260331.pdf,47,25,tur,Red gram,False,False,Quinalphos 01.50%DP,Pod borer,numeric,BARE_NUMBER,per_ha,350.0,,g,350,numeric,BARE_NUMBER,per_ha,23300.0,,g,23300,30,False,resolved,30
insecticides_20260331.pdf,47,26,soybean,Soybean,False,False,Quinalphos 01.50%DP,Leaf weevil,numeric,BARE_NUMBER,per_ha,250.0,,g,250,numeric,BARE_NUMBER,per_ha,16600.0,,g,16600,,False,not_applicable,-
insecticides_20260331.pdf,48,1,cotton,Cotton,False,False,Quinalphos 01.50%DP,"Aphid, Jassids, Thrips",numeric,BARE_NUMBER,per_ha,300.0,,g,300,numeric,BARE_NUMBER,per_ha,20000.0,,g,20000,,False,not_applicable,
insecticides_20260331.pdf,48,2,cotton,Cotton,False,False,Quinalphos 01.50%DP,Bollworms,numeric,BARE_NUMBER,per_ha,450.0,,g,450,numeric,BARE_NUMBER,per_ha,30000.0,,g,30000,,False,not_applicable,
insecticides_20260331.pdf,48,8,cotton,Cotton,False,False,Spinetoram 11.70 %SC,Thrips,numeric,BARE_NUMBER,per_ha,50.0,,g,50,numeric,BARE_NUMBER,per_ha,420.0,,ml,420,30,False,resolved,30
insecticides_20260331.pdf,48,9,cotton,Cotton,False,False,Spinetoram 11.70 %SC,Tobacco caterpillar,numeric,BARE_RANGE,per_ha,50.0,56.0,g,50-56,numeric,BARE_RANGE,per_ha,420.0,470.0,ml,420 –470,,False,not_applicable,
insecticides_20260331.pdf,48,10,cotton,Cotton,False,False,Spinetoram 11.70 %SC,Spotted bollworm,empty,EMPTY,,,,,,empty,EMPTY,,,,,,,False,not_applicable,
insecticides_20260331.pdf,48,11,cotton,Cotton,False,False,Spinetoram 11.70 %SC,Pink boll worm,numeric,BARE_NUMBER,per_ha,54.0,,g,54,numeric,BARE_NUMBER,per_ha,450.0,,ml,450,,False,not_applicable,
insecticides_20260331.pdf,48,12,soybean,Soybean,False,False,Spinetoram 11.70 %SC,Tobacco caterpillar,numeric,BARE_NUMBER,per_ha,54.0,,g,54,numeric,BARE_NUMBER,per_ha,450.0,,ml,450,30,False,resolved,30
insecticides_20260331.pdf,48,16,gram,Chickpea,False,False,Spinetoram 11.70 %SC,Pod Borer (Helicoverpa  armigera),numeric,BARE_RANGE,per_ha,45.0,54.0,g,45-54,numeric,BARE_RANGE,per_ha,375.0,450.0,ml,375-450,20,False,resolved,20
insecticides_20260331.pdf,48,17,tur,Red gram,False,False,Spinetoram 11.70 %SC,"Pod Borer (Helicoverpa  armigera, Maruca  vitrata)",numeric,BARE_RANGE,per_ha,45.0,54.0,g,45-54,numeric,BARE_RANGE,per_ha,375.0,450.0,ml,375-450,23,False,resolved,23
insecticides_20260331.pdf,48,18,grape,Grapes,False,False,Spinetoram 11.70 %SC,Thrips (Scirtothrips  dorsalis),numeric,BARE_NUMBER,per_ha,36.0,,g,36,numeric,BARE_NUMBER,per_ha,300.0,,ml,300,5,False,resolved,5
insecticides_20260331.pdf,49,0,tomato,Tomato,False,False,Spinetoram 11.70 %SC,"Fruit borer (Helicoverpa  armigera), Tobacco  caterpillar (Spodoptera  litura), Leaf miner  (Liriomyza trifolii),  tomato pinworm (Tuta  absoluta)",numeric,BARE_RANGE,per_ha,45.0,54.0,g,45-54,numeric,BARE_RANGE,per_ha,375.0,450.0,ml,375-450,3,False,resolved,3
insecticides_20260331.pdf,49,6,cotton,Cotton,False,False,Spinosad 45% SC,American boll worm,numeric,BARE_RANGE,per_ha,75.0,100.0,g,75-100,numeric,BARE_RANGE,per_ha,165.0,220.0,ml,165-220,10,False,resolved,10
insecticides_20260331.pdf,49,9,tur,Red gram,False,False,Spinosad 45% SC,Pod borer,numeric,BARE_RANGE,per_ha,56.0,73.0,g,56 –73,numeric,BARE_RANGE,per_ha,125.0,162.0,ml,125 –162,47,False,resolved,47
insecticides_20260331.pdf,49,11,grape,Grapes,False,False,Spinosad 45% SC,Thrips,numeric,PER_N_LITRE,per_litre_water,0.25,,ml,25 ml/100 lit,numeric,BARE_NUMBER,per_ha,250.0,,ml,250,15,False,resolved,15
insecticides_20260331.pdf,49,16,cotton,Cotton,False,False,Spiromesifen 22.90% SC,Whitefly & mite,numeric,BARE_NUMBER,per_ha,144.0,,g,144,numeric,BARE_NUMBER,per_ha,600.0,,ml,600,10,False,resolved,10
insecticides_20260331.pdf,49,21,tomato,Tomato,False,False,Spiromesifen 22.90% SC,White flies & Mites,numeric,BARE_NUMBER,per_ha,150.0,,g,150,numeric,BARE_NUMBER,per_ha,625.0,,ml,625,3,False,resolved,03
insecticides_20260331.pdf,50,2,grape,Grapes,False,False,Spirotetramat 15.31%w/w OD,"Mealy bug, Mites",numeric,BARE_NUMBER,per_ha,105.0,,g,105,numeric,BARE_NUMBER,per_ha,700.0,,ml,700,60,False,resolved,60
insecticides_20260331.pdf,50,3,cotton,Cotton,False,False,Spirotetramat 15.31%w/w OD,"Aphids, Whiteflies and  Thrips",numeric,BARE_NUMBER,per_ha,105.0,,g,105,numeric,BARE_NUMBER,per_ha,700.0,,ml,700,52,False,resolved,52
insecticides_20260331.pdf,50,11,cotton,Cotton,False,False,Sulfoxaflor 21.8%w/w SC,"Jassids (Amarasca  bigutella),",numeric,BARE_NUMBER,per_ha,75.0,,g,75,numeric,BARE_NUMBER,per_ha,313.0,,ml,313,,False,not_applicable,
insecticides_20260331.pdf,50,12,cotton,Cotton,False,False,Sulfoxaflor 21.8%w/w SC,Aphid (Aphis gossypi),numeric,BARE_NUMBER,per_ha,75.0,,g,75,numeric,BARE_NUMBER,per_ha,313.0,,ml,313,,False,not_applicable,
insecticides_20260331.pdf,50,13,cotton,Cotton,False,False,Sulfoxaflor 21.8%w/w SC,Whitefly (Bemmissia  tabaci),numeric,BARE_NUMBER,per_ha,90.0,,g,90,numeric,BARE_NUMBER,per_ha,375.0,,ml,375,,False,not_applicable,
insecticides_20260331.pdf,50,14,cotton,Cotton,False,False,Sulfoxaflor 21.8%w/w SC,Cotton mealy bug  (Phenococcus spp.),numeric,BARE_NUMBER,per_ha,90.0,,g,90,numeric,BARE_NUMBER,per_ha,375.0,,ml,375,,False,not_applicable,
insecticides_20260331.pdf,50,17,tomato,Tomato,False,False,Tebufenpyrad 20% WP,Red Spider Mites,numeric,BARE_RANGE,per_ha,75.0,100.0,g,75-100,numeric,BARE_RANGE,per_ha,375.0,500.0,g,375-500,20,False,resolved,20
insecticides_20260331.pdf,50,20,soybean,Soybean,False,False,Tetraniliprole 18.18% w/w SC,"Girdle beetle (Oberea  brevis), Spodoptera spp.  Semilooper (Chrysodeixis  acuta)",numeric,BARE_RANGE,per_ha,50.0,60.0,g,50 – 60,numeric,BARE_RANGE,per_ha,250.0,300.0,ml,250 – 300,35,False,resolved,35
insecticides_20260331.pdf,50,21,tomato,Tomato,False,False,Tetraniliprole 18.18% w/w SC,Fruit borer (Helicoverpa armigera);  Leaf miner  (Liriomyza trifolii),numeric,BARE_NUMBER,per_ha,60.0,,g,60,numeric,BARE_NUMBER,per_ha,300.0,,ml,300,5,False,resolved,5
insecticides_20260331.pdf,51,6,cotton,Cotton,False,False,Thiacloprid 21.70%SC,"Aphid, Thrips, Jassid",numeric,BARE_RANGE,per_ha,24.0,30.0,g,24 –30,numeric,BARE_RANGE,per_ha,100.0,125.0,ml,100 –125,52,False,resolved,52
insecticides_20260331.pdf,51,7,cotton,Cotton,False,False,Thiacloprid 21.70%SC,Whitefly,numeric,BARE_RANGE,per_ha,120.0,144.0,g,120-144,numeric,BARE_RANGE,per_ha,500.0,600.0,ml,500 –600,52,False,resolved,52
insecticides_20260331.pdf,51,12,soybean,Soybean,False,False,Thiacloprid 21.70%SC,Girdle beetle,numeric,BARE_NUMBER,per_ha,180.0,,g,180,numeric,BARE_NUMBER,per_ha,750.0,,ml,750,17,False,resolved,17
insecticides_20260331.pdf,51,18,cotton,Cotton,False,False,Thiodicarb 75 % WP,Bollworms,numeric,BARE_NUMBER,per_ha,750.0,,g,750,numeric,BARE_NUMBER,per_ha,1000.0,,g,1000,30,False,resolved,30
insecticides_20260331.pdf,51,22,tur,Pigeon Pea,False,False,Thiodicarb 75 % WP,Pod Borer,numeric,BARE_RANGE,per_ha,470.0,750.0,g,470–750,numeric,BARE_RANGE,per_ha,625.0,1000.0,g,625 –1000,30,False,resolved,30
insecticides_20260331.pdf,52,2,cotton,Cotton,False,False,Thiamethoxam30%FS,"Aphid, whiteflies, Jassids",numeric,BARE_NUMBER,per_ha,3.0,,g,03,numeric,BARE_NUMBER,per_ha,10.0,,ml,10,,False,not_applicable,
insecticides_20260331.pdf,52,5,soybean,Soybean,False,False,Thiamethoxam30%FS,Shoot fly,numeric,BARE_NUMBER,per_ha,3.0,,g,03,numeric,BARE_NUMBER,per_ha,10.0,,ml,10,,False,not_applicable,
insecticides_20260331.pdf,52,12,cotton,Cotton,False,False,Thiamethoxam30%FS,Aphids Jassids White fly and  Thrips,numeric,PER_KG_SEED,per_kg_seed,2.4,3.0,g,2.4 - 3 g a i/kg  seed,numeric,PER_KG_SEED,per_kg_seed,8.0,10.0,ml,8-10 ml/kg  seed,,False,not_applicable,
insecticides_20260331.pdf,52,13,soybean,Soybean,False,False,Thiamethoxam30%FS,Jassids,numeric,PER_KG_SEED,per_kg_seed,1.2,,g,1.2 g a i/kg seed,empty,EMPTY,,,,,,,False,not_applicable,
insecticides_20260331.pdf,52,14,soybean,Soybean,False,False,Thiamethoxam30%FS,Stem fly Girdle beetle Whitefly,numeric,PER_KG_SEED,per_kg_seed,1.8,,g,1.8 g a i/kg seed,empty,EMPTY,,,,,,,False,not_applicable,
insecticides_20260331.pdf,52,21,cotton,Cotton,False,False,Thiamethoxam 30%WS (Seed treatment),"Aphids, Jassids,  Whitefly & Thrips",numeric,PER_KG_SEED,per_kg_seed,2.4,3.0,g,2.4 - 3g ai/kg seed,numeric,PER_KG_SEED,per_kg_seed,8.0,10.0,ml,8-10 ml/kg seed,,False,not_applicable,
insecticides_20260331.pdf,53,0,soybean,Soybean,False,False,Thiamethoxam 30%WS (Seed treatment),Jassids,numeric,PER_KG_SEED,per_kg_seed,1.2,,g,1.2 g ai/kg seed,numeric,PER_KG_SEED,per_kg_seed,4.0,,ml,4 ml/kg seed,,False,not_applicable,
insecticides_20260331.pdf,53,1,soybean,Soybean,False,False,Thiamethoxam 30%WS (Seed treatment),"Stem fly Girdle beetle,  Whitefly",numeric,PER_KG_SEED,per_kg_seed,1.8,,g,1.8 g ai/kg seed,numeric,PER_KG_SEED,per_kg_seed,6.0,,ml,6 ml/kg seed,,False,not_applicable,
insecticides_20260331.pdf,53,5,cotton,Cotton,False,False,Thiamethoxam 70%WS,"Aphid, Thrips, Whitefly,  Jassids",numeric,BARE_NUMBER,per_ha,300.0,,g,300,numeric,BARE_NUMBER,per_ha,430.0,,g,430,,False,not_applicable,
insecticides_20260331.pdf,53,7,tomato,Tomato,False,False,Thiamethoxam 70%WS,"Aphids,Thrips",numeric,BARE_NUMBER,per_ha,420.0,,g,420,numeric,BARE_NUMBER,per_ha,600.0,,g,600,,False,not_applicable,
insecticides_20260331.pdf,53,16,cotton,Cotton,False,False,Thiamethoxam 75% w/w SG,Jassids & Thrips,numeric,BARE_NUMBER,per_ha,94.0,,g,94,numeric,BARE_NUMBER,per_ha,125.0,,g,125,109,False,resolved,109
insecticides_20260331.pdf,54,1,cotton,Cotton,False,False,Thiamethoxam 25%WG,"Jassid, Aphid, Thrips",numeric,BARE_NUMBER,per_ha,25.0,,g,25,numeric,BARE_NUMBER,per_ha,100.0,,g,100,21,False,resolved,21
insecticides_20260331.pdf,54,2,cotton,Cotton,False,False,Thiamethoxam 25%WG,Whitefly,numeric,BARE_NUMBER,per_ha,50.0,,g,50,numeric,BARE_NUMBER,per_ha,200.0,,g,200,21,False,resolved,21
insecticides_20260331.pdf,54,7,tomato,Tomato  Foliar  application,False,False,Thiamethoxam 25%WG,Whitefly,numeric,BARE_NUMBER,per_ha,50.0,,g,50,numeric,BARE_NUMBER,per_ha,200.0,,g,200,5,False,resolved,05
insecticides_20260331.pdf,54,16,tomato,Tomato   Soil drench,False,False,Thiamethoxam 25%WG,White flies,numeric,BARE_NUMBER,per_ha,100.0,,g,100,numeric,BARE_NUMBER,per_ha,400.0,,g,400,5,False,resolved,05
insecticides_20260331.pdf,54,19,grape,Grapes –Soil  drench,False,False,Thiamethoxam 25%WG,"Mealy bug, Thrips, Flea beetle",numeric,BARE_NUMBER,per_ha,100.0,,g,100,numeric,BARE_NUMBER,per_ha,400.0,,g,400,10,False,resolved,10
insecticides_20260331.pdf,54,21,grape,Grapes –,False,False,Thiamethoxam 25%WG,"Mealy bug, Thrips, Flea beetle",numeric,BARE_NUMBER,per_ha,25.0,,g,25,numeric,BARE_NUMBER,per_ha,100.0,,g,100,15,False,resolved,15
insecticides_20260331.pdf,55,5,cotton,Cotton,False,False,Tolfenpyrad 15% EC,"Aphids, Jassids, Thrips,  Whitefly",numeric,BARE_NUMBER,per_ha,150.0,,g,150,numeric,BARE_NUMBER,per_ha,1000.0,,ml,1000,26,False,resolved,26
insecticides_20260331.pdf,55,9,onion,Onion,False,False,Tolfenpyrad 15% EC,Thrips,numeric,BARE_NUMBER,per_ha,150.0,,g,150.0,numeric,BARE_NUMBER,per_ha,1000.0,,ml,1000,10,False,resolved,10
insecticides_20260331.pdf,55,10,pomegranate,Pomegranate,False,False,Tolfenpyrad 15% EC,Thrips,numeric,BARE_NUMBER,per_ha,150.0,,g,150.0,numeric,BARE_NUMBER,per_ha,1000.0,,ml,1000,7,False,resolved,7
insecticides_20260331.pdf,56,2,cotton,Cotton,False,False,Acephate 50% +Bifenthrin 10% WDG,"Leaf hopper,  Thrips,  Bollworms",free_text,COMPOUND,free_text,,,,400  +80.,numeric,BARE_NUMBER,per_ha,800.0,,g,800,20,False,resolved,20
insecticides_20260331.pdf,56,4,cotton,Cotton,False,False,Acephate45%+ Cypermethrin5%DF,"Aphid, Jassids,  Thrips & Whitefly.",numeric,BARE_NUMBER,per_ha,425.0,,g,425,numeric,BARE_NUMBER,per_ha,850.0,,g,850,22,False,resolved,22
insecticides_20260331.pdf,56,7,cotton,Cotton,False,False,Acephate 25%+Fenvalerate 03%w/w EC,"American  bollworm,  Sucking pest",free_text,COMPOUND,free_text,,,,500  +60.,numeric,BARE_NUMBER,per_ha,2000.0,,ml,2000,15,False,resolved,15
insecticides_20260331.pdf,56,11,cotton,Cotton,False,False,Acephate 50% +Imidacloprid 01.80 %SP,"Aphid, Jassids,  Thrips, Whitefly,  Bollworms",numeric,BARE_NUMBER,per_ha,518.0,,g,518,numeric,BARE_NUMBER,per_ha,1000.0,,g,1000,40,False,resolved,40
insecticides_20260331.pdf,57,2,cotton,Cotton,False,False,Acephate 50% +Imidacloprid5 %WG,"Jassids, Aphids,  Thrips, White fly,  Bollworms  (Pectinophoragos sypiella,  Helicoverpaarmig era, Eariasvitelli)",free_text,COMPOUND,free_text,,,,500 +  50,numeric,BARE_NUMBER,per_ha,1000.0,,g,1000,53,False,resolved,53
insecticides_20260331.pdf,57,5,tomato,Tomato,False,False,Acetamiprid 20% + Chlorantraniliprole 20% WG,"Tomato fruit borer  (Helicoverpa  armigera), Tobacco  caterpillar  (Spodoptera litura),  Aphid (Aphis  gossypii)  Leafhopper  (Amrascabiguttulla biguttulla) and  Whitefly  (Bemisiatabaci).",free_text,COMPOUND,free_text,,,,30+30,numeric,BARE_NUMBER,per_ha,150.0,,g,150,7,False,resolved,7
insecticides_20260331.pdf,58,2,cotton,Cotton,False,False,Acetamiprid 01.10% +Cypermethrin 05.50%EC,"Aphids, Jassids,  Thrips,  Bollworms",free_text,COMPOUND,free_text,,,,10 +50,numeric,BARE_NUMBER,per_ha,1000.0,,ml,1000,30,False,resolved,30
insecticides_20260331.pdf,58,11,soybean,soybean,False,False,Azoxystrobin 1.5% + Carbendazim 8.0% + Thiamethoxam 30% FS w/w,"Fusarium root  rot, Phytophthora  root rot,  Rhizoctonia  seedling blight, Pythium seedling  blight, Stem fly  (Melanagromyza  sojae), White  grub (Holotrichia  spp.), Termite  (Odontotermes  spp.)",free_text,COMPOUND,free_text,,,,1.5+8+30,numeric,BARE_NUMBER,per_ha,100.0,,ml,100,,False,not_applicable,NA
insecticides_20260331.pdf,60,12,cotton,Cotton,False,False,Bifenthrin 8% + Clothianidin 10% SC,"Grey weevil,  mealy bug,  jassids, whitefly,  aphids and thrips",free_text,COMPOUND,free_text,,,,80+100,numeric,BARE_NUMBER,per_ha,1000.0,,ml,1000,73,False,resolved,73
insecticides_20260331.pdf,60,15,soybean,Soybean,False,False,Bifenthrin 32 % + Chlorantraniliprole 12% WG,"White fly (Bemisia  tabaci), Girdle  beetle (Obereopsis  brevis) Green  semilooper  (Chrysodeixis  acuta) and Stem fly  (Melanagromyza  sojae)",free_text,COMPOUND,free_text,,,,80 + 30,numeric,BARE_NUMBER,per_ha,250.0,,g,250,40,False,resolved,40
insecticides_20260331.pdf,61,2,cotton,Cotton,False,False,Bifenthrin 25% + Thiamethoxam 25% WG,"Jassids, Aphids,  Thrips White fly,  American  Bollworm, Pink  Bollworm,  Spotted  Bollworm.",free_text,COMPOUND,free_text,,,,50 + 50,numeric,BARE_NUMBER,per_ha,200.0,,g,200,42,False,resolved,42
insecticides_20260331.pdf,61,7,cotton,Cotton,False,False,Buprofezin 15%+ Acephate 35%w/w WP,"Jassids, Thrips  & Whitefly",free_text,COMPOUND,free_text,,,,187.5 +437.5,numeric,BARE_NUMBER,per_ha,1250.0,,g,1250,48,False,resolved,48
insecticides_20260331.pdf,61,12,cotton,Cotton,False,False,Buprofezin 20%+ Acephate 50%w/w WP,"Thrips, Jassids,  Mealy bug",free_text,COMPOUND,free_text,,,,250 +625,numeric,BARE_NUMBER,per_ha,1250.0,,g,1250,15,False,resolved,15
insecticides_20260331.pdf,62,3,cotton,Cotton,False,False,Buprofezin 22.0%+ Fipronil 3%SC,Mealy bugs &  Thrips,free_text,COMPOUND,free_text,,,,220+30,numeric,BARE_NUMBER,per_ha,1000.0,,ml,1000,17,False,resolved,17
insecticides_20260331.pdf,62,14,soybean,Soybean,False,False,Cartap Hydrochloride 04% +Fipronil 00.50% CG,"Leaf  worm,  Girdle  beetle,  Semi  looper,  Stem fly",numeric,BARE_NUMBER,per_ha,28.0,,g,28,numeric,BARE_NUMBER,per_ha,200.0,,g,200,41,False,resolved,41
insecticides_20260331.pdf,63,2,tomato,Tomato,False,False,Chlorantraniliprole 4.3% +Abamectin 1.7% SC,"Fruit  Borer,  Leaf  Miner,  mites",free_text,COMPOUND,free_text,,,,21.5 + 8.5,numeric,BARE_NUMBER,per_ha,500.0,,ml,500,5,False,resolved,5
insecticides_20260331.pdf,64,1,cotton,Cotton,False,False,Chlorantraniliprole 12% + Fipronil 30% GR,"Thrips (Thrips  tabaci), Aphids  (Aphis gosypii),  American  bollworm  (Helicoverpa  armigera), Pink  bollworm  (Pectinophora  gossypiella)",free_text,COMPOUND,free_text,,,,30 + 75,numeric,BARE_NUMBER,per_ha,250.0,,g,250,41,False,resolved,41
insecticides_20260331.pdf,64,5,tomato,Tomato,False,False,Chlorantraniliprole 0.45% + Fipronil 0.50% + Emamectin Benzoate 0.18% GR,Whitefly & Fruit  borer,free_text,COMPOUND,free_text,,,,45 + 50 + 18,numeric,PER_HA_EXPLICIT,per_ha,10.0,,kg,10 Kg/Ha,3,False,resolved,3
insecticides_20260331.pdf,64,9,tur,Pigeonpea,False,False,Chlorantraniliprole 09.30%+Lambda-cyhalothrin 04.60% ZC,Pod borer,numeric,BARE_NUMBER,per_ha,30.0,,g,30,numeric,BARE_NUMBER,per_ha,200.0,,ml,200,18,False,resolved,18
insecticides_20260331.pdf,64,10,cotton,Cotton,False,False,Chlorantraniliprole 09.30%+Lambda-cyhalothrin 04.60% ZC,Boll worms  complex,numeric,BARE_NUMBER,per_ha,37.5,,g,37.50,numeric,BARE_NUMBER,per_ha,250.0,,ml,250,20,False,resolved,20
insecticides_20260331.pdf,65,1,soybean,Soybean,False,False,Chlorantraniliprole 09.30%+Lambda-cyhalothrin 04.60% ZC,"Leaf Worm,  Girdle Beetle,  Semi looper,  Stem Fly",numeric,BARE_NUMBER,per_ha,28.0,,g,28,numeric,BARE_NUMBER,per_ha,200.0,,ml,200,41,False,resolved,41
insecticides_20260331.pdf,65,6,pomegranate,Pomegranate,False,False,Chlorantraniliprole 09.30%+Lambda-cyhalothrin 04.60% ZC,Fruit Borer &  Thrips,numeric,BARE_NUMBER,per_ha,28.0,,g,28,numeric,BARE_NUMBER,per_ha,200.0,,ml,200,7,False,resolved,7
insecticides_20260331.pdf,65,8,grape,Grapes,False,False,Chlorantraniliprole 09.30%+Lambda-cyhalothrin 04.60% ZC,"Flea beetle, thrips",empty,EMPTY,,,,,,empty,EMPTY,,,,,,,False,not_applicable,
insecticides_20260331.pdf,65,9,gram,Bengal gram,False,False,Chlorantraniliprole 09.30%+Lambda-cyhalothrin 04.60% ZC,Pod borer,empty,EMPTY,,,,,,empty,EMPTY,,,,,,,False,not_applicable,
insecticides_20260331.pdf,65,10,tomato,Tomato,False,False,Chlorantraniliprole 09.30%+Lambda-cyhalothrin 04.60% ZC,Helicoverpa and  leaf minor,empty,EMPTY,,,,,,empty,EMPTY,,,,,,,False,not_applicable,
insecticides_20260331.pdf,65,16,gram,Chickpea,False,False,CHLORANTRANILIPROLE 5.2% + NOVALURON 8.5% SC,"Pod borer  (Helicoverpa  armigera),",free_text,COMPOUND,free_text,,,,20.8 + 34,numeric,BARE_NUMBER,per_ha,400.0,,ml,400,7,False,resolved,7
insecticides_20260331.pdf,66,1,tomato,Tomato,False,False,CHLORANTRANILIPROLE 5.2% + NOVALURON 8.5% SC,"Fruit borer  (Helicoverpa  armigera),  Tobacco  caterpillar  (Spodoptera litura)",free_text,COMPOUND,free_text,,,,26+42.5,numeric,BARE_NUMBER,per_ha,500.0,,ml,500,7,False,resolved,7
insecticides_20260331.pdf,66,3,cotton,Cotton,False,False,Nitenpyram 15% + Pyriproxyfen 20% EC,Leaf hoppers  (Amrasca biguttula  biguttula) and  Whitefly (Bemisia  tabaci),numeric,BARE_NUMBER,per_ha,175.0,,g,175,numeric,BARE_NUMBER,per_ha,500.0,,ml,500,73,False,resolved,73
insecticides_20260331.pdf,67,1,tomato,Tomato,False,False,Chlorantraniliprole 08.80%+Thiamethoxam 17.50%w/w SC,"Leaf Miner,  Whitefly, Fruit  borer",free_text,COMPOUND,free_text,,,,150 (50+100),free_text,ALTERNATIVE_VALUES,free_text,,,,"500  Application  method-Soil  drench (Single  application),  Application  time-8-10days  after  transplanting",36,False,resolved,36
insecticides_20260331.pdf,67,6,cotton,Cotton,False,False,Chlorpyrifos 50%+Cypermethrin 05%EC,"Aphid, Jassids,  Thrips, Whitefly,  Spodoptera litura,  Spotted bollworm,  Pink bollworm,  American bollworm",free_text,COMPOUND,free_text,,,,500 +50,numeric,BARE_NUMBER,per_ha,1000.0,,ml,1000,15,False,resolved,15
insecticides_20260331.pdf,68,0,cotton,Cotton,False,False,Chlorpyriphos 16% +Alphacypermethrin01%EC,"Spotted bollworm,  Pink bollworm,  American  bollworm",numeric,BARE_NUMBER,per_ha,425.0,,g,425,numeric,BARE_NUMBER,per_ha,2500.0,,ml,2500,15,False,resolved,15
insecticides_20260331.pdf,68,3,cotton,Cotton,False,False,Clothianidin 3.5%+Pyriproxyfen 8% SE,"Whitefly, Jassid,  Thrips and Aphids",free_text,COMPOUND,free_text,,,,44+100 – 52.5+120,numeric,BARE_RANGE,per_ha,1250.0,1500.0,ml,1250- 1500,60,False,resolved,60
insecticides_20260331.pdf,68,5,cotton,Cotton,False,False,Cyantraniliprole 7.3% w/w + Diafenthiuron 36.4% w/w SC  (Cyantraniliprole 8% w/v + Diafenthiuron 40% w/v SC)  (Cyantraniliprole 80 g/L + Diafenthiuron 400 g/L – 480 SC),"Jassids, Whitefly,  Thrips, Aphids,  Pink bollworm",free_text,COMPOUND,free_text,,,,300 (50 + 250),numeric,BARE_NUMBER,per_ha,625.0,,ml,625,29,False,resolved,29
insecticides_20260331.pdf,68,11,tomato,Tomato,False,False,Cyantraniliprole 16.9% + Lufenuron 16.9% w/w SC,Fruit borer:  Helicoverpa  armigera Leaf  miner: Liriomyza  trifolii Thrips:  Thrips tabaci,free_text,COMPOUND,free_text,,,,60 (30+30),numeric,BARE_NUMBER,per_ha,150.0,,ml,150,5,False,resolved,5
insecticides_20260331.pdf,68,13,cotton,Cotton,False,False,Cyantraniliprole 16.9% + Lufenuron 16.9% w/w SC,Pink boll Worm:  Pectinophora  gossypiella Leaf  worm: Spodoptera  litura American  Bollworm:  Helicoverpa  armigera Thrips: Thrips tabaci,free_text,COMPOUND,free_text,,,,100 (50+50),numeric,BARE_NUMBER,per_ha,250.0,,ml,250,25,False,resolved,25
insecticides_20260331.pdf,69,5,cotton,Cotton,False,False,Cypermethrin 10%+ Indoxacarb 10% w/w SC,"Jassids, Thrips,  Bollworms",free_text,COMPOUND,free_text,,,,50+50,numeric,BARE_NUMBER,per_ha,500.0,,ml,500,7,False,resolved,07
insecticides_20260331.pdf,69,10,tomato,Tomato,False,False,Indoxacarb 16% (12% S-Isomer + 4% R-Isomer) + Chlorantraniliprole 12% w/v OD,Fruit borer  (Helicoverpa  armigera),free_text,COMPOUND,free_text,,,,48 + 48,numeric,BARE_NUMBER,per_ha,400.0,,ml,400,5,False,resolved,05 days
insecticides_20260331.pdf,69,11,gram,Chickpea,False,False,Indoxacarb 16% (12% S-Isomer + 4% R-Isomer) + Chlorantraniliprole 12% w/v OD,Pod borer  (Helicoverpa  armigera),free_text,COMPOUND,free_text,,,,48 + 48,numeric,BARE_NUMBER,per_ha,400.0,,ml,400,26,False,resolved,26 days
insecticides_20260331.pdf,69,14,cotton,Cotton,False,False,Cypermethrin 3%+ Quinalphos 20 % EC,"American boll  worm, Spotted  bollworm, Jassids",empty,NULL_MARKER,,,,,-,numeric,BARE_RANGE,per_ha,1000.0,1250.0,ml,1000 – 1250,15,False,resolved,15
insecticides_20260331.pdf,69,18,cotton,Cotton,False,False,Diafenthiuron 40.1% +Acetamiprid 3.9%w/w WP,"Thrips, Mites and  Whitefly",free_text,COMPOUND,free_text,,,,(200.5 + 19.5 –  (240.6 + 23.4),numeric,BARE_RANGE,per_ha,500.0,600.0,g,500 - 600,21,False,resolved,21
insecticides_20260331.pdf,70,2,cotton,Cotton,False,False,Diafenthiuron 47% +Bifenthrin9.4%w/w SC,"Thrips (Thrips  tabaci), Leaf hopper  (Amrasca devastans),  Whitefly (Bemisia  tabaci), Aphid (Aphis  gossypii)",free_text,COMPOUND,free_text,,,,293.75 +58.7,numeric,BARE_NUMBER,per_ha,625.0,,ml,625,30,False,resolved,30
insecticides_20260331.pdf,70,5,cotton,Cotton,False,False,Diafenthiuron 48% + Dinotefuran 8% WG,"Thrips (Thrips palmi),  Jassids (Amrasca  bigutulla bigutulla),  Whiteflies (Bemisia  tabaci), Mites  (Tetranychus urticae)",free_text,COMPOUND,free_text,,,,300 + 50,numeric,BARE_NUMBER,per_ha,625.0,,g,625,43,False,resolved,43
insecticides_20260331.pdf,70,11,cotton,Cotton,False,False,Diafenthiuron 30% + Pyriproxyfen 8% w/w SC,Whitefly,free_text,COMPOUND,free_text,,,,300+80,numeric,BARE_NUMBER,per_ha,1000.0,,ml,1000,35,False,resolved,35
insecticides_20260331.pdf,71,2,cotton,Cotton,False,False,Dinotefuran 4 % + Acephate 50% w/w/ SG,"Aphids, Jassids,  Thrips & Whiteflies.",free_text,COMPOUND,free_text,,,,22 +275,numeric,BARE_NUMBER,per_ha,880.0,,g,880,10,False,resolved,10
insecticides_20260331.pdf,72,0,cotton,Cotton,False,False,Emamectin Benzoate 1.1% + Diafenthiuron 30 % SC,"Aphids , Jassids,  thrips, whitefly &  Pink Bollworm",free_text,COMPOUND,free_text,,,,11 + 300,numeric,BARE_NUMBER,per_ha,1000.0,,ml,1000,38,False,resolved,38
insecticides_20260331.pdf,73,0,tomato,Tomato,False,False,Emamectin benzoate 5% w/w+ Lufenuron 40%w/w WG,Fruit Borer and  Thrips,free_text,COMPOUND,free_text,,,,27 (Emamectin  benzoate  3.0+Lufenuron 24.0),numeric,BARE_NUMBER,per_ha,60.0,,g,60,5,False,resolved,5
insecticides_20260331.pdf,73,5,cotton,Cotton,False,False,Emamectin Benzoate 1.5% + Profenofos 35% w/w WDG,"Whiteflies, Jassids,  Thrips, Aphids and  Pink Boll Worm",free_text,COMPOUND,free_text,,,,10.5 + 245,numeric,BARE_NUMBER,per_ha,700.0,,g,700,15,False,resolved,15
insecticides_20260331.pdf,73,15,cotton,Cotton,False,False,Ethion 40% +Cypermethrin 05%w/w EC,American boll  worm,free_text,COMPOUND,free_text,,,,400 +50,numeric,BARE_NUMBER,per_ha,1000.0,,ml,1000,15,False,resolved,15
insecticides_20260331.pdf,74,9,tomato,Tomato,False,False,Fenazaquin 10% + Bifenthrin 4% EC,Red Spider mite  (Tetranychus  urticae) Whitefly  (Bemisia tabaci),free_text,COMPOUND,free_text,,,,125+50,numeric,BARE_NUMBER,per_ha,1250.0,,ml,1250,5,False,resolved,5
insecticides_20260331.pdf,74,11,cotton,Cotton,False,False,Fenazaquin 10% + Bifenthrin 4% EC,Whitefly and  Mites,free_text,COMPOUND,free_text,,,,125 + 50,numeric,BARE_NUMBER,per_ha,1250.0,,ml,1250,74,False,resolved,74
insecticides_20260331.pdf,75,1,cotton,Cotton,False,False,Fipronil 5% + Buprofezin 20% SC,"Jassids, Thrips.  Aphid &  Whitefly",free_text,COMPOUND,free_text,,,,50+200,numeric,BARE_NUMBER,per_ha,1000.0,,ml,1000,6,False,resolved,6
insecticides_20260331.pdf,75,7,tomato,Tomato,False,False,Fipronil 15% + Deltamethrin 2.5% w/v SC,Tomato fruit  borer,free_text,COMPOUND,free_text,,,,75 + 12.5,numeric,BARE_NUMBER,per_ha,500.0,,ml,500,7,False,resolved,7
insecticides_20260331.pdf,75,9,cotton,Cotton,False,False,Fipronil 10% + Diafenthiuron 30% w/w WG,"Jassids (Amrasca  bigutulla  bigutulla), thrips  (Thrips tabaci),  Pink bollworm  (Pectinophora  gossipiella)",free_text,COMPOUND,free_text,,,,75 + 225,numeric,BARE_NUMBER,per_ha,750.0,,g,750,21,False,resolved,21
insecticides_20260331.pdf,75,11,cotton,Cotton,False,False,FIPRONIL 12.5% + LAMBDA-CYHALOTHRIN 5% ZC,"Thrips, Leaf  hoppers, Aphids  & Pink bollworm",free_text,COMPOUND,free_text,,,,50 + 20,numeric,BARE_NUMBER,per_ha,400.0,,ml,400,35,False,resolved,35
insecticides_20260331.pdf,75,13,onion,Onion,False,False,FIPRONIL 12.5% + LAMBDA-CYHALOTHRIN 5% ZC,Thrips,free_text,COMPOUND,free_text,,,,50 + 20,numeric,BARE_NUMBER,per_ha,400.0,,ml,400,7,False,resolved,7
insecticides_20260331.pdf,75,14,tomato,Tomato,False,False,FIPRONIL 12.5% + LAMBDA-CYHALOTHRIN 5% ZC,"Thrips, Whitefly  & Fruit borer  (Helicoverpa  armigera)",free_text,COMPOUND,free_text,,,,50 +20,numeric,BARE_NUMBER,per_ha,400.0,,ml,400,7,False,resolved,7
insecticides_20260331.pdf,76,4,gram,Chickpea,False,False,Flubendiamide 8.33%+Deltamethrin 5.56% w/w SC,Pod borer,free_text,COMPOUND,free_text,,,,22.50 +15,numeric,BARE_NUMBER,per_ha,250.0,,ml,250,7,False,resolved,07
insecticides_20260331.pdf,76,8,tomato,Tomato,False,False,Flubendiamide 8.33%+Deltamethrin 5.56% w/w SC,Thrips and Fruit  borer,free_text,COMPOUND,free_text,,,,36+24,numeric,BARE_NUMBER,per_ha,400.0,,ml,400,5,False,resolved,5
insecticides_20260331.pdf,76,13,tomato,Tomato,False,False,Flubendiamide 03.50%+Hexaconazole 05%w/w WG,Spodoptera litura  Helicoverpa  armigera Early  blight Leaf spot,unparseable,DEFECT_AI_NAME,,,,,Flubendiamide –  43.75 &  Hexaconazole –  62.5,numeric,BARE_NUMBER,per_ha,1250.0,,g,1250,5,False,resolved,5
insecticides_20260331.pdf,77,0,tomato,Tomato,False,False,Flubendiamide 07.5%+Kresoxim Methyl 37.5% w/w SC,Fruit borer  (Helicoverpa  armigera)  Leaf eating  caterpillar/ Fruit  borer (Spodoptera  litura),free_text,COMPOUND,free_text,,,,50 +250,numeric,BARE_NUMBER,per_ha,667.0,,ml,667,7,False,resolved,07
insecticides_20260331.pdf,77,7,cotton,Cotton,False,False,Fipronil 04%+ Acetamiprid 04%w/w SC,"Aphid, Jassids,  Whitefly",free_text,COMPOUND,free_text,,,,40 +40,numeric,BARE_NUMBER,per_ha,1000.0,,ml,1000,30,False,resolved,30
insecticides_20260331.pdf,77,9,cotton,Cotton,False,False,Fipronil 15% + Imidacloprid 5% w/v SC,"Aphids, Jassids,  Thrips",free_text,COMPOUND,free_text,,,,75 + 25,numeric,BARE_NUMBER,per_ha,500.0,,ml,500,6,False,resolved,6
insecticides_20260331.pdf,77,10,cotton,Cotton,False,False,Fipronil 15% + Imidacloprid 5% w/v SC,Pink bollworm,free_text,COMPOUND,free_text,,,,90 + 30,numeric,BARE_NUMBER,per_ha,600.0,,ml,600,,False,not_applicable,
insecticides_20260331.pdf,77,14,cotton,Cotton,False,False,Fipronil 40%+ Imidacloprid 40% WG,Jassids and Thrips,free_text,COMPOUND,free_text,,,,50 + 50,numeric,BARE_NUMBER,per_ha,125.0,,g,125,36,False,resolved,36
insecticides_20260331.pdf,78,10,cotton,Cotton,False,False,Fipronil 15% + Flonicamid 15% WDG,"Aphid, Jassid,  thrips, whitefly,  mealy bug and  bollworm",free_text,COMPOUND,free_text,,,,60 + 60,numeric,BARE_NUMBER,per_ha,400.0,,g,400,33,False,resolved,33
insecticides_20260331.pdf,78,13,cotton,Cotton,False,False,Flonicamid 11.7% + Diafenthiuron 36% WG,"White fly, Aphids,  Jassids",free_text,COMPOUND,free_text,,,,73.13+225,numeric,BARE_NUMBER,per_ha,625.0,,g,625,80,False,resolved,80
insecticides_20260331.pdf,78,14,tomato,Tomato,False,False,Flonicamid 11.7% + Diafenthiuron 36% WG,"White fly, Aphids,  Jassids",free_text,COMPOUND,free_text,,,,73.13+225,numeric,BARE_NUMBER,per_ha,625.0,,g,625,5,False,resolved,5
insecticides_20260331.pdf,78,16,cotton,Cotton,False,False,Flonicamid -20% + Fipronil- 8% SC (W/W),"Aphids, Jassids,  Thrips & White fly",free_text,COMPOUND,free_text,,,,75 + 30,numeric,BARE_NUMBER,per_ha,375.0,,ml,375,35,False,resolved,35
insecticides_20260331.pdf,78,18,cotton,Cotton,False,False,Flonicamid 18% + Spirotetramat 13.5% w/w SC,"White fly, Aphids,  Jassids and Thrips",free_text,COMPOUND,free_text,,,,99+74.25,numeric,BARE_NUMBER,per_ha,550.0,,ml,550,86,False,resolved,86
insecticides_20260331.pdf,79,2,tomato,Tomato,False,False,Fluxametamide 5.81% + Bifenthrin 5.81 % EC (11.62% EC w/w) (12% EC w/v),Fruit borer  (Helicoverpa  armigera),free_text,COMPOUND,free_text,,,,37.5 + 37.5,numeric,BARE_NUMBER,per_ha,625.0,,ml,625,7,False,resolved,7
insecticides_20260331.pdf,79,3,tomato,Tomato,False,False,Fluxametamide 5.81% + Bifenthrin 5.81 % EC (11.62% EC w/w) (12% EC w/v),Leaf miner  (Liriomyza trifolii),free_text,COMPOUND,free_text,,,,30 + 30,numeric,BARE_NUMBER,per_ha,500.0,,ml,500,7,False,resolved,7
insecticides_20260331.pdf,80,8,cotton,Cotton,False,False,Indoxacarb 14.50% +Acetamiprid 07.70%w/w SC,"Jassids,  Whitefly,  Bollworms",numeric,BARE_RANGE,per_ha,88.8,111.0,g,88.8 –111,numeric,BARE_RANGE,per_ha,400.0,500.0,ml,400 – 500,30,False,resolved,30
insecticides_20260331.pdf,80,11,tomato,Tomato,False,False,Indoxacarb 10.0% + Thiamethoxam 10.0% WG,Whitefly and  fruit borer,free_text,COMPOUND,free_text,,,,75 + 75,numeric,BARE_NUMBER,per_ha,750.0,,g,750,5,False,resolved,5
insecticides_20260331.pdf,81,6,soybean,Soybean,False,False,Lufenuron 4% + Emamectin Benzoate 1.5% EC,Spodoptera spp.  (Spodoptera  litura),free_text,COMPOUND,free_text,,,,(25+9.37),numeric,BARE_NUMBER,per_ha,625.0,,ml,625,37,False,resolved,37
insecticides_20260331.pdf,81,10,gram,Bengal  gram,False,False,METHOXYFENOZIDE 5% + CHLORPYRIPHOS 25% SE,Pod borer  (Helicoverpa  armigera),free_text,COMPOUND,free_text,,,,100 + 500,numeric,BARE_NUMBER,per_ha,2000.0,,ml,2000,15,False,resolved,15
insecticides_20260331.pdf,81,14,cotton,Cotton,False,False,Nitenpyram 15.0 % + Fipronil 20.0% w/w WP,Thrips (Thrips  tabaci) and Leaf  hoppers  (Amrasca biguttula  biguttula),numeric,BARE_NUMBER,per_ha,140.0,,g,140,numeric,BARE_NUMBER,per_ha,400.0,,g,400,70,False,resolved,70
insecticides_20260331.pdf,82,4,tur,Red Gram,False,False,Novaluron 05.25%+ Emamectin Benzoate 0.9% SC,Gram Pod Borer  (Helicoverpa armigera),free_text,COMPOUND,free_text,,,,45.94 + 7.87,numeric,BARE_NUMBER,per_ha,875.0,,ml,875,25,False,resolved,25
insecticides_20260331.pdf,82,7,gram,Chickpea,False,False,Novaluron 05.25%+ Emamectin Benzoate 0.9% SC,Pod Borer,free_text,COMPOUND,free_text,,,,45.94 + 7.88,numeric,BARE_NUMBER,per_ha,875.0,,ml,875,11,False,resolved,11
insecticides_20260331.pdf,82,10,tomato,Tomato,False,False,Novaluron 05.25%+Indoxacarb 04.50% SC,Fruitborer  (Helicoverpa armigera) &  Leaf eating caterpillar  (Spodoptera litura),free_text,COMPOUND,free_text,,,,43.31 +37.13-  45.94 +39.38,numeric,BARE_RANGE,per_ha,825.0,875.0,ml,825 –875,5,False,resolved,05
insecticides_20260331.pdf,82,11,gram,Chickpea,False,False,Novaluron 05.25%+Indoxacarb 04.50% SC,Gram pod borer  (Helicoverpa  armigera),free_text,COMPOUND,free_text,,,,43.31 +37.13-  45.94 +39.38,numeric,BARE_RANGE,per_ha,825.0,875.0,ml,825 –875,9,False,resolved,9
insecticides_20260331.pdf,82,12,soybean,Soybean,False,False,Novaluron 05.25%+Indoxacarb 04.50% SC,"Spodoptera spp.,  Helicoverpa armigera and  Semilooper",free_text,COMPOUND,free_text,,,,43.31 +37.13-  45.94 +39.38,numeric,BARE_RANGE,per_ha,825.0,875.0,ml,825 –875,14,False,resolved,14
insecticides_20260331.pdf,82,13,tur,Pigeonpea  (Red  Gram/Arhar /Tur),False,False,Novaluron 05.25%+Indoxacarb 04.50% SC,Pod borer complex  (Helicoverpa armigera &  Melanogromyza abtuse),free_text,COMPOUND,free_text,,,,43.31 +37.13-  45.94 +39.38,numeric,BARE_RANGE,per_ha,825.0,875.0,ml,825 –875,25,False,resolved,25
insecticides_20260331.pdf,83,3,tur,Red gram,False,False,NOVALURON 9.45% + LAMBDA-CYHALOTHRIN 1.9% ZC,"Pod borer (Helicoverpa  armigera), Leaf hopper  (Empoasca kerri)",free_text,COMPOUND,free_text,,,,75+15,numeric,BARE_NUMBER,per_ha,750.0,,ml,750,39,False,resolved,39
insecticides_20260331.pdf,83,4,tomato,Tomato,False,False,NOVALURON 9.45% + LAMBDA-CYHALOTHRIN 1.9% ZC,"Tomato fruit borer  (Helicoverpa armigera),  Tobacco caterpillar  (Spodoptera litura)",free_text,COMPOUND,free_text,,,,75+15,numeric,BARE_NUMBER,per_ha,750.0,,ml,750,7,False,resolved,7
insecticides_20260331.pdf,83,9,cotton,Cotton,False,False,Profenofos 40%+Cypermethrin 04 %EC,Bollworm complex,numeric,BARE_RANGE,per_ha,440.0,660.0,g,440 –660,numeric,BARE_RANGE,per_ha,1000.0,1500.0,ml,1000 –1500,14,False,resolved,14
insecticides_20260331.pdf,83,16,cotton,Cotton,False,False,Profenofos 50% + Fenpropathrin 5% EC,"Pink Bollworm (Pectinophora  gossipiella), Thrips (Thrips  tabaci), Aphids (Aphis gossypii),  Jassids (Amrasca biguttula) and  Whitefly (Bemisia tabaci)",free_text,COMPOUND,free_text,,,,825 (750 + 75),numeric,BARE_NUMBER,per_ha,1500.0,,ml,1500,22,False,resolved,22
insecticides_20260331.pdf,84,4,cotton,Cotton,False,False,Profenofos 40% (w/w) + Lambda Cyhalothrin 1.5% (w/w) EC,"Aphids, thrips, Leafhopper,  Whitefly, Bollworm",free_text,COMPOUND,free_text,,,,400 + 15,numeric,BARE_NUMBER,per_ha,1000.0,,ml,1000,15,False,resolved,15
insecticides_20260331.pdf,84,8,tomato,Tomato,False,False,Propargite 50% +Bifenthrin 5 % w/w SE,"Mite, Whitefly & Jassids",free_text,COMPOUND,free_text,,,,594 +59.4 –  621 +62.1,numeric,BARE_RANGE,per_ha,1100.0,1150.0,ml,1100 – 1150,5,False,resolved,05
insecticides_20260331.pdf,85,11,cotton,Cotton,False,False,Pyriproxyfen05%+Fenpropathrin15%EC,Bollworms,free_text,COMPOUND,free_text,,,,25 +75-  37.5 +112.5,numeric,BARE_RANGE,per_ha,500.0,750.0,ml,500-750,14,False,resolved,14
insecticides_20260331.pdf,85,12,cotton,Cotton,False,False,Pyriproxyfen05%+Fenpropathrin15%EC,Whitefly,free_text,COMPOUND,free_text,,,,60 +60,numeric,BARE_NUMBER,per_ha,600.0,,ml,600,19,False,resolved,19
insecticides_20260331.pdf,85,17,cotton,Cotton,False,False,Pyriproxyfen 05%+Diafenthiuron 25%SE,"Whitefly (Bemisia tabaci),  Thrips (Thrips tabaci), Jassid (Amrasca biguttula biguttula),  Aphid (Aphis gossypi)",free_text,COMPOUND,free_text,,,,50 + 250-  62.50 + 312.5,numeric,BARE_RANGE,per_ha,1000.0,1250.0,ml,1000 –  1250,35,False,resolved,35
insecticides_20260331.pdf,86,3,cotton,Cotton,False,False,Pyriproxyfen10%+Bifenthrin10%w/w EC,Whitefly,free_text,COMPOUND,free_text,,,,60 +60,numeric,BARE_NUMBER,per_ha,600.0,,ml,600,19,False,resolved,19
insecticides_20260331.pdf,86,6,soybean,Soybean,False,False,Pyriproxyfen10%+Bifenthrin10%w/w EC,Whitefly,free_text,COMPOUND,free_text,,,,100+100,numeric,BARE_NUMBER,per_ha,1000.0,,ml,1000,35,False,resolved,35
insecticides_20260331.pdf,86,10,cotton,Cotton,False,False,Pyriproxyfen 8% + Dinotefuran 5% + Diafenthiuron 18% SC,"Whitefly, Jassids,  Thrips and Aphids",free_text,COMPOUND,free_text,,,,48 + 30 + 108,numeric,BARE_NUMBER,per_ha,600.0,,ml,600,48,False,resolved,48
insecticides_20260331.pdf,87,3,cotton,Cotton,False,False,Spirotetramat 11.01%+ Imidacloprid 11.01%w/w SC,Mealy bug,free_text,COMPOUND,free_text,,,,75+75,numeric,BARE_NUMBER,per_ha,625.0,,ml,625,22,False,resolved,22
insecticides_20260331.pdf,87,4,grape,Grapes,False,False,Spirotetramat 11.01%+ Imidacloprid 11.01%w/w SC,"Thrips, Mites  and Mealy Bugs",free_text,COMPOUND,free_text,,,,90 + 90,numeric,BARE_NUMBER,per_ha,750.0,,ml,750,60,False,resolved,60
insecticides_20260331.pdf,87,6,tomato,Tomato,False,False,Spiropidon 30% w/w + Acetamiprid 24% w/w WG,"Thrips (Thrips tabaci), Aphids  (Aphis gossypii), Whiteflies  (Bemisia tabaci)",free_text,COMPOUND,free_text,,,,108 (Spiropidion 60 +  Acetamiprid 48) – 135  (Spiropidion 75 +  Acetamiprid 60),numeric,BARE_RANGE,per_ha,200.0,250.0,g,200 - 250,5,False,resolved,5
insecticides_20260331.pdf,87,7,cotton,Cotton,False,False,Spiropidon 30% w/w + Acetamiprid 24% w/w WG,"Mealy bugs (Phenococcus  solenopsis, Thrips (Thips  tabaci), Jassids (Amrasca  devastans), Aphids (Aphis  gossypii), Whiteflies (Bemisia  tabaci)",free_text,COMPOUND,free_text,,,,108 (Spiropidion 60 +  Acetamiprid 48) – 135  (Spiropidion 75 +  Acetamiprid 60),numeric,BARE_RANGE,per_ha,200.0,250.0,g,200 - 250,85,False,resolved,85
insecticides_20260331.pdf,88,0,tomato,Tomato,False,False,Tetraniliprole 10.81 % w/w + Spirotetramat 21.62 % w/w SC,"Fruit Borer, Leaf miner, Thrips and  Whitefly",free_text,COMPOUND,free_text,,,,45 +90,numeric,BARE_NUMBER,per_ha,375.0,,ml,375,5,False,resolved,5
insecticides_20260331.pdf,88,4,cotton,Cotton,False,False,Thiamethoxam12.60%+Lambda-cyhalothrin 09.50% ZC,"Jassids, Aphids, Thrips, Bollworms",numeric,BARE_NUMBER,per_ha,44.0,,g,44,numeric,BARE_NUMBER,per_ha,200.0,,ml,200,26,False,resolved,26
insecticides_20260331.pdf,88,7,soybean,Soybean,False,False,Thiamethoxam12.60%+Lambda-cyhalothrin 09.50% ZC,"Stem fly, Semi looper, Girdle  beetle",numeric,BARE_NUMBER,per_ha,27.5,,g,27.50,numeric,BARE_NUMBER,per_ha,125.0,,ml,125,48,False,resolved,48
insecticides_20260331.pdf,88,10,tomato,Tomato,False,False,Thiamethoxam12.60%+Lambda-cyhalothrin 09.50% ZC,"Thrips, Whiteflies & Fruit borer",numeric,BARE_NUMBER,per_ha,27.5,,g,27.5,numeric,BARE_NUMBER,per_ha,125.0,,ml,125,5,False,resolved,05
insecticides_20260331.pdf,89,2,cotton,Cotton,False,False,TOLFENPYRAD 15% + BIFENTHRIN 7.5% SE,"Leaf hoppers, Aphids, Thrips, Pink  bollworm",free_text,COMPOUND,free_text,,,,112.50 + 56.25,numeric,BARE_NUMBER,per_ha,750.0,,ml,750,54,False,resolved,54
insecticides_20260331.pdf,89,10,cotton,Cotton,False,False,Flonicamid 15% + Pyriproxyfen 12% + Acetamiprid 2% ME,"Aphids, Jassids, Thrips and  Whiteflies",free_text,COMPOUND,free_text,,,,75 + 60 + 10,numeric,BARE_NUMBER,per_ha,500.0,,ml,500,51,False,resolved,51
fungicides_20260331.pdf,2,5,grape,Grape,False,False,Amisulbrom 20% SC,Downy mildew  (Plasmopara  viticola),numeric,BARE_NUMBER,per_ha,75.0,,g,75,numeric,BARE_NUMBER,per_ha,375.0,,ml,375,59,False,resolved,59
fungicides_20260331.pdf,2,7,grape,Grapes,False,False,Azoxystrobin 23% SC,"Downy mildew,  Powdery mildew",numeric,NUM_UNIT,per_ha,125.0,,g,125gm,numeric,NUM_UNIT,per_ha,500.0,,ml,500 ml,7,False,resolved,7
fungicides_20260331.pdf,2,10,tomato,Tomato,False,False,Azoxystrobin 23% SC,Early & Late  blight,numeric,NUM_UNIT,per_ha,125.0,,g,125gm,numeric,NUM_UNIT,per_ha,500.0,,ml,500ml,3,False,resolved,3
fungicides_20260331.pdf,2,14,pomegranate,Pomegranate,False,False,Azoxystrobin 23% SC,Leaf & Fruit spot,numeric,PCT_SINGLE,concentration_pct,0.023,,%,0.023%,numeric,PCT_SINGLE,concentration_pct,0.1,,%,0.1%,5,False,resolved,5
fungicides_20260331.pdf,3,4,grape,Grapes,False,False,Aureofungin 46.15% w/v SP,Downy mildew  Anthracnose,free_text,PROSE_NO_NUMBER,free_text,,,,-  -,unparseable,PCT_RANGE_BOTH,,,,,0.005%  0.05%,15,False,resolved,15
fungicides_20260331.pdf,3,15,grape,Grapes,False,False,Bupirimate 26.7% w/w EC,Powdery mildew,numeric,BARE_NUMBER,per_ha,750.0,,g,750,numeric,BARE_NUMBER,per_ha,3000.0,,ml,3000,15,False,resolved,15
fungicides_20260331.pdf,4,4,grape,Grapes,False,False,Captan 50% WP,Downey mildew,numeric,NUM_UNIT,per_ha,1250.0,,g,1250gm,numeric,NUM_UNIT,per_ha,2.5,,kg,2.5kg,,False,not_applicable,-
fungicides_20260331.pdf,4,7,tomato,Tomato,False,False,Captan 50% WP,Early blight,numeric,NUM_UNIT,per_ha,1250.0,,g,1250gm,numeric,NUM_UNIT,per_ha,2.5,,kg,2.5kg,,False,not_applicable,-
fungicides_20260331.pdf,4,8,tomato,Tomato,False,False,Captan 50% WP,Late blight,numeric,NUM_UNIT,per_ha,1250.0,,g,1250gm,numeric,NUM_UNIT,per_ha,2.5,,kg,2.5kg,,False,not_applicable,-
fungicides_20260331.pdf,4,12,grape,Grape,False,False,Captan 75% WP,Downy mildew,numeric,NUM_UNIT,per_ha,1250.0,,g,1250gm,numeric,NUM_UNIT,per_ha,1667.0,,g,1667gm,8,False,resolved,8
fungicides_20260331.pdf,4,13,tomato,"Cabbage/  Cauliflower,  Tomato,  Brinjal,  Chillies,  Beans,  Ornamental",True,False,Captan 75% WP,Damping off  (Nursery),numeric,PCT_SINGLE,concentration_pct,0.25,,%,0.25%,numeric,NUM_UNIT,per_ha,2500.0,,g,2500gm,,False,not_applicable,NA
fungicides_20260331.pdf,4,16,tomato,Tomato,False,False,Captan 75% WP,Early blight,numeric,NUM_UNIT,per_ha,1250.0,,g,1250gm,numeric,NUM_UNIT,per_ha,1667.0,,g,1667gm,6,False,resolved,6
fungicides_20260331.pdf,4,17,tomato,Tomato,False,False,Captan 75% WP,Late blight,numeric,NUM_UNIT,per_ha,1250.0,,g,1250gm,numeric,NUM_UNIT,per_ha,1667.0,,g,1667gm,6,False,resolved,6
fungicides_20260331.pdf,5,3,tomato,Tomato,False,False,Captan 75% WS,Damping off  (soil drench),numeric,PER_KG_SEED,per_kg_seed,15.0,25.0,g,15-25  Gm  per kg  seed,numeric,PER_KG_SEED,per_kg_seed,20.0,30.0,g,20-30gm  Per kg seed,,False,not_applicable,
fungicides_20260331.pdf,5,7,grape,Grape,False,False,Carbendazim 46.27% SC,Powdery mildew,numeric,PCT_WITH_EQUIV,concentration_pct,0.046,,%,0.046%  or 46 g /100  lit. water,numeric,PCT_WITH_EQUIV,concentration_pct,0.1,,%,0.1%or100  ml/100lit.Wat  er,30,False,resolved,30
fungicides_20260331.pdf,5,16,cotton,Cotton,False,False,Carbendazim 50%WP,Leafspot,numeric,BARE_NUMBER,per_ha,125.0,,g,125,numeric,BARE_NUMBER,per_ha,250.0,,g,250,,False,not_applicable,-
fungicides_20260331.pdf,6,7,grape,Grapes,False,False,Carbendazim 50%WP,Anthracnose,numeric,NUM_UNIT,per_ha,150.0,,g,150gm,numeric,NUM_UNIT,per_ha,300.0,,g,300gm,,False,not_applicable,-
fungicides_20260331.pdf,7,2,cotton,Cotton,False,False,Carboxin 75% WP,Angular Leaf spot,numeric,PER_KG_SEED,per_kg_seed,1.5,1.875,g,1.5 - 1.875  gm/ kg seed,numeric,PER_KG_SEED,per_kg_seed,2.0,2.5,g,2-2.5 gm/  kg seed,,True,not_applicable,Only one  time seed  treatment
fungicides_20260331.pdf,7,10,grape,Grapes,False,False,Chlorothalonil 75% WP,Anthracnose  and Downy  mildew,numeric,PCT_WITH_EQUIV,concentration_pct,0.15,,%,0.15%(150  gm/100  Ltr. water),numeric,PCT_WITH_EQUIV,concentration_pct,0.2,,%,0.2%(200gm/  100L water),60,False,resolved,60
fungicides_20260331.pdf,7,15,grape,Grape,False,False,Copper Oxychloride  50% WG,Downy mildew,numeric,PCT_WITH_EQUIV,concentration_pct,0.12,,%,0.12%or  120g/100Ltr.  water,numeric,PCT_WITH_EQUIV,concentration_pct,0.24,,%,0.24%or  240g/100Ltr.  water,30,False,resolved,30
fungicides_20260331.pdf,8,16,tomato,Tomato,False,False,Copper oxychloride 50% WP,Early blight,numeric,BARE_NUMBER,per_ha,1.25,,g,1.25,numeric,BARE_NUMBER,per_ha,2.5,,g,2.5,,False,not_applicable,-
fungicides_20260331.pdf,8,17,tomato,Tomato,False,False,Copper oxychloride 50% WP,Late blight,numeric,BARE_NUMBER,per_ha,1.25,,g,1.25,numeric,BARE_NUMBER,per_ha,2.5,,g,2.5,,False,not_applicable,-
fungicides_20260331.pdf,8,18,tomato,Tomato,False,False,Copper oxychloride 50% WP,Leaf spot,numeric,BARE_NUMBER,per_ha,1.25,,g,1.25,numeric,BARE_NUMBER,per_ha,2.5,,g,2.5,,False,not_applicable,-
fungicides_20260331.pdf,8,19,grape,Grapes,False,False,Copper oxychloride 50% WP,Downy mildew,numeric,BARE_NUMBER,per_ha,1.25,,g,1.25,numeric,BARE_NUMBER,per_ha,2.5,,g,2.5,,False,not_applicable,-
fungicides_20260331.pdf,8,25,grape,Grape,False,False,Copper Hydroxide 53.8% DF,Downy mildew,numeric,BARE_NUMBER,per_ha,525.0,,g,525,numeric,BARE_NUMBER,per_ha,1500.0,,g,1500,12,False,resolved,12
fungicides_20260331.pdf,9,1,grape,Grapes,False,False,Copper Hydroxide 61.41% WG,Downy  Mildew,numeric,BARE_NUMBER,per_ha,767.63,,g,767.63,numeric,BARE_NUMBER,per_ha,1250.0,,g,1250,3,False,resolved,3
fungicides_20260331.pdf,9,2,tomato,Tomato,False,False,Copper Hydroxide 61.41% WG,Late Blight  and Early  blight,numeric,BARE_NUMBER,per_ha,767.63,,g,767.63,numeric,BARE_NUMBER,per_ha,1250.0,,g,1250,3,False,resolved,3
fungicides_20260331.pdf,9,9,tomato,Tomato,False,False,Copper Sulphate 2.62% SC,Early blight and  Late blight,empty,NULL_MARKER,,,,,-,numeric,NUM_UNIT,per_ha,1.0,,l,1 litre,3,False,resolved,3 days
fungicides_20260331.pdf,9,12,grape,Grape,False,False,Copper Sulphate 2.62% SC,Downy mildew,empty,NULL_MARKER,,,,,-,numeric,NUM_UNIT,per_ha,1.0,,l,1 litre,3,False,resolved,3 days
fungicides_20260331.pdf,9,15,pomegranate,Pomegranate,False,False,Copper Sulphate Pentahydrate 6% SC,Bacterial blight,numeric,PER_LITRE,per_litre_water,0.15,,g,0.15 gm per  lit,numeric,PER_LITRE,per_litre_water,2.5,,ml,2.5 ml per lit of  water,33,False,resolved,33
fungicides_20260331.pdf,9,16,grape,Grape,False,False,Copper Sulphate Pentahydrate 6% SC,Downy mildew,numeric,PER_LITRE,per_litre_water,0.15,,g,0.15 gm per  lit,numeric,PER_LITRE,per_litre_water,2.5,,ml,2.5 ml per lit of  water,45,False,resolved,45
fungicides_20260331.pdf,10,1,grape,Grapes,False,False,Cyflufenamid 5% EW,Powdery mildew  (Uncinula  necator),numeric,BARE_NUMBER,per_ha,25.0,,g,25,numeric,BARE_NUMBER,per_ha,500.0,,ml,500,25,False,resolved,25
fungicides_20260331.pdf,10,4,grape,Grapes,False,False,Cymoxanil 50% WP,Downey mildew,numeric,PCT_SINGLE,concentration_pct,0.12,,%,0.12%,numeric,PCT_WITH_EQUIV,concentration_pct,0.24,,%,0.24%or  240gm/100 ltr.  water,15,False,resolved,15
fungicides_20260331.pdf,10,7,tomato,Tomato,False,False,Cyazofamid 34.5% SC,Late blight,numeric,NUM_UNIT,per_ha,80.0,,g,80g,numeric,NUM_UNIT,per_ha,200.0,,ml,200ml,5,False,resolved,3-5
fungicides_20260331.pdf,10,8,grape,Grapes,False,False,Cyazofamid 34.5% SC,Downy mildew,numeric,NUM_UNIT,per_ha,80.0,,g,80g,numeric,NUM_UNIT,per_ha,200.0,,ml,200ml,7,False,resolved,7
fungicides_20260331.pdf,11,1,onion,Onion,False,False,Difenoconazole 25% EC,Purple blotch,numeric,PCT_WITH_EQUIV,concentration_pct,0.025,,%,0.025%or  25 g/100 ltr.  water,numeric,PCT_WITH_EQUIV,concentration_pct,0.1,,%,0.1%or  100 ml/100  ltr..water.,20,False,resolved,20
fungicides_20260331.pdf,11,2,pomegranate,Pomegranate,False,False,Difenoconazole 25% EC,Fruit rot,numeric,PCT_WITH_EQUIV,concentration_pct,0.025,,%,0.025% or  25g/100ltr.  water,numeric,PCT_WITH_EQUIV,concentration_pct,0.1,,%,0.1%or  100 ml/100 ltr.  water.,7,False,resolved,7
fungicides_20260331.pdf,11,3,grape,Grape,False,False,Difenoconazole 25% EC,"Anthracnose,  Powdery mildew",numeric,PCT_WITH_EQUIV,concentration_pct,0.0075,,%,0.0075% or  7.5 g/l00ltr.  water,numeric,PCT_WITH_EQUIV,concentration_pct,0.03,,%,0.03% or  30ml/100 ltr. of  water,10,False,resolved,10
fungicides_20260331.pdf,11,6,grape,Grapes,False,False,Dimethomorph 50% WP,Downy mildew,numeric,NUM_UNIT,per_ha,500.0,,g,500gm,numeric,NUM_UNIT,per_ha,1000.0,,g,1000gm,25,False,resolved,25
fungicides_20260331.pdf,12,5,grape,Grape,False,False,Ethaboxam 40% SC,Downy mildew,numeric,BARE_RANGE,per_ha,200.0,225.0,g,200-225,numeric,RANGE_UNIT,per_ha,500.0,663.0,ml,500-663 ml,55,False,resolved,55
fungicides_20260331.pdf,12,15,soybean,Soybean,False,False,Fluxapyroxad 333 g/l FS,"Rhizoctonia root  rot,  Cotyledonary  spot",numeric,BARE_NUMBER,per_ha,0.33,,g,0.33,numeric,PER_KG_SEED,per_kg_seed,1.0,,ml,1.0 ml/kg seed,,True,not_applicable,N.A (Seed  Dresser)
fungicides_20260331.pdf,12,16,cotton,Cotton,False,False,Fluxapyroxad 333 g/l FS,Seedling Disease,numeric,BARE_NUMBER,per_ha,0.49,,g,0.49,numeric,PER_KG_SEED,per_kg_seed,1.5,,ml,1.5 ml/kg seed,,True,not_applicable,N.A (Seed  Dresser)
fungicides_20260331.pdf,12,18,grape,Grapes,False,False,PYRACLOSTROBIN AL 80% WP,Downey mildew,numeric,RANGE_UNIT,per_ha,1120.0,1600.0,g,1120-  1600gm,numeric,RANGE_UNIT,per_ha,1400.0,2000.0,g,1400- 2000  gm,30,False,resolved,30
fungicides_20260331.pdf,13,0,tomato,Tomato  seedlings,False,False,PYRACLOSTROBIN AL 80% WP,Damping-off,numeric,BARE_RANGE,per_ha,2.0,2.4,g,2.0-2.4,numeric,BARE_RANGE,per_ha,2.5,3.0,g,2.5-3.0,,False,not_applicable,-
fungicides_20260331.pdf,13,1,pomegranate,Pomegranate,False,False,PYRACLOSTROBIN AL 80% WP,Fruit rot,numeric,PER_LITRE,per_litre_water,3.2,,g,3.2 g/l,numeric,PER_LITRE,per_litre_water,4.0,,g,4 g/l,32,False,resolved,32
fungicides_20260331.pdf,13,9,grape,Grapes,False,False,Hexaconazole 2% SC,Powdery  mildew,numeric,RANGE_UNIT,per_ha,30.0,60.0,g,30-60gm,numeric,RANGE_UNIT,per_ha,1.5,3.0,l,1.5-3.0L,14,False,resolved,14
fungicides_20260331.pdf,13,15,soybean,Soybean,False,False,Hexaconazole 5% EC,Rust,numeric,PCT_WITH_EQUIV,concentration_pct,0.005,,%,0.005%  (5g/100  lit),numeric,PCT_WITH_EQUIV,concentration_pct,0.1,,%,0.1%or  (100ml/100 lit),30,False,resolved,30
fungicides_20260331.pdf,13,17,grape,Grapes,False,False,Hexaconazole 5% EC,Powdery mildew,numeric,RANGE_UNIT,per_ha,25.0,50.0,g,25-50gm,numeric,RANGE_UNIT,per_ha,500.0,1000.0,ml,500-1000ml,14,False,resolved,14
fungicides_20260331.pdf,14,1,grape,Grapes,False,False,Hexaconazole 5% SC,Powdery mildew,numeric,RANGE_UNIT,per_ha,25.0,50.0,g,25-50 gm,numeric,BARE_RANGE,per_ha,500.0,1000.0,ml,500-1000,14,False,resolved,14
fungicides_20260331.pdf,14,11,tomato,Tomato,False,False,Iprodione 50% WP,Early blight,numeric,NUM_UNIT,per_ha,0.75,,kg,0.75kg,numeric,NUM_UNIT,per_ha,1.5,,kg,1.5kg,15,False,resolved,15
fungicides_20260331.pdf,14,12,grape,Grapes,False,False,Iprodione 50% WP,Anthracnose,numeric,RANGE_UNIT,per_ha,0.5,1.0,kg,0.5-1.0 kg,numeric,RANGE_UNIT,per_ha,1.0,2.0,kg,1.0–2.0kg,20,False,resolved,20
fungicides_20260331.pdf,14,17,tomato,Tomato,False,False,Kasugamycin 3% SL,Early blight,unparseable,COLUMN_COLLAPSE,,,,,30-37.5    0.03-  0.0375%,numeric,RANGE_UNIT,per_ha,1000.0,1250.0,ml,1000-1250 ml,3,False,resolved,03
fungicides_20260331.pdf,15,8,tomato,Tomato,False,False,Kitazin 48% EC,Early blight,numeric,PCT_WITH_EQUIV,concentration_pct,0.1,,%,0.10%  or100  Gram in  100lit.  Of water,numeric,PCT_WITH_EQUIV,concentration_pct,0.2,,%,0.20%or  200mlin  200lt. of  water,5,False,resolved,5
fungicides_20260331.pdf,15,10,onion,Onion,False,False,Kitazin 48% EC,Purple blotch,numeric,PCT_WITH_EQUIV,concentration_pct,0.1,,%,0.10%  or100  Gram in  100lit.  Of water,numeric,PCT_WITH_EQUIV,concentration_pct,0.2,,%,0.20%or  200mlin  200lt. of  water,63,False,resolved,63
fungicides_20260331.pdf,15,11,pomegranate,Pomegranate,False,False,Kitazin 48% EC,Anthracnose,numeric,PCT_WITH_EQUIV,concentration_pct,0.1,,%,0.10%  or100  Gram in  100lit.  Of water,numeric,PCT_WITH_EQUIV,concentration_pct,0.2,,%,0.20%or  200mlin  200lt. of  water,10,False,resolved,10
fungicides_20260331.pdf,16,1,grape,Grape,False,False,Kitazin 48% EC,Anthracnose,numeric,PCT_WITH_EQUIV,concentration_pct,0.1,,%,0.10% or100  Gram  in  100lit.  of  water,numeric,PCT_WITH_EQUIV,concentration_pct,0.2,,%,0.20%or  200mlin  200lit.of  water,15,False,resolved,15
fungicides_20260331.pdf,16,4,grape,Grapes,False,False,Kresoxim-methyl 44.3% SC,"Powdery mildew,  Downey mildew",numeric,RANGE_UNIT,per_ha,300.0,350.0,g,300-350gm,numeric,RANGE_UNIT,per_ha,600.0,700.0,ml,600-700ml,7,False,resolved,7
fungicides_20260331.pdf,16,6,soybean,Soybean,False,False,Kresoxim-methyl 44.3% SC,Rust,numeric,BARE_NUMBER,per_ha,250.0,,g,250,numeric,BARE_NUMBER,per_ha,500.0,,ml,500,25,False,resolved,25
fungicides_20260331.pdf,16,8,cotton,Cotton,False,False,Kresoxim-methyl 44.3% SC,"Leaf spot, Grey  mildew",numeric,BARE_NUMBER,per_ha,250.0,,g,250,numeric,BARE_NUMBER,per_ha,500.0,,ml,500,26,False,resolved,26
fungicides_20260331.pdf,17,7,tomato,Tomato,False,False,Mancozeb 35% SC,Early blight&  Late blight,numeric,PCT_WITH_EQUIV,concentration_pct,0.175,,%,0.175%  or175  gm/100  Lt. water,numeric,PCT_WITH_EQUIV,concentration_pct,0.5,,%,0.5%or500  gm/100lt.  water,10,False,resolved,10
fungicides_20260331.pdf,17,10,tomato,Tomato,False,False,Mancozeb 75% WG,Early blight,numeric,NUM_UNIT,per_ha,750.0,,g,750gm,numeric,NUM_UNIT,per_ha,1000.0,,g,1000gm,6,False,resolved,5-6
fungicides_20260331.pdf,18,5,tomato,Tomato,False,False,Mancozeb 75% WP,"Late blight,  Buckeye rot,  Leafspot",numeric,RANGE_UNIT,per_ha,1.125,1.5,kg,1.125-1.5  kg,numeric,RANGE_UNIT,per_ha,1.5,2.0,kg,1.5-2kg,,False,not_applicable,-
fungicides_20260331.pdf,18,12,grape,Grapes,False,False,Mancozeb 75% WP,"Angular  leafspot, Downy  mildew,  Anthracnose",numeric,RANGE_UNIT,per_ha,1.125,1.5,kg,1.125-1.5kg,numeric,RANGE_UNIT,per_ha,1.5,2.0,kg,1.5-2kg,,False,not_applicable,-
fungicides_20260331.pdf,18,18,grape,Grapes,False,False,Mandipropamid 23.4% SC,Downy mildew,numeric,PER_LITRE,per_litre_water,0.2,,ml,0.2 ml/Ltr.,numeric,PER_LITRE,per_litre_water,0.8,,ml,0.8 ml/Ltr.,5,False,resolved,5
fungicides_20260331.pdf,19,1,tomato,Tomato,False,False,Mandipropamid 23.4% SC,Late blight,numeric,PCT_WITH_EQUIV,concentration_pct,0.02,,%,0.02% or  0.2 ml/Ltr.,numeric,PCT_WITH_EQUIV,concentration_pct,0.08,,%,0.08% or  0.8ml/Ltr.,5,False,resolved,5
fungicides_20260331.pdf,19,6,grape,Grapes,False,False,Meptyl Dinocap 35.7% EC,Powdery  mildew,numeric,BARE_RANGE,per_ha,108.0,120.0,g,108-120,numeric,BARE_RANGE,per_ha,308.6,342.8,ml,308.6-342.8,30,False,resolved,30
fungicides_20260331.pdf,19,13,tomato,Tomato,False,False,Metalaxyl-M 31.8% ES,Damping Off,numeric,BARE_NUMBER,per_ha,0.64,,g,0.64,empty,EMPTY,,,,,,,True,not_applicable,used as  seed  dresser
fungicides_20260331.pdf,20,6,tomato,Tomato,False,False,Metiram 70%WG,Alternaria blight,numeric,NUM_UNIT,per_ha,1750.0,,g,1750gm,numeric,NUM_UNIT,per_ha,2500.0,,g,2500gm,6,False,resolved,6
fungicides_20260331.pdf,20,9,grape,Grape,False,False,Metiram 70%WG,Downey mildew,numeric,NUM_UNIT,per_ha,1400.0,,g,1400 gm,numeric,NUM_UNIT,per_ha,2000.0,,g,2000 gm,7,False,resolved,07
fungicides_20260331.pdf,21,2,pomegranate,Pomegranate,False,False,Metiram 70%WG,Alternaria Fruit  Spot &  Anthracnose  disease,numeric,NUM_UNIT,per_ha,140.0,,g,140 g,numeric,NUM_UNIT,per_ha,200.0,,g,200 g,10,False,resolved,10
fungicides_20260331.pdf,21,4,cotton,Cotton,False,False,Metiram 70%WG,"Alternaria  leaf spot,  Grey  Mildew",numeric,BARE_RANGE,per_ha,875.0,1050.0,g,875-1050,numeric,BARE_RANGE,per_ha,1250.0,1500.0,g,1250-1500,27,False,resolved,27
fungicides_20260331.pdf,21,5,onion,Onion,False,False,Metiram 70%WG,Purple  Blotch and  Stemphyliu m,numeric,BARE_RANGE,per_ha,875.0,1050.0,g,875-1050,numeric,BARE_RANGE,per_ha,1250.0,1500.0,g,1250-1500,7,False,resolved,7
fungicides_20260331.pdf,21,6,soybean,Soybean,False,False,Metiram 70%WG,Myrotheciu m leaf spot,numeric,BARE_RANGE,per_ha,875.0,1050.0,g,875-1050,numeric,BARE_RANGE,per_ha,1250.0,1500.0,g,1250-1500,35,False,resolved,35
fungicides_20260331.pdf,21,8,pomegranate,Pomegranate,False,False,Metiram 70%WG,Alternaria Fruit Spot  & Anthracnose,numeric,PER_N_LITRE,per_litre_water,1.05,1.4,g,105-140/100 l of  water,numeric,PER_N_LITRE,per_litre_water,1.5,2.0,g,150-200/100 l of  water,10,False,resolved,10
fungicides_20260331.pdf,21,11,grape,Grape,False,False,Metrafenone 500 g/l SC,Powdery mildew,numeric,BARE_NUMBER,per_ha,125.0,,g,125,numeric,BARE_NUMBER,per_ha,250.0,,ml,250,22,False,resolved,22
fungicides_20260331.pdf,22,0,grape,Grape,False,False,Myclobutanil 10% WP,Powdery mildew,numeric,PCT_SINGLE,concentration_pct,0.004,,%,0.004%,numeric,PCT_SINGLE,concentration_pct,0.04,,%,0.04%,15,False,resolved,15
fungicides_20260331.pdf,22,4,grape,Grapes,False,False,Oxathiapiprolin 10.1% OD,Downey mildew,numeric,BARE_NUMBER,per_ha,40.0,,g,40,numeric,BARE_NUMBER,per_ha,400.0,,ml,400,5,False,resolved,5 days
fungicides_20260331.pdf,22,6,grape,Grapes,False,False,Penconazole 10% EC,Powdery mildew,numeric,PCT_WITH_EQUIV,concentration_pct,0.005,,%,0.005%  or5  gm/100  Ltr. water,numeric,PER_N_LITRE,per_litre_water,0.5,,ml,50ml/100Ltr.  water,30,False,resolved,30
fungicides_20260331.pdf,23,5,tomato,Tomato,False,False,Picarbutrazox 9.53% w/w SC,Early blight &  Late blight,numeric,BARE_RANGE,per_ha,100.0,125.0,g,100-125,numeric,BARE_RANGE,per_ha,1000.0,1250.0,ml,1000-1250,7,False,resolved,7
fungicides_20260331.pdf,23,6,grape,Grape,False,False,Picarbutrazox 9.53% w/w SC,Downy mildew,numeric,BARE_RANGE,per_ha,100.0,125.0,g,100-125,numeric,BARE_RANGE,per_ha,1000.0,1250.0,ml,1000-1250,60,False,resolved,60
fungicides_20260331.pdf,23,10,grape,Grape,False,False,Picoxystrobin 22.52% w/w SC,"Downey mildew,  Powdery mildew",numeric,BARE_NUMBER,per_ha,100.0,,g,100,numeric,BARE_NUMBER,per_ha,400.0,,ml,400,7,False,resolved,7
fungicides_20260331.pdf,23,11,soybean,Soybean,False,False,Picoxystrobin 22.52% w/w SC,Rust(Phakopsora  pachyrhizi) Leaf  spot  (Cercospora  kikuchii&  Alternaria  alternata),numeric,BARE_NUMBER,per_ha,100.0,,g,100,numeric,BARE_NUMBER,per_ha,400.0,,ml,400,25,False,resolved,25
fungicides_20260331.pdf,23,14,grape,Grape,False,False,Polyoxin D Zinc Salt 5% SC,Powdery  Mildew,numeric,NUM_UNIT,per_ha,30.0,,g,30 gm,numeric,NUM_UNIT,per_ha,600.0,,g,600 gm,0,False,resolved,0
fungicides_20260331.pdf,24,14,soybean,Soya bean,False,False,Propiconazole 25% EC,Rust(Phakopsora  pachyrhizi),numeric,NUM_UNIT,per_ha,125.0,,g,125gm,numeric,NUM_UNIT,per_ha,500.0,,g,500gm,26,False,resolved,26
fungicides_20260331.pdf,24,15,cotton,Cotton,False,False,Propiconazole 25% EC,Alternaria leaf  spot,numeric,NUM_UNIT,per_ha,125.0,,g,125gm,numeric,NUM_UNIT,per_ha,500.0,,g,500gm,23,False,resolved,23
fungicides_20260331.pdf,25,1,pomegranate,Pomegranate,False,False,Propineb 70%WP,Leaf and Fruit  spots,numeric,PCT_WITH_EQUIV,concentration_pct,0.21,,%,0.21%or  210  g/100Ltr.  water,numeric,PCT_WITH_EQUIV,concentration_pct,0.3,,%,0.30%or300  gram/100Ltr.  water,10,False,resolved,10
fungicides_20260331.pdf,25,4,tomato,Tomato,False,False,Propineb 70%WP,Buckeye rot,numeric,PCT_WITH_EQUIV,concentration_pct,0.21,,%,0.21%or  210  g/100Ltr.  water,numeric,PCT_WITH_EQUIV,concentration_pct,0.3,,%,0.30%or300  gram/100Ltr.  water,10,False,resolved,10
fungicides_20260331.pdf,25,5,grape,Grapes,False,False,Propineb 70%WP,Downy mildew,numeric,PCT_WITH_EQUIV,concentration_pct,0.21,,%,0.21%or  210  g/100Ltr.  water,numeric,PCT_WITH_EQUIV,concentration_pct,0.3,,%,0.30%or300  gram/100Ltr.  water,40,False,resolved,40
fungicides_20260331.pdf,26,1,cotton,Cotton,False,False,Propineb 70%WP,Alternaria leaf  spot,numeric,BARE_RANGE,per_ha,875.0,1050.0,g,875-1050,numeric,BARE_RANGE,per_ha,1250.0,1500.0,g,1250-1500,27,False,resolved,27
fungicides_20260331.pdf,26,3,tomato,Tomato,False,False,Pyraclostrobin 20% WG,Early blight,numeric,RANGE_UNIT,per_ha,75.0,100.0,g,75-100 gm,numeric,RANGE_UNIT,per_ha,375.0,500.0,g,375-500gm,3,False,resolved,3
fungicides_20260331.pdf,26,4,soybean,Soybean,False,False,Pyraclostrobin 20% WG,Frog eye leaf  spot  (Cercospora)&  Alternaria leaf  spot,numeric,BARE_RANGE,per_ha,75.0,100.0,g,75-100,numeric,BARE_RANGE,per_ha,375.0,500.0,g,375-500,26,False,resolved,26
fungicides_20260331.pdf,26,5,cotton,Cotton,False,False,Pyraclostrobin 20% WG,Alternaria Leaf  blight,numeric,BARE_NUMBER,per_ha,100.0,,g,100,numeric,BARE_NUMBER,per_ha,500.0,,g,500,14,False,resolved,14
fungicides_20260331.pdf,26,13,grape,Grapes,False,False,Pyriofenone 18.0% w/v SC,Powdery Mildew,numeric,BARE_NUMBER,per_ha,108.0,,g,108,numeric,BARE_NUMBER,per_ha,600.0,,ml,600,7,False,resolved,7
fungicides_20260331.pdf,28,1,tomato,Tomato,False,False,(Streptomycin Sulphate 90% + Tetracycline Hydrochloride 10%) SP,Bacterial  Leafspot,empty,NULL_MARKER,,,,,-,free_text,PROSE_METHOD,free_text,,,,"Spray  seedlings with  streptocycline4  0to100 ppm  solution  in  seed beds and  fields after the  appearance of  first true leaves  two sprays of  streptocycline,  one before  transplanting  and another  after  Are effective for  controlling  The disease.",,False,not_applicable,-
fungicides_20260331.pdf,31,1,cotton,Cotton,False,False,(Streptomycin Sulphate 9% + Tetracycline Hydrochloride 1%) SP,"Seedling blight,  angular leaf spot  or black arm  disease",empty,EMPTY,,,,,,empty,EMPTY,,,,,,,False,not_applicable,
fungicides_20260331.pdf,33,1,tomato,Tomato/Chilli es,True,False,(Streptomycin Sulphate 9% + Tetracycline Hydrochloride 1%) SP,Bacterial Leaf  spot,empty,NULL_MARKER,,,,,-,free_text,PROSE_METHOD,free_text,,,,"Spray  seedlings with  Streptocyclin  40- 100 ppm  solution  in  seed beds and  fields after the  appearance of  first true leaves  two sprays of  streptocycline,  one before  transplanting  and another  after effective  for controlling  The disease.",,False,not_applicable,-
fungicides_20260331.pdf,34,2,grape,Grape,False,False,Pyriofenone 18 % w/v SC,Powdery mildew,numeric,BARE_NUMBER,per_ha,108.0,,g,108,numeric,BARE_NUMBER,per_ha,600.0,,ml,600,5,False,resolved,5
fungicides_20260331.pdf,34,6,grape,Grapes,False,False,Sulphur40%SC,Powdery mildew,numeric,NUM_UNIT,per_ha,1.22,,kg,1.22  Kg,numeric,NUM_UNIT,per_ha,3.0,,kg,3.00 Kg,,False,not_applicable,-
fungicides_20260331.pdf,34,16,grape,Grapes,False,False,Sulphur  55.16% SC,Powdery mildew,numeric,PCT_WITH_EQUIV,concentration_pct,0.165,,%,0.165%or  165  g/10Ltr.  water,numeric,PCT_WITH_EQUIV,concentration_pct,0.3,,%,0.30%or300  ml/100Ltr.  water,10,False,resolved,10
fungicides_20260331.pdf,34,20,grape,Grapes,False,False,Sulphur 80% WP,Powdery mildew,numeric,RANGE_UNIT,per_ha,2.0,4.0,kg,2-4kg,numeric,RANGE_UNIT,per_ha,2.5,5.0,kg,2.5-5.0Kg,,False,not_applicable,-
fungicides_20260331.pdf,35,5,grape,Grapes,False,False,Sulphur 80%WG,Powdery mildew,numeric,RANGE_UNIT,per_ha,1.5,2.0,kg,1.50-2.00  kg,numeric,RANGE_UNIT,per_ha,1.875,2.5,kg,1.875-2.50  Kg,,False,not_applicable,-
fungicides_20260331.pdf,35,13,grape,Grape,False,False,Sulphur 85% DP,Powdery mildew,numeric,RANGE_UNIT,per_ha,12.75,17.0,kg,12.75-17kg,numeric,RANGE_UNIT,per_ha,15.0,20.0,kg,15-20kg,,False,not_applicable,-
fungicides_20260331.pdf,36,5,gram,Chickpea,False,False,Tebuconazole 5.4% w/w FS,"Root rot, Wilt",numeric,PER_N_KG_SEED,per_kg_seed,0.024,,g,0.24 g/10 Kg  of seed,numeric,PER_N_KG_SEED,per_kg_seed,0.4,,ml,4.0 ml/10 Kg of  seed,,True,not_applicable,Seed  dresser
fungicides_20260331.pdf,36,11,onion,Onion,False,False,Tebuconazole 25.9%EC,Purple blotch,numeric,BARE_RANGE,per_ha,0.1563,0.1875,g,0.1563-  0.1875,numeric,BARE_RANGE,per_ha,0.625,0.75,ml,0.625-0.750,21,False,resolved,21
fungicides_20260331.pdf,36,12,soybean,Soybean,False,False,Tebuconazole 25.9%EC,Anthracnose  (pod blight),numeric,BARE_NUMBER,per_ha,0.1563,,g,0.1563,numeric,BARE_NUMBER,per_ha,0.625,,ml,0.625,14,False,resolved,14
fungicides_20260331.pdf,37,1,onion,Onion,False,False,Tebuconazole 25% WG,Purple blotch,numeric,BARE_NUMBER,per_ha,0.1875,,g,0.1875,numeric,BARE_NUMBER,per_ha,0.1875,,g,0.1875,10,False,resolved,10
fungicides_20260331.pdf,37,6,grape,Grape,False,False,Tebuconazole 38.39% w/w SC,Powdery  mildew,numeric,BARE_RANGE,per_ha,215.0,236.5,g,215 to  236.5,numeric,BARE_RANGE,per_ha,500.0,550.0,ml,500-550,60,False,resolved,60
fungicides_20260331.pdf,37,7,onion,Onion,False,False,Tebuconazole 38.39% w/w SC,Purple blotch  and  Stemphylium  blight,numeric,BARE_RANGE,per_ha,189.2,215.0,g,189.2 to  215,numeric,BARE_RANGE,per_ha,440.0,500.0,ml,440-500,43,False,resolved,43
fungicides_20260331.pdf,37,11,soybean,Soybean,False,False,Tebuconazole 38.39% w/w SC,"Leaf spots  (Alternaria,  Cercospora &  Myrothecium)",numeric,BARE_RANGE,per_ha,215.0,258.0,g,215-258,numeric,BARE_RANGE,per_ha,500.0,600.0,ml,500-600,28,False,resolved,28
fungicides_20260331.pdf,38,1,tomato,Tomato,False,False,Tebuconazole 38.39% w/w SC,Early blight and  Anthracnose,numeric,BARE_NUMBER,per_ha,268.75,,g,268.75,numeric,BARE_NUMBER,per_ha,625.0,,ml,625,5,False,resolved,5
fungicides_20260331.pdf,38,2,pomegranate,Pomegranate,False,False,Tebuconazole 38.39% w/w SC,"Leaf & fruit spot,  Anthracnose",numeric,BARE_NUMBER,per_ha,182.0,,g,182,numeric,BARE_NUMBER,per_ha,425.0,,ml,425,59,False,resolved,59
fungicides_20260331.pdf,38,5,grape,Grape,False,False,Tetraconazole 3.8% w/w EW,powdery mildew,numeric,BARE_RANGE,per_ha,25.0,30.0,g,25-30,numeric,BARE_RANGE,per_ha,625.0,750.0,ml,625-750,30,False,resolved,30
fungicides_20260331.pdf,38,11,cotton,Cotton,False,False,Tetraconazole 11.6% w/w (12.5% w/v) SL,Root rot  (Rhizoctonia  solani),numeric,BARE_NUMBER,per_ha,15.0,,g,15,numeric,BARE_NUMBER,per_ha,120.0,,ml,120,,True,not_applicable,NA (Seed  dresser)
fungicides_20260331.pdf,38,14,tomato,Tomato,False,False,Thifluzamide24%SC,Early blight,numeric,BARE_NUMBER,per_ha,120.0,,g,120,numeric,BARE_NUMBER,per_ha,500.0,,ml,500,7,False,resolved,7
fungicides_20260331.pdf,38,19,tomato,Tomato,False,False,Thiophanate Methyl 70%WP,Ring rot,numeric,NUM_UNIT,per_ha,500.0,,g,500gm,numeric,NUM_UNIT,per_ha,715.0,,g,715gm,7,False,resolved,7
fungicides_20260331.pdf,39,0,grape,Grapes,False,False,Thiophanate Methyl 70%WP,"Powdery mildew,  Anthracnose,  Rust",unparseable,COLUMN_COLLAPSE,,,,,500  500  500,unparseable,COLUMN_COLLAPSE,,,,,715  715  715,7,False,resolved,7
fungicides_20260331.pdf,39,3,grape,Grapes,False,False,Thiophanate Methyl 70%WP,"Powdery  mildew,  Downy  mildew and  Anthracnose",numeric,BARE_NUMBER,per_ha,500.0,,g,500,numeric,BARE_NUMBER,per_ha,715.0,,g,715,7,False,resolved,7
fungicides_20260331.pdf,39,4,cotton,Cotton,False,False,Thiophanate Methyl 70%WP,Alternaria  Leaf spot  and Grey  Mildew,numeric,BARE_RANGE,per_ha,525.0,700.0,g,525-700,numeric,BARE_RANGE,per_ha,750.0,1000.0,g,750- 1000,47,False,resolved,47
fungicides_20260331.pdf,39,5,soybean,Soybean,False,False,Thiophanate Methyl 70%WP,Anthracnose (Pod  blight),numeric,PER_HA_EXPLICIT,per_ha,525.0,700.0,g,525-700 g/ha,numeric,PER_HA_EXPLICIT,per_ha,750.0,1000.0,g,750-1000 g/ha,23,False,resolved,23
fungicides_20260331.pdf,40,9,cotton,Rice (Paddy)  &cotton,True,False,Thiram75%WS,Seed born  disease,numeric,RANGE_UNIT,per_ha,18.8,22.5,g,18.8-22.5  gm,numeric,RANGE_UNIT,per_ha,25.0,30.0,g,25-30gm,10,False,resolved,7-10
fungicides_20260331.pdf,40,15,grape,Grapes,False,False,Triadimefon 25% WP,Powdery  mildew,numeric,PCT_SINGLE,concentration_pct,0.0025,,%,0.0025%,numeric,PCT_SINGLE,concentration_pct,0.01,,%,0.010%,25,False,resolved,25
fungicides_20260331.pdf,41,13,onion,Onion,False,False,Zineb 75%WP,Downy  mildew,numeric,RANGE_UNIT,per_ha,1.125,1.5,kg,1.125-  1.5KG,numeric,RANGE_UNIT,per_ha,1.5,2.0,kg,1.5-2KG,,False,not_applicable,
fungicides_20260331.pdf,41,14,onion,Onion,False,False,Zineb 75%WP,Blight,numeric,RANGE_UNIT,per_ha,1.125,1.5,kg,1.125-  1.5 KG,numeric,RANGE_UNIT,per_ha,1.5,2.0,kg,1.5-2KG,,False,not_applicable,
fungicides_20260331.pdf,41,17,tomato,Tomato,False,False,Zineb 75%WP,Early blight,numeric,RANGE_UNIT,per_ha,1.125,1.5,kg,1.125-  1.5KG,numeric,RANGE_UNIT,per_ha,1.5,2.0,kg,1.5-2KG,,False,not_applicable,
fungicides_20260331.pdf,41,18,tomato,Tomato,False,False,Zineb 75%WP,Late blight,numeric,RANGE_UNIT,per_ha,1.125,1.5,kg,1.125-  1.5KG,numeric,RANGE_UNIT,per_ha,1.5,2.0,kg,1.5-2KG,,False,not_applicable,
fungicides_20260331.pdf,41,19,tomato,Tomato,False,False,Zineb 75%WP,Grey leaf  mould,numeric,RANGE_UNIT,per_ha,1.125,1.5,kg,1.125-  1.5KG,numeric,RANGE_UNIT,per_ha,1.5,2.0,kg,1.5-2KG,,False,not_applicable,
fungicides_20260331.pdf,42,12,grape,Grapes,False,False,Zineb 75%WP,Downy mildew,numeric,RANGE_UNIT,per_ha,1.125,1.5,kg,1.125-  1.5KG,numeric,RANGE_UNIT,per_ha,1.5,2.0,kg,1.5-2KG,,False,not_applicable,
fungicides_20260331.pdf,42,15,grape,Grape,False,False,Ziram 80%WP,Downy mildew,numeric,RANGE_UNIT,per_ha,1.2,1.6,kg,1.2-  1.6 kg,numeric,RANGE_UNIT,per_ha,1.5,2.0,kg,1.5-2.0kg,,False,not_applicable,--
fungicides_20260331.pdf,42,16,grape,Grape,False,False,Ziram 80%WP,Anthracnose,numeric,RANGE_UNIT,per_ha,1.2,1.6,kg,1.2-  1.6  kg,numeric,RANGE_UNIT,per_ha,1.5,2.0,kg,1.5-2.0kg,,False,not_applicable,--
fungicides_20260331.pdf,42,19,tomato,Tomato,False,False,Ziram 80%WP,Early blight,numeric,RANGE_UNIT,per_ha,1.2,1.6,kg,1.2-  1.6 kg,numeric,RANGE_UNIT,per_ha,1.5,2.0,kg,1.5-2.0kg,3,False,resolved,3
fungicides_20260331.pdf,43,3,grape,Grapes,False,False,Azoxystrobin 25% + Boscalid 35% WG,Powdery  mildew and  Anthracnose,numeric,BARE_NUMBER,per_ha,300.0,,g,300,numeric,BARE_NUMBER,per_ha,500.0,,g,500,5,False,resolved,5
fungicides_20260331.pdf,43,4,tomato,Tomato,False,False,Azoxystrobin 25% + Boscalid 35% WG,Early blight  and Septoria  leaf spot,numeric,BARE_NUMBER,per_ha,300.0,,g,300,numeric,BARE_NUMBER,per_ha,500.0,,g,500,10,False,resolved,10
fungicides_20260331.pdf,43,7,soybean,Soybean,False,False,Azoxystrobin 1.5% + Carbendazim 8.0% + Thiamethoxam 30% FS w/w,"Fusarium root  rot,  Phytophthora root  rot,  Rhizoctonia  seedling  blight, Pythium  seedling blight,",free_text,COMPOUND,free_text,,,,1.5+8+30,numeric,BARE_NUMBER,per_ha,100.0,,ml,100,,False,not_applicable,-
fungicides_20260331.pdf,44,2,tomato,Tomato,False,False,Azoxystrobin 4.8% w/w + Chlorothalonil 40% w/w SC,"Early Blight, Late  Blight, Powdery  Mildew, Septoria Leaf  blight",free_text,COMPOUND,free_text,,,,1.344  (0.144 + 1.2)    g,numeric,NUM_UNIT,per_ha,3.0,,ml,3 ml,3,False,resolved,3
fungicides_20260331.pdf,44,8,cotton,Cotton,False,False,Azoxystrobin 18.2% w/w + Cyproconazole 7.3% w/w SC,"Leaf spots, Grey  Mildew",numeric,PCT_SINGLE,concentration_pct,0.28,,%,0.28 % w/w,numeric,PCT_SINGLE,concentration_pct,1.0,,%,1 %,68,False,resolved,68
fungicides_20260331.pdf,44,11,soybean,Soybean,False,False,Azoxystrobin 18.2% w/w + Cyproconazole 7.3% w/w SC,Leaf spot,numeric,PCT_SINGLE,concentration_pct,0.28,,%,0.28 % w/w,numeric,PCT_SINGLE,concentration_pct,1.0,,%,1 %,27,False,resolved,27
fungicides_20260331.pdf,44,13,grape,Grape,False,False,Ametoctradin 27%+ Dimethomorph 20.27% w/w SC,Downey mildew,numeric,BARE_RANGE,per_ha,420.0,525.0,g,420-525,numeric,RANGE_UNIT,per_ha,800.0,1000.0,ml,800-1000ml,34,False,resolved,34
fungicides_20260331.pdf,44,16,tomato,Tomato,False,False,Ametoctradin 27%+ Dimethomorph 20.27% w/w SC,Late Blight,numeric,BARE_RANGE,per_ha,420.0,525.0,g,420-525,numeric,RANGE_UNIT,per_ha,800.0,1000.0,ml,800-1000ml,3,False,resolved,03
fungicides_20260331.pdf,44,18,tomato,Tomato,False,False,Ametoctradin 25%(w/w) + Metalaxyl 20%(w/w) WDG,"""Damping off  (Pythium  aphanidermatum) Late  blight (Phytophthora  infestans)""",unparseable,DEFECT_AI_NAME,,,,,Ametoctradin  25% (w/w) +  Metalaxyl 20%  (w/w) WDG,numeric,BARE_NUMBER,per_ha,1000.0,,g,1000,,False,not_applicable,-
fungicides_20260331.pdf,44,20,grape,Grapes,False,False,Azoxystrobin 20% + Boscalid 25% SE,Downey Mildew & Powdery mildew,free_text,COMPOUND,free_text,,,,125 + 156.25,numeric,BARE_NUMBER,per_ha,625.0,,ml,625,19,False,resolved,19
fungicides_20260331.pdf,45,4,tomato,Tomato,False,False,Azoxystrobin 18.2% + Difenoconazole 11.4% w/w SC,Early blight &  Late blight,numeric,PCT_WITH_EQUIV,concentration_pct,0.03,,%,0.03% or 0.3 g/l,numeric,PCT_WITH_EQUIV,concentration_pct,0.1,,%,0.1% or 1 ml /  Litre water,5,False,resolved,5
fungicides_20260331.pdf,45,8,cotton,Cotton,False,False,Azoxystrobin 18.2% + Difenoconazole 11.4% w/w SC,Leaf spot and Grey  mildew,numeric,PCT_WITH_EQUIV,concentration_pct,0.03,,%,0.03% or 0.3 g/l,numeric,PCT_WITH_EQUIV,concentration_pct,0.1,,%,0.1% or 1 ml /  Litre water,12,False,resolved,12
fungicides_20260331.pdf,45,10,onion,Onion,False,False,Azoxystrobin 18.2% + Difenoconazole 11.4% w/w SC,"Purple blotch,  Stemphylium blight  and  Downy mildew",numeric,PCT_WITH_EQUIV,concentration_pct,0.03,,%,0.03% or 0.3 g/l,numeric,PCT_WITH_EQUIV,concentration_pct,0.1,,%,0.1% or 1 ml /  Litre water,7,False,resolved,7
fungicides_20260331.pdf,45,14,soybean,Soybean,False,False,Azoxystrobin 18.2% + Difenoconazole 11.4% w/w SC,Leaf spot & Rust,free_text,COMPOUND,free_text,,,,148 g/ha (91  +57),free_text,MULTI_BASIS,free_text,,,,500 ml/ha 1  ml/lit water,16,False,resolved,16
fungicides_20260331.pdf,46,9,grape,Grape,False,False,Azoxystrobin 8.3% + Mancozeb 66.7% WG,"Powdery mildew ,  Downy mildew,  Anthracnose",free_text,COMPOUND,free_text,,,,124.5+1000,numeric,BARE_NUMBER,per_ha,1500.0,,g,1500,21,False,resolved,21
fungicides_20260331.pdf,46,10,grape,Grape,False,False,Azoxystrobin 8.3% + Mancozeb 66.7% WG,"Powdery mildew ,  Downy mildew,  Anthracnose",numeric,PCT_SINGLE,concentration_pct,0.23,,%,0.23%,numeric,PCT_SINGLE,concentration_pct,0.3,,%,0.30%,21,False,resolved,21
fungicides_20260331.pdf,47,0,tomato,Tomato,False,False,Azoxystrobin 8.3% + Mancozeb 66.7% WG,Early and late  blight,free_text,COMPOUND,free_text,,,,124.5+1000,numeric,BARE_NUMBER,per_ha,1500.0,,g,1500,5,False,resolved,5
fungicides_20260331.pdf,47,1,onion,Onion,False,False,Azoxystrobin 8.3% + Mancozeb 66.7% WG,"Stemphylium blight,  Purple blotch and  Downy mildew",free_text,COMPOUND,free_text,,,,124.5+1000,numeric,BARE_NUMBER,per_ha,1500.0,,g,1500,42,False,resolved,42
fungicides_20260331.pdf,47,2,soybean,Soybean,False,False,Azoxystrobin 8.3% + Mancozeb 66.7% WG,"Cercospora leaf spot,  Myrothecium leaf  spot  and Alternaria  leaf spot",free_text,COMPOUND,free_text,,,,124.5+1000,numeric,BARE_NUMBER,per_ha,1500.0,,g,1500,30,False,resolved,30
fungicides_20260331.pdf,47,3,pomegranate,Pomegranate,False,False,Azoxystrobin 8.3% + Mancozeb 66.7% WG,"Cercospora leaf spot,  Alternaria leaf spot,  Anthracnose",free_text,COMPOUND,free_text,,,,124.5 + 1000,numeric,BARE_NUMBER,per_ha,1500.0,,g,1500,25,False,resolved,25
fungicides_20260331.pdf,47,5,tomato,Tomato,False,False,Azoxystrobin 11.5% + Mancozeb 30% WP,Early blight and  late blight,free_text,COMPOUND,free_text,,,,(86.5+225) to  (100.62+ 262.50),numeric,BARE_RANGE,per_ha,750.0,875.0,g,750-875,3,False,resolved,3
fungicides_20260331.pdf,47,6,grape,Grapes,False,False,Azoxystrobin 11.5% + Mancozeb 30% WP,Downy Mildew,free_text,COMPOUND,free_text,,,,86.25+225 g,numeric,NUM_UNIT,per_ha,750.0,,g,750 g,19,False,resolved,19
fungicides_20260331.pdf,48,9,onion,Onion,False,False,Azoxystrobin 11% + Tebuconazole 18.3% w/w SC,Purple blotch,free_text,COMPOUND,free_text,,,,82.5+137.25,numeric,BARE_NUMBER,per_ha,750.0,,ml,750,7,False,resolved,7
fungicides_20260331.pdf,48,12,tomato,Tomato,False,False,Azoxystrobin 11% + Tebuconazole 18.3% w/w SC,Early blight,free_text,COMPOUND,free_text,,,,82.5+137.25,numeric,BARE_NUMBER,per_ha,750.0,,ml,750,7,False,resolved,7
fungicides_20260331.pdf,48,14,grape,Grape,False,False,Azoxystrobin 11% + Tebuconazole 18.3% w/w SC,"Downy mildew,  Powdery mildew",free_text,COMPOUND,free_text,,,,82.5+137.25,numeric,BARE_NUMBER,per_ha,750.0,,ml,750,10,False,resolved,10
fungicides_20260331.pdf,50,4,tomato,Tomato,False,False,Azoxystrobin 13.04% + Thifluzamide 15.66% w/w SC,Early blight,free_text,COMPOUND,free_text,,,,75 + 90,numeric,BARE_NUMBER,per_ha,500.0,,ml,500,5,False,resolved,5
fungicides_20260331.pdf,50,13,soybean,Soybean,False,False,AZOXYSTROBIN 2.5% + THIOPHANATE METHYL 11.25% + THIAMETHOXAM 25% FS,"Fusarium root rot,  Phytophthora root rot,  Rhizoctonia seedling  blight, Pythium  seedling blight,",numeric,BARE_NUMBER,per_ha,38.75,,g,38.75,numeric,BARE_NUMBER,per_ha,100.0,,ml,100,,False,not_applicable,-
fungicides_20260331.pdf,51,1,soybean,Soybean,False,False,Propiconazole 13.9% w/w + Difenconazole 13.9 % w/w EC,"Fusarium root rot,  Phytophthora root  rot, Rhizoctonia  seedling blight,  Pythium seedling  blight",numeric,PER_N_KG_SEED,per_kg_seed,3.875,,g,38.75 g/10 kg  seeds,numeric,PER_N_KG_SEED,per_kg_seed,10.0,,ml,100 ml/10 kg  seeds,,False,not_applicable,-
fungicides_20260331.pdf,51,3,cotton,Cotton,False,False,Propiconazole 13.9% w/w + Difenconazole 13.9 % w/w EC,"Leaf spots, Grey  Mildew",numeric,BARE_NUMBER,per_ha,105.0,,g,105,numeric,BARE_NUMBER,per_ha,350.0,,ml,350,35,False,resolved,35
fungicides_20260331.pdf,51,9,grape,Grape,False,False,Benalaxyl-M  4% + Mancozeb 65% WP,Downey mildew,numeric,BARE_NUMBER,per_ha,1897.5,,g,1897.5,numeric,BARE_NUMBER,per_ha,2750.0,,g,2750,48,False,resolved,48
fungicides_20260331.pdf,51,13,grape,Grape,False,False,Boscalid 25.2%+Pyraclostrobin12.8%WG,Downey Mildew&  Powdery mildew,numeric,BARE_RANGE,per_ha,190.0,228.0,g,190-228,numeric,BARE_RANGE,per_ha,500.0,600.0,g,500-600,34,False,resolved,34
fungicides_20260331.pdf,51,16,onion,Onion,False,False,Boscalid 25.2%+Pyraclostrobin12.8%WG,"Purple blotch,",numeric,BARE_NUMBER,per_ha,190.0,,g,190,numeric,BARE_NUMBER,per_ha,500.0,,g,500,24,False,resolved,24
fungicides_20260331.pdf,51,17,tomato,Tomato,False,False,Boscalid 25.2%+Pyraclostrobin12.8%WG,Early blight,numeric,BARE_NUMBER,per_ha,190.0,,g,190,numeric,BARE_NUMBER,per_ha,500.0,,g,500,10,False,resolved,10
fungicides_20260331.pdf,52,3,tomato,Tomato,False,False,Captan 70%+ Hexaconazole 5%WP,"Early blight,  Powdery Mildew,  Leaf Spot and fruit  rot",numeric,BARE_NUMBER,per_ha,562.5,,g,562.5,numeric,BARE_NUMBER,per_ha,750.0,,g,750,7,False,resolved,7
fungicides_20260331.pdf,52,5,pomegranate,Pomegranate,False,False,Captan 70%+ Hexaconazole 5%WP,"Cercospora Leaf  spot ,Alternaria Leaf  spot and Anthracnose",numeric,PER_LITRE,per_litre_water,1.125,,g,1.125 g/l,numeric,PER_LITRE,per_litre_water,1.5,,g,1.5 g/l,7,False,resolved,07
fungicides_20260331.pdf,52,14,grape,Grape,False,False,Carbendazim 12%+ Mancozeb 63% WP,"Downey mildew,  powdery mildew,  anthracnose",numeric,PCT_SINGLE,concentration_pct,0.11,,%,0.11%,numeric,PCT_SINGLE,concentration_pct,0.15,,%,0.15%,7,False,resolved,7
fungicides_20260331.pdf,53,4,cotton,Cotton,False,False,Carbendazim 12%+ Mancozeb 63% WP,Alternaria leaf spot  & Grey mildew,free_text,COMPOUND,free_text,,,,180+945,numeric,BARE_NUMBER,per_ha,1500.0,,g,1500,71,False,resolved,71
fungicides_20260331.pdf,53,5,soybean,Soybean,False,False,Carbendazim 12%+ Mancozeb 63% WP,"Alternaria leaf  spot, Myrothecium  leaf spot, Pod &  stem blight &  Anthracnose",free_text,COMPOUND,free_text,,,,150 + 787.5,numeric,BARE_NUMBER,per_ha,1250.0,,g,1250,31,False,resolved,31
fungicides_20260331.pdf,53,8,soybean,Soybean  (Seed  Treatment),False,False,Carbendazim 12%+ Mancozeb 63% WP,"Collar rot, Charcoal  rot, Seedling  rot,",numeric,BARE_NUMBER,per_ha,2.25,,g,2.25,numeric,BARE_NUMBER,per_ha,3.0,,g,3.0,,True,not_applicable,Seed  treatment
fungicides_20260331.pdf,54,7,gram,Bengal  gram,False,False,Carbendazim 25%+ Mancozeb 50% WS,"Dry Root rot, Collar  rot",free_text,COMPOUND,free_text,,,,7.5+15,numeric,BARE_NUMBER,per_ha,30.0,,g,30,,False,not_applicable,-
fungicides_20260331.pdf,54,8,soybean,Soybean,False,False,Carbendazim 25%+ Mancozeb 50% WS,"Root rot, Collar rot",free_text,COMPOUND,free_text,,,,7.5+15,numeric,BARE_NUMBER,per_ha,30.0,,g,30,,False,not_applicable,-
fungicides_20260331.pdf,54,9,onion,Onion,False,False,Carbendazim 25%+ Mancozeb 50% WS,Damping-off,free_text,COMPOUND,free_text,,,,7.5+15,numeric,BARE_NUMBER,per_ha,30.0,,g,30,,False,not_applicable,-
fungicides_20260331.pdf,55,1,soybean,Soybean,False,False,Carboxin37.5%+ Thiram37.5%WS,"Collar rot,  Charcoal rot  and other  seedling",numeric,PER_KG_SEED,per_kg_seed,2.25,,g,2.25gm/Kg  seed,numeric,PER_KG_SEED,per_kg_seed,3.0,,g,3.0gm/Kg  seed,,True,not_applicable,Being  seed  treatment
fungicides_20260331.pdf,55,2,soybean,Soybean,False,False,Carboxin37.5%+ Thiram37.5%WS,diseases,empty,EMPTY,,,,,,empty,EMPTY,,,,,,,True,not_applicable,waiting  not  required
fungicides_20260331.pdf,55,3,cotton,Cotton,False,False,Carboxin37.5%+ Thiram37.5%WS,"Root rot,  Bacterial bight",numeric,PER_KG_SEED,per_kg_seed,2.5,,g,2.5gm/Kg  seed,numeric,PER_KG_SEED,per_kg_seed,3.5,,g,3.5gm/Kg  seed,,True,not_applicable,Being  seed  treatment  waiting  not  required
fungicides_20260331.pdf,55,5,tur,Pigeon pea,False,False,Carboxin37.5%+ Thiram37.5%WS,"Seed rot, Root rot,  Stem rot, Fusarium  wilt",numeric,PER_KG_SEED,per_kg_seed,3.0,,g,3gm/Kg  seed,numeric,PER_KG_SEED,per_kg_seed,4.0,,g,4.0gm/Kg  seed,,True,not_applicable,Being  seed  treatment  waiting  not  required
fungicides_20260331.pdf,56,0,tomato,Tomato,False,False,Chlorothalonil 40.0% w/w + Difenoconazole 4.0 w/w SC,"Early blight, Late  blight",free_text,COMPOUND,free_text,,,,440^ (400+40),numeric,BARE_NUMBER,per_ha,1000.0,,ml,1000,7,False,resolved,7
fungicides_20260331.pdf,56,7,grape,Grape,False,False,Chlorothalonil 12.5% + Mancozeb 62.5% WG,Downy mildew and  Anthracnose,free_text,COMPOUND,free_text,,,,218.75+1093.75,numeric,BARE_NUMBER,per_ha,1750.0,,g,1750,,False,not_applicable,
fungicides_20260331.pdf,56,12,tomato,Tomato,False,False,Chlorothalonil 35 % + Cymoxanil 15% + Metalaxyl 2 % SC,Early blight  (Alternaria solani);  Late blight  (Phytophthora  infestans),free_text,COMPOUND,free_text,,,,291.36 +124.88  +16.65,numeric,BARE_NUMBER,per_ha,832.5,,ml,832.50,15,False,resolved,15
fungicides_20260331.pdf,56,16,grape,Grape,False,False,Copper Sulphate 47.15% + Mancozeb 30% WDG,"Anthracnose,  Powdery Mildew  & Downy mildew",free_text,COMPOUND,free_text,,,,2357.5+1500,numeric,BARE_NUMBER,per_ha,5000.0,,g,5000,10,False,resolved,10
fungicides_20260331.pdf,57,0,pomegranate,Pomegranate,False,False,Copper Sulphate 47.15% + Mancozeb 30% WDG,Bacterial Blight  Alternaria and  Cercospora Leaf  Spot,free_text,COMPOUND,free_text,,,,1178.75 + 750.0,numeric,BARE_NUMBER,per_ha,2500.0,,g,2500,44,False,resolved,44
fungicides_20260331.pdf,57,3,grape,Grapes,False,False,Cymoxanil 8%+ Mancozeb 64% WP,Downy mildew,numeric,RANGE_UNIT,per_ha,1080.0,1440.0,g,1080-1440 gm,numeric,RANGE_UNIT,per_ha,1500.0,2000.0,g,1500–2000gm,10,False,resolved,10days
fungicides_20260331.pdf,57,5,tomato,Tomato,False,False,Cymoxanil 8%+ Mancozeb 64% WP,Late blight,numeric,NUM_UNIT,per_ha,1080.0,,g,1080gm,numeric,NUM_UNIT,per_ha,1500.0,,g,1500gm,10,False,resolved,10days
fungicides_20260331.pdf,57,11,tomato,Tomato,False,False,Cyazofamid 25% + Pyraclostrobin 18% w/v SC,Tomato Late Blight  (Phytophthora infestans) and  Early Blight (Alternaria  solani),free_text,COMPOUND,free_text,,,,75+54 - 87.5+63,numeric,BARE_RANGE,per_ha,300.0,350.0,ml,300-350,26,False,resolved,26
fungicides_20260331.pdf,57,19,grape,Grape,False,False,Difenoconazole 4.8% + Mancozeb 64% WP,"Anthracnose, Downey  Mildew and Powdery  Mildew",free_text,COMPOUND,free_text,,,,0.12+1.6- 0.14+1.9 g/l,numeric,PER_LITRE,per_litre_water,2.5,3.0,g,2.5-3.0 g/L,10,False,resolved,10
fungicides_20260331.pdf,57,20,onion,Onion,False,False,Difenoconazole 4.8% + Mancozeb 64% WP,Purple blotch and  Downey Mildew,free_text,COMPOUND,free_text,,,,84+1120- 96+1280,numeric,BARE_RANGE,per_ha,1750.0,2000.0,g,1750-2000,20,False,resolved,20
fungicides_20260331.pdf,58,6,grape,Grape,False,False,Dimethomorph 12% + Pyraclostrobin 6.7% WG,Downy mildew,numeric,BARE_NUMBER,per_ha,280.5,,g,280.5,numeric,BARE_NUMBER,per_ha,1500.0,,g,1500,34,False,resolved,34
fungicides_20260331.pdf,58,9,tomato,Tomato,False,False,Dimethomorph 12% + Pyraclostrobin 6.7% WG,Early Blight,numeric,NUM_UNIT,per_ha,183.75,,g,183.75 g,numeric,NUM_UNIT,per_ha,1250.0,,g,1250 g,10,False,resolved,10
fungicides_20260331.pdf,58,11,grape,Grapes,False,False,Famoxadone16.6%+ Cymoxanil22.1%SC,Downy mildew,numeric,BARE_NUMBER,per_ha,210.0,,g,210,numeric,BARE_NUMBER,per_ha,500.0,,ml,500,27,False,resolved,27
fungicides_20260331.pdf,58,13,tomato,Tomato,False,False,Famoxadone16.6%+ Cymoxanil22.1%SC,Early and Late blight,numeric,BARE_NUMBER,per_ha,210.0,,g,210,numeric,BARE_NUMBER,per_ha,500.0,,ml,500,3,False,resolved,3
fungicides_20260331.pdf,58,16,grape,Grape,False,False,Fenamidone 4.44%+ Fosetyl-AL 66.7%WDG,Downy mildew,free_text,COMPOUND,free_text,,,,88.8+ 1334 -  111.0+ 1667.5 gm,numeric,RANGE_UNIT,per_ha,2000.0,2500.0,g,2000-2500gm,90,False,resolved,90day  s
fungicides_20260331.pdf,58,19,grape,Grapes,False,False,Fenamidone10%+ Mancozeb50%WG,Downy mildew,free_text,COMPOUND,free_text,,,,150+750 gm,numeric,NUM_UNIT,per_ha,1500.0,,g,1500gm,85,False,resolved,85
fungicides_20260331.pdf,59,4,tomato,Tomato,False,False,Flubendiamide 7.5% + Kresoxim-Methyl 37.5% SC,Early and Late blight,free_text,COMPOUND,free_text,,,,50 + 250,numeric,BARE_NUMBER,per_ha,667.0,,ml,667,7,False,resolved,7
fungicides_20260331.pdf,59,6,grape,Grapes,False,False,CF-1020 (Fluopicolide 10% + Dimethomorph 20% SC,"Downy mildew  (Plasmopara viticola),  Anthracnose (Elsinoe  ampelina)",free_text,COMPOUND,free_text,,,,(99.9+200),numeric,BARE_NUMBER,per_ha,1000.0,,ml,1000,34,False,resolved,34
fungicides_20260331.pdf,59,8,grape,Grape,False,False,Fluopicolide 4.44% + Fosetylaluminium 66.67%WG,Downy mildew,free_text,COMPOUND,free_text,,,,(99.9 + 1500) to  (111+ 1667),numeric,BARE_RANGE,per_ha,2.25,2.5,g,2.25-2.5,32,False,resolved,32
fungicides_20260331.pdf,59,10,onion,Onion,False,False,F luopicolide 5.56% w/w + Propamocarb Hydrochloride 55.6% w/w SC,Downy mildew and  purple blotch,free_text,COMPOUND,free_text,,,,62.5 + 625 to 78.1 +  781.3 g,unparseable,COLUMN_COLLAPSE,,,,,1000 to 1250 ml 375 – 500 L,25,False,resolved,25
fungicides_20260331.pdf,59,13,tomato,Tomato,False,False,Fluopicolide 6.25% + Propamocarb hydrochloride 62.5% SC,Late Blight,free_text,COMPOUND,free_text,,,,93.8 + 937.5,numeric,NUM_UNIT,per_ha,1.5,,l,1.5 L,5,False,resolved,5
fungicides_20260331.pdf,60,0,grape,Grape,False,False,Fluopyram17.7% w/w+Tebuconazole 17.7%w/w SC,Powdery mildew  and Anthraconase,unparseable,DEFECT_AI_NAME,,,,,Fluopyram112.5  +Tebconazole112.5,numeric,BARE_NUMBER,per_ha,562.5,,ml,562.5,10,False,resolved,10
fungicides_20260331.pdf,60,4,onion,Onion,False,False,Fluopyram17.7% w/w+Tebuconazole 17.7%w/w SC,Post-harvest  Diseases  (Black mold and  neck rot),free_text,COMPOUND,free_text,,,,75+75,numeric,BARE_NUMBER,per_ha,375.0,,ml,375,30,False,resolved,30
fungicides_20260331.pdf,60,9,onion,Onion,False,False,Fluopyram 21.37% w/w + Trifloxystrobin 21.37% w/w SC,Purple blotch,free_text,COMPOUND,free_text,,,,125+125 - 150 + 150,numeric,BARE_RANGE,per_ha,500.0,600.0,ml,500-600,30,False,resolved,30
fungicides_20260331.pdf,61,1,grape,Grape,False,False,Fluopyram 21.37% w/w + Trifloxystrobin 21.37% w/w SC,Powdery mildew and  Anthracnose,free_text,COMPOUND,free_text,,,,125+125 - 150 + 150,numeric,BARE_RANGE,per_ha,500.0,600.0,ml,500-600,15,False,resolved,15
fungicides_20260331.pdf,61,3,grape,Grape,False,False,Fluxapyroxad  75 g/l  + Difenoconazole 50 g/l SC,Powdery mildew,numeric,BARE_NUMBER,per_ha,100.0,,g,100,numeric,BARE_NUMBER,per_ha,800.0,,ml,800,32,False,resolved,32
fungicides_20260331.pdf,61,5,pomegranate,Pomegranate  Alternaria fruit,False,True,Fluxapyroxad  75 g/l  + Difenoconazole 50 g/l SC,"spot,  Anthracnose",numeric,PER_N_LITRE,per_litre_water,0.125,,g,12.5 g/100 L of  water,numeric,PER_N_LITRE,per_litre_water,1.0,,ml,100 ml/100 L  of water,10,False,resolved,10
fungicides_20260331.pdf,61,6,tomato,Tomato,False,False,Fluxapyroxad  75 g/l  + Difenoconazole 50 g/l SC,"Early blight,  Septoria Leaf spot",numeric,BARE_RANGE,per_ha,100.0,125.0,g,100-125,numeric,BARE_RANGE,per_ha,800.0,1000.0,ml,800-1000,10,False,resolved,10
fungicides_20260331.pdf,61,12,grape,Grape,False,False,Fluxapyroxad 250g/l + Pyraclostrobin 250g/l SC,Powdery Mildew,numeric,BARE_NUMBER,per_ha,100.0,,g,100,numeric,BARE_NUMBER,per_ha,200.0,,ml,200,10,False,resolved,10
fungicides_20260331.pdf,61,17,tomato,Tomato,False,False,Fluxapyroxad 250g/l + Pyraclostrobin 250g/l SC,"Early blight,  Septoria leaf spot",numeric,BARE_RANGE,per_ha,100.0,125.0,g,100-125,numeric,BARE_RANGE,per_ha,200.0,250.0,ml,200-250,10,False,resolved,10
fungicides_20260331.pdf,62,0,onion,Onion,False,False,Fluxapyroxad 250g/l + Pyraclostrobin 250g/l SC,Purple blotch,numeric,BARE_NUMBER,per_ha,125.0,,g,125,numeric,BARE_NUMBER,per_ha,250.0,,ml,250,10,False,resolved,10
fungicides_20260331.pdf,62,3,cotton,Cotton,False,False,Fluxapyroxad 167 g/l + Pyraclostrobin 333 g/l SC,Alternaria leaf,numeric,BARE_NUMBER,per_ha,150.0,,g,150,numeric,BARE_NUMBER,per_ha,300.0,,ml,300,27,False,resolved,27
fungicides_20260331.pdf,62,5,soybean,Soybean,False,False,Fluxapyroxad 167 g/l + Pyraclostrobin 333 g/l SC,Frog eye leaf spot,numeric,BARE_NUMBER,per_ha,150.0,,g,150,numeric,BARE_NUMBER,per_ha,300.0,,ml,300,45,False,resolved,45
fungicides_20260331.pdf,62,13,grape,Grapes,False,False,Hexaconazole 4% + Carbendazim 16% SC,"Powdery mildew,  Anthracnose",free_text,COMPOUND,free_text,,,,50+200 g,numeric,NUM_UNIT,per_ha,1250.0,,ml,1250 ml,30,False,resolved,30
fungicides_20260331.pdf,63,14,grape,Grapes,False,False,Iprovalicarb 5.5% + Propineb 61.25% WP,Downy Mildew,free_text,COMPOUND,free_text,,,,123.75 g +  1378.13 g,numeric,PCT_EQUIV_FIRST,concentration_pct,0.3,,%,2.25 kg  (0.3%),55,False,resolved,55
fungicides_20260331.pdf,64,0,tomato,Tomato,False,False,Iprovalicarb 5.5% + Propineb 61.25% WP,Early and late  blight,free_text,COMPOUND,free_text,,,,123.75 g  +1378.13 g To  137.5 g +1531.25  g,numeric,RANGE_UNIT,per_ha,2.25,2.5,kg,2.25 to 2.5  Kg,5,False,resolved,5
fungicides_20260331.pdf,64,1,pomegranate,Pomegranate,False,False,Iprovalicarb 5.5% + Propineb 61.25% WP,Phytophthora  fruit rot,free_text,COMPOUND,free_text,,,,2.2+24.5,numeric,BARE_NUMBER,per_ha,40.0,,g,40,45,False,resolved,45
fungicides_20260331.pdf,64,9,grape,Grapes,False,False,Kasugamycin 5% + copper oxychloride 45% WP,"Anthracnose,  Bacterial leaf spot",numeric,BARE_NUMBER,per_ha,375.0,,g,375,numeric,BARE_NUMBER,per_ha,750.0,,g,750,37,False,resolved,37  days
fungicides_20260331.pdf,64,11,pomegranate,Pomegranate,False,False,Kasugamycin 5% + copper oxychloride 45% WP,"Bacterial blight,  leaf spot, Fruit rot  and Anthracnose",numeric,PCT_SINGLE,concentration_pct,0.05,,%,0.05%,numeric,PCT_SINGLE,concentration_pct,0.1,,%,0.1%,10,False,resolved,10  days
fungicides_20260331.pdf,65,8,grape,Grapes,False,False,Kresoxim-methyl 18% + Mancozeb 54% WP,"Powdery mildew,  Downy mildew,  Anthracnose",free_text,COMPOUND,free_text,,,,270+810,numeric,BARE_NUMBER,per_ha,1500.0,,g,1500,5,False,resolved,5
fungicides_20260331.pdf,65,9,tomato,Tomato,False,False,Kresoxim-methyl 18% + Mancozeb 54% WP,"Early blight, Late  blight, Fruit rot",free_text,COMPOUND,free_text,,,,250+750,numeric,BARE_NUMBER,per_ha,1388.0,,g,1388,7,False,resolved,7
fungicides_20260331.pdf,65,15,grape,Grape,False,False,Mancozeb 62.5% + Chlorothalonil 12.5% WG,Downy mildew  and Anthracnose,free_text,COMPOUND,free_text,,,,218.75+1093.75,numeric,BARE_NUMBER,per_ha,1750.0,,g,1750,7,False,resolved,07
fungicides_20260331.pdf,66,2,tomato,Tomato,False,False,Mancozeb 40% +  Azoxystrobin 7% OS,Early Blight &  light blight,free_text,COMPOUND,free_text,,,,600g+105g,numeric,NUM_UNIT,per_ha,1500.0,,g,1500 g,5,False,resolved,5
fungicides_20260331.pdf,66,4,grape,Grape,False,False,Mancozeb 69.7% + Cyazofamid 5.3 % WG,Downy mildew  and Anthracnose,free_text,COMPOUND,free_text,,,,1045.50+79.50,numeric,BARE_NUMBER,per_ha,1500.0,,g,1500,21,False,resolved,21
fungicides_20260331.pdf,66,6,tomato,Tomato,False,False,Mancozeb 69.7% + Cyazofamid 5.3 % WG,Late Blight and  Alternaria leaf  spot,free_text,COMPOUND,free_text,,,,1045.50+79.50,numeric,BARE_NUMBER,per_ha,1500.0,,g,1500,7,False,resolved,7
fungicides_20260331.pdf,67,0,tomato,Tomato,False,False,Mancozeb 64% + Thiophanate Methyl 12% WP,"Late blight,  Leaf Spot,  Buck eye rot  and Ring Rot",unparseable,COLUMN_COLLAPSE,,,,,1500   1140,unparseable,COLUMN_COLLAPSE,,,,,1500  750,7,False,resolved,07
fungicides_20260331.pdf,67,4,soybean,Soybean,False,False,Mefentrifluconazole 133 g/l + Fluxapyroxad 89 g/l + Pyraclostrobin 178 g/l SC,Myrothecium Leaf  Spot & Target Leaf  Spot,numeric,BARE_NUMBER,per_ha,250.0,,g,250,numeric,BARE_NUMBER,per_ha,625.0,,ml,625,32,False,resolved,32
fungicides_20260331.pdf,67,6,cotton,Cotton,False,False,Mefentrifluconazole 200g/l + Pyraclostrobin 200g/l SC,Grey Mildew,numeric,BARE_RANGE,per_ha,160.0,200.0,g,160-200,numeric,RANGE_UNIT,per_ha,400.0,500.0,ml,400-500 ml,38,False,resolved,38
fungicides_20260331.pdf,67,7,tomato,Tomato,False,False,Mefentrifluconazole 200g/l + Pyraclostrobin 200g/l SC,"Early blight, and  Septoria leaf spot",numeric,BARE_RANGE,per_ha,160.0,200.0,g,160-200,numeric,RANGE_UNIT,per_ha,400.0,500.0,ml,400-500 ml,7,False,resolved,07
fungicides_20260331.pdf,67,11,soybean,Soybean,False,False,Mefentrifluconazole 200g/l + Pyraclostrobin 200g/l SC,Frog eye leaf spot and  Target leaf spot,numeric,BARE_RANGE,per_ha,160.0,200.0,g,160-200,numeric,RANGE_UNIT,per_ha,400.0,500.0,ml,400-500 ml,24,False,resolved,24
fungicides_20260331.pdf,67,15,grape,Grapes,False,False,MetalaxylM 4%+ Mancozeb 64%WP,Downy mildew,numeric,PCT_WITH_EQUIV,concentration_pct,0.17,,%,0.17% or 1700  gm,numeric,PCT_WITH_EQUIV,concentration_pct,0.25,,%,0.25% or  2500 gm,8,False,resolved,8
fungicides_20260331.pdf,68,0,pomegranate,Pomegranate,False,False,MetalaxylM 4%+ Mancozeb 64%WP,Leaf spot & Fruit  spot,numeric,PCT_WITH_EQUIV,concentration_pct,0.17,,%,0.17% or 1.7 g  a.i./L water,numeric,PCT_WITH_EQUIV,concentration_pct,0.25,,%,0.25% or  2.5 g /L  water,5,False,resolved,5
fungicides_20260331.pdf,68,3,tomato,Tomato,False,False,Metalaxyl M 3.3%+ Chlorothalonil 33.1% SC,"Early blight, Late  blight",numeric,PCT_WITH_EQUIV,concentration_pct,0.073,,%,0.073% or 364 g,numeric,PCT_WITH_EQUIV,concentration_pct,0.2,,%,0.2% or 1000  ml,5,False,resolved,5
fungicides_20260331.pdf,68,6,onion,Onion,False,False,Metalaxyl M 3.3%+ Chlorothalonil 33.1% SC,Downy Mildew and  Purple blotch and  Stemphylium Leaf  Blight,numeric,PER_LITRE,per_litre_water,0.73,,g,0.73 g/l of water,numeric,PER_LITRE,per_litre_water,2.0,,ml,2 ml/l of water,10,False,resolved,10
fungicides_20260331.pdf,68,8,grape,Grapes,False,False,Metalaxyl M 3.9% + Mancozeb 64% WG,Downy Mildew,numeric,BARE_NUMBER,per_ha,1697.5,,g,1697.5,numeric,BARE_NUMBER,per_ha,2500.0,,g,2500,60,False,resolved,60
fungicides_20260331.pdf,68,11,grape,Grapes,False,False,Metalaxy l8%+ Mancozeb 64%WP,Downy mildew,numeric,PCT_EQUIV_FIRST,concentration_pct,0.4,,%,2000gor  0.4%,numeric,PCT_EQUIV_FIRST,concentration_pct,0.5,,%,2500gor  0.5%,49,False,resolved,Not less  than7  weeks
fungicides_20260331.pdf,69,6,grape,Grapes,False,False,Metiram 44% + Dimethomorph 9% WG,Downy mildew,numeric,BARE_NUMBER,per_ha,1325.0,,g,1325,numeric,BARE_NUMBER,per_ha,2500.0,,g,2500,10,False,resolved,10
fungicides_20260331.pdf,69,9,tomato,Tomato,False,False,Metiram 44% + Dimethomorph 9% WG,Late blight,numeric,BARE_NUMBER,per_ha,1325.0,,g,1325,numeric,BARE_NUMBER,per_ha,2500.0,,g,2500,10,False,resolved,10
fungicides_20260331.pdf,69,11,tomato,Tomato,False,False,Metiram 55% + Pyraclostrobin 5% WG,Early blight,numeric,BARE_RANGE,per_ha,900.0,1050.0,g,900-1050,numeric,BARE_RANGE,per_ha,1500.0,1750.0,g,1500-1750,5,False,resolved,5
fungicides_20260331.pdf,69,13,grape,Grape,False,False,Metiram 55% + Pyraclostrobin 5% WG,Downy mildew,numeric,BARE_RANGE,per_ha,900.0,1050.0,g,900-1050,numeric,BARE_RANGE,per_ha,1500.0,1750.0,g,1500-1750,34,False,resolved,34
fungicides_20260331.pdf,69,15,onion,Onion,False,False,Metiram 55% + Pyraclostrobin 5% WG,Purple blotch,numeric,BARE_RANGE,per_ha,900.0,1050.0,g,900-1050,numeric,BARE_RANGE,per_ha,1500.0,1750.0,g,1500-1750,16,False,resolved,16
fungicides_20260331.pdf,69,16,cotton,Cotton,False,False,Metiram 55% + Pyraclostrobin 5% WG,Alternaria leaf spot,numeric,BARE_RANGE,per_ha,900.0,1050.0,g,900-1050,numeric,BARE_RANGE,per_ha,1500.0,1750.0,g,1500-1750,45,False,resolved,45
fungicides_20260331.pdf,69,18,pomegranate,Pomegranate,False,False,Metiram 55% + Pyraclostrobin 5% WG,Fruit spot,numeric,BARE_RANGE,per_ha,900.0,1050.0,g,900-1050,numeric,BARE_RANGE,per_ha,1500.0,1750.0,g,1500-1750,67,False,resolved,67
fungicides_20260331.pdf,70,7,grape,Grape,False,False,Oxathiapiprolin 4.61% w/w + Amisulbrom 23.08% w/w SE,Downy mildew,free_text,COMPOUND,free_text,,,,90 (15+75),numeric,BARE_NUMBER,per_ha,312.5,,ml,312.5,60,False,resolved,60
fungicides_20260331.pdf,70,9,tomato,Tomato,False,False,Oxathiapiprolin 1.4% w/w + Azoxystrobin 14.46% w/w SC,"Late Blight, Early  Blight,  Powdery  Mildew",free_text,COMPOUND,free_text,,,,136 (12 + 124) –  153 (13.5 + 139.5),numeric,BARE_RANGE,per_ha,800.0,900.0,ml,800-900,5,False,resolved,05
fungicides_20260331.pdf,70,12,grape,Grape,False,False,Oxathiapiprolin 0.6% + Mancozeb 60% w/w WG,Downy mildew  (Plasmoparavitic ola),numeric,BARE_NUMBER,per_ha,1515.0,,g,1515,numeric,BARE_NUMBER,per_ha,2500.0,,g,2500,90,False,resolved,90
fungicides_20260331.pdf,70,14,tomato,Tomato,False,False,Oxathiapiprolin 0.6% + Mancozeb 60% w/w WG,Late Blight  (Phytophthora  infestans),numeric,BARE_NUMBER,per_ha,1515.0,,g,1515,numeric,BARE_NUMBER,per_ha,2500.0,,g,2500,5,False,resolved,5
fungicides_20260331.pdf,71,0,grape,Grapes,False,False,Oxathiapiprolin 2.77% w/w + Mandipropamid 23.08% w/w SC,Downy  mildew(Plasmopara  viticola),free_text,COMPOUND,free_text,,,,196  (Oxathiapiprolin  21 +  Mandipropamid  175),numeric,NUM_UNIT,per_ha,700.0,,ml,700 ml,43,False,resolved,43
fungicides_20260331.pdf,71,5,soybean,Soybean,False,False,Penflufen 13.28% w/w + Trifloxystrobin 13.28% w/w FS,Seed  and  Seedling  rot  disease,free_text,COMPOUND,free_text,,,,12.32+12.32-  15.4+15.4,numeric,BARE_RANGE,per_ha,80.0,100.0,ml,80 – 100,,False,not_applicable,
fungicides_20260331.pdf,71,6,gram,Bengal gram,False,False,Penflufen 13.28% w/w + Trifloxystrobin 13.28% w/w FS,Seed  and  Seedling  rot  disease,free_text,COMPOUND,free_text,,,,12.32+12.32-  15.4+15.4,numeric,BARE_RANGE,per_ha,80.0,100.0,ml,80 – 100,,False,not_applicable,
fungicides_20260331.pdf,72,4,soybean,Soybean,False,False,Picoxystrobin 7.05% + Propiconazole 11.7% SC,"Alternaria leaf  spot (Alternaria  spp.) &   Frog eye leaf spot  (Cercospora  sojina),",numeric,BARE_NUMBER,per_ha,200.0,,g,200,numeric,BARE_NUMBER,per_ha,1000.0,,ml,1000,32,False,resolved,32
fungicides_20260331.pdf,72,5,onion,Onion,False,False,Picoxystrobin 7.05% + Propiconazole 11.7% SC,Purple Blotch  (Alternaria porii),numeric,BARE_NUMBER,per_ha,200.0,,g,200,numeric,BARE_NUMBER,per_ha,1000.0,,ml,1000,30,False,resolved,30
fungicides_20260331.pdf,74,0,gram,Chickpea,False,False,Prochloraz 5.7% + Tebuconazole 1.4% w/w ES,"Root rot  (Rhizoctonia  solani), Wilt  (Fusarium spp.)",free_text,COMPOUND,free_text,,,,0.18+ 0.045,numeric,PER_N_KG_SEED,per_kg_seed,0.3,,ml,3.0 ml/10 kg  seeds,,True,not_applicable,Seed  dresser
fungicides_20260331.pdf,74,3,grape,Grape,False,False,Propineb 70.0% + Cymoxanil 6.0% WP,Downey Mildew  and Anthracnose,free_text,COMPOUND,free_text,,,,1400+120 to  1575+135,numeric,BARE_RANGE,per_ha,2000.0,2250.0,g,2000-2250,10,False,resolved,10
fungicides_20260331.pdf,74,8,soybean,Soybean,False,False,Propiconazole 13.9% + Difenoconazole 13.9% EC,,free_text,PROSE_METHOD,free_text,,,,Leaf spot and Rust                  150,numeric,BARE_NUMBER,per_ha,500.0,,ml,500,30,False,resolved,30
fungicides_20260331.pdf,75,2,cotton,Cotton,False,False,Pydiflumetofen 13.6%w/w + Propiconazole 11.4% w/w SE,"Leaf  spot,  Boll  Rot  complex,  Grey  mildew",free_text,COMPOUND,free_text,,,,165 (90+75),numeric,BARE_NUMBER,per_ha,600.0,,ml,600,30,False,resolved,30
fungicides_20260331.pdf,75,3,soybean,Soybean,False,False,Pydiflumetofen 13.6%w/w + Propiconazole 11.4% w/w SE,"Leaf spot,  Pod  Blight/ Anthracnose",free_text,COMPOUND,free_text,,,,165 (90+75),numeric,BARE_NUMBER,per_ha,600.0,,ml,600,27,False,resolved,27
fungicides_20260331.pdf,75,6,grape,Grape,False,False,Pydiflumetofen 6.89% + Difenoconazole 11.49% w/w SC,"Powdery  mildew,  Anthracnose",free_text,COMPOUND,free_text,,,,100 (37.50+62.50),numeric,BARE_NUMBER,per_ha,500.0,,ml,500,10,False,resolved,10
fungicides_20260331.pdf,75,8,tomato,Tomato,False,False,Pydiflumetofen 6.89% + Difenoconazole 11.49% w/w SC,"Early blight,  Powdery  mildew",free_text,COMPOUND,free_text,,,,100 (37.50+62.50),numeric,BARE_NUMBER,per_ha,500.0,,ml,500,5,False,resolved,5
fungicides_20260331.pdf,76,3,soybean,Soybean,False,False,Pyraclostrobin 133 g/l + Epoxiconazole 50g/l  SE,Cercospora  leaf  spot,numeric,BARE_NUMBER,per_ha,137.25,,g,137.25,numeric,BARE_NUMBER,per_ha,750.0,,ml,750,27,False,resolved,27
fungicides_20260331.pdf,76,19,tomato,Tomato,False,False,Pyraclostrobin 10% + Metiram 30% + Difenoconazole 10% WG,Early Blight &  Late blight,free_text,COMPOUND,free_text,,,,56.25+168.75+56.2 5,numeric,BARE_NUMBER,per_ha,562.5,,g,562.5,10,False,resolved,10
fungicides_20260331.pdf,77,5,cotton,Cotton,False,False,Sedaxane 2.5% w/v + Fludioxonil 2.5% w/v + Thiamethoxam 26.25% w/v FS,"Fungal wilt,  Root rot",free_text,COMPOUND,free_text,,,,1.25 (0.1 + 0.1 +  1.05),numeric,BARE_NUMBER,per_ha,4.0,,ml,4.0,,False,not_applicable,-
fungicides_20260331.pdf,77,9,cotton,Cotton,False,False,Sedaxane 2.2% w/w + Fludioxonil 2.2% w/w + Thiamethoxam 22.8%w/w FS,"Aphid, Jassids,  Whitefly,  Fungal wilt  and Root rot",free_text,COMPOUND,free_text,,,,1.25 (Sedaxane- 0.1+ Fludioxonil- 0.1+  Thiamethoxam- 1.05),numeric,BARE_NUMBER,per_ha,4.0,,ml,4.0,,False,not_applicable,
fungicides_20260331.pdf,78,8,grape,Grape,False,False,Sulphur 58.5% w/w (84% w/v) + Azoxystrobin 4.2% w/w (6% w/v) SC,"Powdery  mildew,  Anthracnose",free_text,COMPOUND,free_text,,,,1680+120,numeric,BARE_NUMBER,per_ha,2000.0,,ml,2000,5,False,resolved,5
fungicides_20260331.pdf,78,11,grape,Grape,False,False,Sulphur 50% + Propineb 25% DF,"Powdery  mildew,  Anthracnose  Disease",free_text,COMPOUND,free_text,,,,2000 + 1000,numeric,BARE_NUMBER,per_ha,4000.0,,g,4000,,False,not_applicable,-
fungicides_20260331.pdf,79,3,soybean,Soybean,False,False,Tebuconazole10%+Sulphur65%WG,Leaf spot & Pod  blight,free_text,COMPOUND,free_text,,,,937.50(125+812.5),numeric,BARE_NUMBER,per_ha,1250.0,,g,1250,26,False,resolved,26
fungicides_20260331.pdf,79,7,tomato,Tomato,False,False,Tebuconazole 50% + Trifloxystrobin 25% WG,Early blight,free_text,COMPOUND,free_text,,,,175+87.5,numeric,BARE_NUMBER,per_ha,350.0,,g,350,5,False,resolved,5
fungicides_20260331.pdf,79,8,grape,Grapes,False,False,Tebuconazole 50% + Trifloxystrobin 25% WG,Powdery mildew,free_text,COMPOUND,free_text,,,,87.5+43.75,numeric,BARE_NUMBER,per_ha,175.0,,g,175,34,False,resolved,34
fungicides_20260331.pdf,79,15,onion,Onion,False,False,Tebuconazole 50% + Trifloxystrobin 25% WG,Purple blotch,free_text,COMPOUND,free_text,,,,150+75,numeric,BARE_NUMBER,per_ha,300.0,,g,300,29,False,resolved,29
fungicides_20260331.pdf,80,3,cotton,Cotton,False,False,Tebuconazole 50% + Trifloxystrobin 25% WG,Alternaria leaf spot,free_text,COMPOUND,free_text,,,,150+75,numeric,BARE_NUMBER,per_ha,300.0,,g,300,28,False,resolved,28
fungicides_20260331.pdf,80,10,gram,Chickpea,False,False,Tebuconazole 15% + Zineb 57% WDG,Wilt (Fusarium  oxyspor um) Root  rot  (Rhizoctonia spp.),numeric,BARE_NUMBER,per_ha,2.0,,g,2.0,numeric,BARE_NUMBER,per_ha,4.0,,g,4.0,,True,not_applicable,NA  Seed  dresse r
fungicides_20260331.pdf,81,2,tomato,Tomato,False,False,Thiophanate methyl 15% (w/w) + Copper Oxychloride 40%(w/w) WP,"Early & Late  Blight, Leaf Spot,  Ring Rot",free_text,COMPOUND,free_text,,,,300 + 800 (1100 gm),numeric,BARE_NUMBER,per_ha,2000.0,,g,2000,7,False,resolved,7
fungicides_20260331.pdf,81,4,tomato,Tomato,False,False,Thiophanate methyl 38% + Kasugamycin 2.21% SC,Powdery mildew  &  Bacterial leaf spot,numeric,BARE_RANGE,per_ha,402.1,502.6,g,402.1-502.6,numeric,BARE_RANGE,per_ha,1000.0,1250.0,ml,1000- 1250,7,False,resolved,07
fungicides_20260331.pdf,81,19,tomato,Tomato,False,False,Trifloxystrobin 10% +Difenoconazole 12.5%+Sulfur 3% SC,Early and Late  Blight,free_text,COMPOUND,free_text,,,,45 + 56.25 + 13.5,numeric,BARE_NUMBER,per_ha,450.0,,ml,450,14,False,resolved,14
fungicides_20260331.pdf,82,7,tomato,Tomato,False,False,Trifloxystrobin 25% + Hexaconazole 25% w/w WG,"Early blight, Late  blight, Powdery  mildew and Fruit  spot",free_text,COMPOUND,free_text,,,,50+50,numeric,BARE_NUMBER,per_ha,200.0,,g,200,7,False,resolved,7
fungicides_20260331.pdf,82,11,soybean,Soybean,False,False,Trifloxystrobin 6% +Thiophanate Methyl 9.5%+Thaimethoxam 24% FS,"Seed rot, Seedling  (stem) rot, stem fly  & White fly",free_text,COMPOUND,free_text,,,,0.12+0.19+0.48,numeric,PER_KG_SEED,per_kg_seed,2.0,,ml,2 ml/kg seed,,False,not_applicable,NA
fungicides_20260331.pdf,83,4,tomato,Tomato,False,False,Valifenalate 6% + Mancozeb 60% WG,Early blight &  Late blight,free_text,COMPOUND,free_text,,,,120 + 1200 to  150 + 1500,numeric,BARE_RANGE,per_ha,2000.0,2500.0,g,2000 to 2500,5,False,resolved,5 days
fungicides_20260331.pdf,83,6,grape,Grape,False,False,Valifenalate 6% + Mancozeb 60% WG,Downy mildew,free_text,COMPOUND,free_text,,,,120 + 1200,numeric,BARE_NUMBER,per_ha,2000.0,,g,2000,14,False,resolved,14 days
bio_insecticides_20260331.pdf,2,4,cotton,Cotton,False,False,Azadirachtin 0.15% EC w/w Min. Neem Seed Kernel Based,"White fly, Bollworms",empty,NULL_MARKER,,,,,-,numeric,BARE_RANGE,per_ha,2500.0,5000.0,ml,2500-5000,5,False,resolved,05
bio_insecticides_20260331.pdf,2,7,cotton,Cotton,False,False,Azadirachtin 00.30% EC (3000 PPM) Min. Neem Seed Kernel Based,American bollworm,empty,NULL_MARKER,,,,,-,numeric,BARE_NUMBER,per_ha,4000.0,,ml,4000,5,False,resolved,05
bio_insecticides_20260331.pdf,2,12,tomato,Tomato,False,False,Azadirachtin 01.00% EC (10000 PPM) Min. Neem Based,Fruit borer (Helicoverpa  armigera),empty,NULL_MARKER,,,,,-,numeric,BARE_RANGE,per_ha,1000.0,1500.0,ml,1000-1500,3,False,resolved,03
bio_insecticides_20260331.pdf,2,15,cotton,Cotton,False,False,Azadirachtin 00.03% EC Min. Neem Oil Based,"Bollworm (Helicoverpa  armigera), Aphids",empty,NULL_MARKER,,,,,-,numeric,BARE_RANGE,per_ha,2500.0,5000.0,ml,2500-5000,5,False,resolved,05
bio_insecticides_20260331.pdf,2,18,gram,Bengal  Gram  (Gram or  Chickpea),False,False,Azadirachtin 00.03% WSP (300 PPM) Neem Oil Based,Pod borer (Helicoverpa  armigera),empty,NULL_MARKER,,,,,-,empty,NULL_MARKER,,,,,-,7,False,resolved,07
bio_insecticides_20260331.pdf,2,19,tur,Red Gram  (Tur or  Arhar),False,False,Azadirachtin 00.03% WSP (300 PPM) Neem Oil Based,Pod borer  (Melanagromyza sp.),empty,NULL_MARKER,,,,,-,numeric,BARE_RANGE,per_ha,2500.0,5000.0,g,2500-5000,7,False,resolved,07
bio_insecticides_20260331.pdf,3,0,cotton,Cotton,False,False,Azadirachtin 00.03% WSP (300 PPM) Neem Oil Based,"Aphids, Jassids, Whitefly,  Bollworms",empty,NULL_MARKER,,,,,-,numeric,BARE_RANGE,per_ha,2500.0,5000.0,g,2500-5000,7,False,resolved,07
bio_insecticides_20260331.pdf,3,9,cotton,Cotton,False,False,Azadirachtin 05.00% w/w Min. Neem Extract Concentrates,"Whitefly, Leaf hoppers,  Helicoverpa  armigera,  Aphids",empty,NULL_MARKER,,,,,-,unparseable,BARE_NUMBER,,,,,375.0,5,False,resolved,05
bio_insecticides_20260331.pdf,3,12,tomato,Tomato,False,False,Azadirachtin 05.00% w/w Min. Neem Extract Concentrates,"Aphids, Whitefly, Fruit  borer",empty,NULL_MARKER,,,,,-,unparseable,BARE_NUMBER,,,,,200.0,5,False,resolved,05
bio_insecticides_20260331.pdf,3,15,tomato,Tomato,False,False,"Bacillus thuringiensis var. galleriae 1593 M serotype H 59 5b, 1.3% flowable concentrate Potency 1500  IU/mg",Fruit borer (Helicoverpa  armigera),empty,NULL_MARKER,,,,,-,unparseable,BARE_RANGE,,,,,1.0-1.5,,False,not_applicable,-
bio_insecticides_20260331.pdf,4,2,cotton,Cotton,False,False,(Okra),Bollworm (Helicoverpa  armigera),empty,NULL_MARKER,,,,,-,unparseable,BARE_RANGE,,,,,2.0-2.5,,False,not_applicable,-
bio_insecticides_20260331.pdf,4,5,cotton,Cotton,False,False,Bacillus thuringiensis var. kurstaki,Bollworm,empty,NULL_MARKER,,,,,-,unparseable,BARE_RANGE,,,,,750-1000,,False,not_applicable,-
bio_insecticides_20260331.pdf,4,7,cotton,Cotton,False,False,"Bacillus thuringiensis var. kurstaki, serotype H-39, 3B, Strain Z-52","Bollworms, Spodoptera",numeric,BARE_RANGE,per_ha,0.75,1.0,g,0.75-1.00,unparseable,BARE_RANGE,,,,,500-750,,False,not_applicable,-
bio_insecticides_20260331.pdf,4,9,gram,Gram,False,False,"Bacillus thuringiensis var. kurstaki, serotype H-39, 3B, Strain Z-52",Heliothis sp.,numeric,BARE_NUMBER,per_ha,0.75,,g,0.75,unparseable,BARE_RANGE,,,,,500-750,,False,not_applicable,-
bio_insecticides_20260331.pdf,4,10,tur,Pigeon Pea  Heliothis sp.,False,True,"Bacillus thuringiensis var. kurstaki, serotype H-39, 3B, Strain Z-52",,numeric,BARE_NUMBER,per_ha,0.75,,g,0.75,unparseable,BARE_RANGE,,,,,500-750,,False,not_applicable,-
bio_insecticides_20260331.pdf,4,11,soybean,Soybean,False,False,"Bacillus thuringiensis var. kurstaki, serotype H-39, 3B, Strain Z-52","Spodoptera, Heliothis,  Spilosoma, Semilooper,  Leaf miner",numeric,BARE_NUMBER,per_ha,0.75,,g,0.75,unparseable,BARE_RANGE,,,,,500-750,,False,not_applicable,-
bio_insecticides_20260331.pdf,4,16,cotton,Cotton,False,False,"Bacillus thuringiensis serovar kurstaki (3a, 3b, 3c) 5.0% WP Potency 55000 SU (Spodoptera unit based)  (5x107 spore/mg)",American Bollworm,numeric,BARE_RANGE,per_ha,25.0,50.0,g,25.00-  50.00,numeric,BARE_RANGE,per_ha,500.0,1000.0,g,500-1000,,False,not_applicable,-
bio_insecticides_20260331.pdf,4,17,cotton,Cotton,False,False,"Bacillus thuringiensis serovar kurstaki (3a, 3b, 3c) 5.0% WP Potency 55000 SU (Spodoptera unit based)  (5x107 spore/mg)",Spotted Bollworm,numeric,BARE_RANGE,per_ha,37.5,50.0,g,37.50-  50.00,numeric,BARE_RANGE,per_ha,750.0,1000.0,g,750-1000,,False,not_applicable,-
bio_insecticides_20260331.pdf,5,0,tur,Red gram,False,False,"Bacillus thuringiensis serovar kurstaki (3a, 3b, 3c) 5.0% WP Potency 55000 SU (Spodoptera unit based)  (5x107 spore/mg)",Pod Borer,numeric,BARE_RANGE,per_ha,50.0,62.5,g,50.00-  62.50,numeric,BARE_RANGE,per_ha,1000.0,1250.0,g,1000-1250,,False,not_applicable,-
bio_insecticides_20260331.pdf,5,5,tur,Pigeon pea  Bollworm (Helicoverpa,False,True,"Bacillus thuringiensis var. kurstaki 0.5% WP serotype 3a, 3b, 3c, Strain DOR Bt-1 NAIMCC-B-01118,  Potency 13329 IU/mg min. U/s 9(3b)",armigera),empty,NULL_MARKER,,,,,-,numeric,BARE_RANGE,per_ha,1.0,1.25,g,1-1.25,,False,not_applicable,-
bio_insecticides_20260331.pdf,5,9,gram,Chickpea,False,False,"Bacillus thuringiensis var. kurstaki 0.5% WP serotype 3a, 3b, 3c, Strain DOR Bt-1, Potency 16000IU/mg  min.",Chick pea pod borer  (Helicoverpa armigera),empty,NULL_MARKER,,,,,-,numeric,BARE_NUMBER,per_ha,2.0,,g,2.0,,False,not_applicable,-
bio_insecticides_20260331.pdf,5,11,gram,Gram,False,False,Bacillus thuringiensis var. kurstaki 2.5% AS (Spicbio-BTK AS),Gram pod borer  (Helicoverpa armigera),empty,NULL_MARKER,,,,,-,numeric,BARE_RANGE,per_ha,1.0,1.5,ml,1.0-1.5,,False,not_applicable,-
bio_insecticides_20260331.pdf,5,13,cotton,Cotton,False,False,"Bacillus thuringiensis var. krustaki, Serotype H-3a, 3b, Strain Z-52  Potency:-  3000 IU/mg min – on Gypsy moth             32000 IU/mg min – Trichoplusia vi             50000 IU/mg min – Helicoverpa armigera  55000 IU/mg min – Spodoptera exiqua","Bollworms, Spodoptera",empty,NULL_MARKER,,,,,-,numeric,RANGE_UNIT,per_ha,0.75,1.0,kg,0.75-1.0 kg.,,False,not_applicable,-
bio_insecticides_20260331.pdf,5,15,gram,Gram,False,False,"Bacillus thuringiensis var. krustaki, Serotype H-3a, 3b, Strain Z-52  Potency:-  3000 IU/mg min – on Gypsy moth             32000 IU/mg min – Trichoplusia vi             50000 IU/mg min – Helicoverpa armigera  55000 IU/mg min – Spodoptera exiqua",Helicoverpa armiger,empty,NULL_MARKER,,,,,-,numeric,NUM_UNIT,per_ha,0.75,,kg,0.75 kg.,,False,not_applicable,
bio_insecticides_20260331.pdf,5,16,tur,Pigeon Pea  Helicoverpa armiger,False,True,"Bacillus thuringiensis var. krustaki, Serotype H-3a, 3b, Strain Z-52  Potency:-  3000 IU/mg min – on Gypsy moth             32000 IU/mg min – Trichoplusia vi             50000 IU/mg min – Helicoverpa armigera  55000 IU/mg min – Spodoptera exiqua",,empty,NULL_MARKER,,,,,-,numeric,NUM_UNIT,per_ha,0.75,,kg,0.75 kg.,,False,not_applicable,-
bio_insecticides_20260331.pdf,6,0,soybean,Soyabean,False,False,"Bacillus thuringiensis var. krustaki, Serotype H-3a, 3b, Strain Z-52  Potency:-  3000 IU/mg min – on Gypsy moth             32000 IU/mg min – Trichoplusia vi             50000 IU/mg min – Helicoverpa armigera  55000 IU/mg min – Spodoptera exiqua","Spodoptera litura,  Helicoverpa armigera,  Spilosoma 6rustak,  Semilooper, Leaf miner",empty,NULL_MARKER,,,,,-,numeric,NUM_UNIT,per_ha,0.75,,kg,0.75 kg.,,False,not_applicable,-
bio_insecticides_20260331.pdf,6,5,cotton,Cotton,False,False,"Bacillus thuringiensis var. kurstaki Strain HD-1, serotype 3a, 3b, 3.5% ES for Import &repack.  Potency17600 IU/mg",Bollworms,empty,NULL_MARKER,,,,,-,unparseable,BARE_RANGE,,,,,750-1000,,False,not_applicable,-
bio_insecticides_20260331.pdf,6,10,tur,Pigeon Pea,False,False,"Bacillus thuringiensis var. kurstaki 10% WSL (CFU: 2x109 /gm min.) Strain- NBAIR-BtG4,  Accession no- JN120763, JN120765, Potency- 14245 IU/ml min.",Pod borer (Helicoverpa  armigera),empty,NULL_MARKER,,,,,-,numeric,NUM_UNIT,per_ha,10.0,,l,10 liter,1,False,resolved,12 hrs
bio_insecticides_20260331.pdf,6,12,tomato,Tomato,False,False,"Bacillus firmus 1.5% AS (CFU count: 1 × 10⁸ /ml Min.) Strain name: AMMFA-BF1, NCMR Accession number MCC  0584)",Root knot nematode  (Meloidogyne incognita),empty,NULL_MARKER,,,,,--,numeric,BARE_NUMBER,per_ha,5000.0,,ml,5000,,False,not_applicable,-
bio_insecticides_20260331.pdf,6,14,cotton,Cotton,False,False,Beauveria bassiana 1.15% WP,Bollworms,empty,NULL_MARKER,,,,,-,numeric,BARE_NUMBER,per_ha,400.0,,g,400,,False,not_applicable,-
bio_insecticides_20260331.pdf,6,16,cotton,Cotton,False,False,Beauveria bassiana 01.15% WP,Bollworm,empty,NULL_MARKER,,,,,-,numeric,BARE_NUMBER,per_ha,2000.0,,g,2000,,False,not_applicable,-
bio_insecticides_20260331.pdf,7,11,gram,Chick pea,False,False,"Beauveria bassiana 1.0% WP, Strain No: NBRI – 9947 (1x108  CFU/gm Min.)",Pod borer (Helicoverpa  armigera),empty,NULL_MARKER,,,,,-,numeric,NUM_UNIT,per_ha,3.0,,kg,3.0 kg.,,False,not_applicable,-
bio_insecticides_20260331.pdf,7,15,gram,Chick pea,False,False,"Beauveria bassiana 1.0% WP (1x108  CFU/gm min), Strain No. SVBPU/CSP/Bb-10, Accession No. ITCC- 7520",Pod borer (Helicoverpa  armigera),empty,NULL_MARKER,,,,,-,numeric,NUM_UNIT,per_ha,3.0,,kg,3.0 kg.,,False,not_applicable,-
bio_insecticides_20260331.pdf,8,3,tomato,Tomato,False,False,"Beauveria bassiana 5.0% SC, Strain: NBAII, Bangalore, Accession No. ITCC-7102, (Strain Isolated by  Project Directorate of Bio-logical control, Bangalore)",Fruit borer (Helicoverpa  armigera),empty,NULL_MARKER,,,,,-,numeric,BARE_NUMBER,per_ha,500.0,,ml,500,,False,not_applicable,-
bio_insecticides_20260331.pdf,8,5,tomato,Tomato,False,False,Beauveria bassiana 5.0% AS Strain: BB-AAU-RJP Accession No. MCC – 1024,Fruit borer (Helicoverpa  armigera),empty,NULL_MARKER,,,,,-,numeric,BARE_NUMBER,per_ha,0.5,,ml,0.5,,False,not_applicable,-
bio_insecticides_20260331.pdf,8,9,gram,Chick pea,False,False,Beauveria bassiana 1.15% WP (1x108  /gm min) Accession No – NAIMCC-F-03048,Gram Pod Borer  (Helicoverpa armigera),empty,NULL_MARKER,,,,,-,numeric,BARE_NUMBER,per_ha,2500.0,,g,2500,,False,not_applicable,-
bio_insecticides_20260331.pdf,8,13,tomato,Tomato,False,False,Beauveria bassiana 1.5% Liquid  Formulation (CFU count 10X108) Accession  No.MTCC-5171,Fruit borer (Helicoverpa  armigera),numeric,BARE_NUMBER,per_ha,2.0,,g,2.0,free_text,PROSE_NO_NUMBER,free_text,,,,Foliar spry,,False,not_applicable,-
bio_insecticides_20260331.pdf,8,15,cotton,Cotton,False,False,Beauveria bassiana 1.15% WP (1X106  CFU /gm min),Bollworm,numeric,BARE_NUMBER,per_ha,20.0,,g,20,empty,NULL_MARKER,,,,,-,,False,not_applicable,-
bio_insecticides_20260331.pdf,9,4,gram,Chickpea,False,False,"Metarhizium anisopliae 1.15% WP (1x108 CFU/gm min) Strain No. AAI, Allahabad, Accession No.  NAIMCC-F-03037.",Heliothis armigera,empty,NULL_MARKER,,,,,-,numeric,BARE_NUMBER,per_ha,2.5,,g,2.5,,False,not_applicable,--
bio_insecticides_20260331.pdf,9,14,tomato,Tomato,False,False,"Pseudomonas fluorescens 1.0% WP (Strain No. IIHR-PF-2, Accession No. ITCC- B0034)",Root-knot nematodes  (Meloidogyne spp.),empty,EMPTY,,,,,,empty,EMPTY,,,,,,,False,not_applicable,
bio_insecticides_20260331.pdf,10,4,tomato,Tomato,False,False,Trichoderma harzianum 1.0% WP (Strain No. IIHR-TH-2 Accessions No. ITCC 6888),Root-knot nematodes  (Meloidogyne incognita),empty,EMPTY,,,,,,empty,EMPTY,,,,,,,False,not_applicable,
bio_insecticides_20260331.pdf,11,5,cotton,Cotton,False,False,PB Rope L,Pink bollworm  (Pectinophora  gossypiella),unparseable,DEFECT_RATIO_OR_INEQUALITY,,,,,>140,unparseable,BARE_NUMBER,,,,,9875,,False,not_applicable,NA
bio_insecticides_20260331.pdf,11,7,tomato,Tomato,False,False,Trichoderma harzianum 1.5% WP (Strain No. IIHR-TV-5 Accessions No. ITCC 6889),Root-knot nematodes (Meloidogyne  incognita),empty,EMPTY,,,,,,empty,EMPTY,,,,,,,False,not_applicable,
bio_insecticides_20260331.pdf,11,13,tomato,Tomato,False,False,Trichoderma viride 1.5% WP (Strain No. IIHR-TV-5 Accessions No. ITCC 6889),Root-knot nematodes (Meloidogyne  incognita),empty,EMPTY,,,,,,empty,EMPTY,,,,,,,False,not_applicable,
bio_insecticides_20260331.pdf,12,5,tomato,Tomato,False,False,"Verticillium chlamydosporium 1.0% WP, (2x106 CFU/gm min) Strain – IIHR-VC-3 Accession No –  ITCC-6898",Root-knot nematodes (Meloidogyne  incognita),empty,EMPTY,,,,,,empty,EMPTY,,,,,,,False,not_applicable,
bio_insecticides_20260331.pdf,12,10,cotton,Cotton,False,False,"Verticillium lecanii 1.15%WP, (1x108  CFU/gm min) Strain – AS MEGH-VL Accession No – MCC-1028",White flies,empty,NULL_MARKER,,,,,-,numeric,BARE_NUMBER,per_ha,2500.0,,g,2500,,False,not_applicable,-
bio_insecticides_20260331.pdf,13,1,tomato,Tomato,False,False,"Verticillium Lecanii 1.50% Liquid Formulation, (1x108 CFU/ml. min.) Strain – T Stanes VI-1,  Accession No – MTCC-5172",White fly  (Bemisia tabaci),empty,NULL_MARKER,,,,,-,numeric,NUM_WITH_METHOD,per_ha,2000.0,,ml,2000 (Foliar  spray),,False,not_applicable,-
bio_insecticides_20260331.pdf,13,3,onion,Onion,False,False,"Verticillium lecanii 3.0% AS, (strain: Accession No. MCC-1127, Strain No. MPKV / Biocontrol/ RVN/  VL-01",Thrips (Thrips  tabaci),empty,NULL_MARKER,,,,,-,numeric,BARE_RANGE,per_ha,2000.0,2500.0,ml,2000-2500,,False,not_applicable,-
bio_insecticides_20260331.pdf,13,9,cotton,Cotton,False,False,Nuclear Polyhedrosis Virus of Helicoverpa armigera 0.43% AS (1x109 POB/ml),Helicoverpa  armigera,empty,NULL_MARKER,,,,,-,numeric,BARE_NUMBER,per_ha,2700.0,,ml,2700,,False,not_applicable,-
bio_insecticides_20260331.pdf,13,10,tomato,Tomato,False,False,Nuclear Polyhedrosis Virus of Helicoverpa armigera 0.43% AS (1x109 POB/ml),Helicoverpa  armigera,empty,NULL_MARKER,,,,,-,numeric,BARE_NUMBER,per_ha,1500.0,,ml,1500,,False,not_applicable,-
bio_insecticides_20260331.pdf,13,12,tur,Pigeon pea,False,False,"Nuclear Polyhedrosis Virus of Helicoverpa armigera 2.0% AS, Strain No. GBS/HNPV -01 (1x109  POB/ml Min.)",Pod borer  (Helicoverpa  armigera),empty,NULL_MARKER,,,,,-,numeric,BARE_RANGE,per_ha,250.0,500.0,ml,250-500,,False,not_applicable,-
bio_insecticides_20260331.pdf,13,13,gram,Gram,False,False,"Nuclear Polyhedrosis Virus of Helicoverpa armigera 2.0% AS, Strain No. GBS/HNPV -01 (1x109  POB/ml Min.)",Pod borer  (Helicoverpa  armigera),empty,NULL_MARKER,,,,,-,numeric,BARE_RANGE,per_ha,250.0,500.0,ml,250-500,,False,not_applicable,-
bio_insecticides_20260331.pdf,13,15,tur,Pigeon pea,False,False,"Nuclear Polyhedrosis Virus of Helicoverpa armigera 2.0% AS, Strain No. NBRI-8821 (1x109 POB/ml  Min.)",Pod borer  (Helicoverpa  armigera),empty,NULL_MARKER,,,,,-,numeric,BARE_NUMBER,per_ha,500.0,,ml,500,,False,not_applicable,-
bio_insecticides_20260331.pdf,14,0,tur,Pigeon pea,False,False,"Nuclear Polyhedrosis Virus of Helicoverpa armigera 2.0% AS, Strain No. IBH-17268 (1x109 POB/ml  Min.)",Pod borer  (Helicoverpa  armigera),empty,NULL_MARKER,,,,,-,numeric,RANGE_UNIT,per_ha,250.0,500.0,ml,250-500 ml,,False,not_applicable,-
bio_insecticides_20260331.pdf,14,1,gram,Gram,False,False,"Nuclear Polyhedrosis Virus of Helicoverpa armigera 2.0% AS, Strain No. IBH-17268 (1x109 POB/ml  Min.)",Pod borer  (Helicoverpa  armigera),empty,NULL_MARKER,,,,,-,numeric,RANGE_UNIT,per_ha,250.0,500.0,ml,250-500 ml,,False,not_applicable,-
bio_insecticides_20260331.pdf,14,3,tur,Pigeon pea,False,False,"Nuclear Polyhedrosis Virus of Helicoverpa armigera 2.0% AS, Strain No. BIL/HV-9 POB(1x109 POB/ml  Min.)",Pod borer  (Helicoverpa  armigera),empty,NULL_MARKER,,,,,-,numeric,BARE_RANGE,per_ha,250.0,500.0,ml,250-500,,False,not_applicable,-
bio_insecticides_20260331.pdf,14,4,gram,Chick pea,False,False,"Nuclear Polyhedrosis Virus of Helicoverpa armigera 2.0% AS, Strain No. BIL/HV-9 POB(1x109 POB/ml  Min.)",Pod borer  (Helicoverpa  armigera),empty,NULL_MARKER,,,,,-,numeric,BARE_RANGE,per_ha,250.0,500.0,ml,250-500,,False,not_applicable,-
bio_insecticides_20260331.pdf,14,5,tomato,Tomato,False,False,"Nuclear Polyhedrosis Virus of Helicoverpa armigera 2.0% AS, Strain No. BIL/HV-9 POB(1x109 POB/ml  Min.)",Pod borer  (Helicoverpa  armigera),empty,NULL_MARKER,,,,,-,numeric,BARE_RANGE,per_ha,250.0,500.0,ml,250-500,,False,not_applicable,-
bio_insecticides_20260331.pdf,14,7,tur,Pigeon pea,False,False,"Nuclear Polyhedrosis Virus of Helicoverpa armigera 2.0% AS, Strain No. IBL-17268",Pod borer  (Helicoverpa  armigera),empty,NULL_MARKER,,,,,-,numeric,BARE_RANGE,per_ha,250.0,500.0,ml,250-500,,False,not_applicable,-
bio_insecticides_20260331.pdf,14,8,gram,Chick pea,False,False,"Nuclear Polyhedrosis Virus of Helicoverpa armigera 2.0% AS, Strain No. IBL-17268",Pod borer  (Helicoverpa  armigera),empty,NULL_MARKER,,,,,-,numeric,BARE_RANGE,per_ha,500.0,1000.0,ml,500-1000,,False,not_applicable,-
bio_insecticides_20260331.pdf,14,10,cotton,Cotton,False,False,"Nuclear Polyhedrosis Virus of Helicoverpa armigera 0.43% AS, Strain No. BIL/HV-9 (1x109 POB/ml  Min.)",Helicoverpa  armigera,empty,NULL_MARKER,,,,,-,numeric,BARE_NUMBER,per_ha,2700.0,,ml,2700,,False,not_applicable,-
bio_insecticides_20260331.pdf,14,11,tomato,Tomato,False,False,"Nuclear Polyhedrosis Virus of Helicoverpa armigera 0.43% AS, Strain No. BIL/HV-9 (1x109 POB/ml  Min.)",Helicoverpa  armigera,empty,NULL_MARKER,,,,,-,numeric,BARE_NUMBER,per_ha,1500.0,,ml,1500,,False,not_applicable,-
bio_insecticides_20260331.pdf,14,15,gram,Chickpea,False,False,"NPV of Helicoverpa armigera 0.5%AS, (1x109 POB/ml Min.)",Pod borer  (Helicoverpa  armigera),empty,NULL_MARKER,,,,,-,numeric,BARE_NUMBER,per_ha,250.0,,ml,250,,False,not_applicable,-
bio_insecticides_20260331.pdf,14,17,gram,Chickpea,False,False,"NPV of Helicoverpa armigera 2.0%AS, (1x109 POBs count / ml min) Biological Insecticide",Pod borer (Helicoverpa  armigera),empty,NULL_MARKER,,,,,-,numeric,BARE_NUMBER,per_ha,250.0,,ml,250,,False,not_applicable,-
bio_insecticides_20260331.pdf,15,7,tomato,Tomato,False,False,"Paecilomyces lilacinus 01.50% LF (CFU count 1x108/ml min.)(Accession No. MTCC No. 5175, T-Stanes PI-1  Strain)",Root Knot  Nematode  (Meloidogyne  incognita),empty,NULL_MARKER,,,,,-,numeric,BARE_NUMBER,per_ha,6000.0,,ml,6000,,False,not_applicable,-
bio_fungicides_20260331.pdf,2,6,grape,G rapes,False,False,Ampelomyces quisqualis 2.0% WP,Powdery  mildew,numeric,NUM_UNIT,per_ha,8.0,,kg,8.0 kg,empty,EMPTY,,,,,,,False,not_applicable,-
bio_fungicides_20260331.pdf,2,10,grape,Grapes,False,False,Ampelomyces quisqualis 1.5% % LF (CFU count: 2x10^6 /ml Min.) StrainT Stanes Aq-1; Accession number  MTCC-5683,Powdery mildew  (Erysiphe necator),empty,NULL_MARKER,,,,,-,numeric,BARE_NUMBER,per_ha,2500.0,,ml,2500,,False,not_applicable,-
bio_fungicides_20260331.pdf,3,1,tomato,Tomato,False,False,Pseudomonas fluorescens 1.75% WP (T Stanes Pf-1 Strain Accession No. MTCC 5671),Early blight,empty,EMPTY,,,,,,numeric,NUM_WITH_METHOD,per_kg_seed,5.0,,g,05 g/kg  seed  (Seed  treatme nt),,True,not_applicable,As per  requirement  for uniform  coating of  seeds
bio_fungicides_20260331.pdf,3,7,tomato,T omato,False,False,Bacillus subtilis 1.50% L.F (T Stanes Bs-1 Strain MTCC 25072),Early blight (caused   by Alternaria solani),numeric,PER_KG_SEED,per_kg_seed,10.0,,ml,10 ml/  kg seed,free_text,PROSE_NO_NUMBER,free_text,,,,Seed  treatment,,False,not_applicable,
bio_fungicides_20260331.pdf,3,8,tomato,T omato,False,False,Bacillus subtilis 1.50% L.F (T Stanes Bs-1 Strain MTCC 25072),,numeric,PER_HA_EXPLICIT,per_ha,3.0,,l,3.0  lit./ha,free_text,PROSE_NO_NUMBER,free_text,,,,Foliar   spray,,False,not_applicable,
bio_fungicides_20260331.pdf,5,2,grape,Grapes,False,False,Bacillus subtilis 1.50% AS ( MTCC Accession no. 5786),Powdery mildew  (Erysiphe necator),empty,EMPTY,,,,,,numeric,PER_LITRE,per_litre_water,2.0,,ml,2 ml/litre  water,,False,not_applicable,
bio_fungicides_20260331.pdf,6,4,tomato,Tomato,False,False,Pseudomonas fluorescens 0.5% WP (TNAU Strain Accession No. ITCC BE 0005),Wilt (Fusarium  oxysporum F.sp.),empty,NULL_MARKER,,,,,-,numeric,PER_KG_SEED,per_kg_seed,10.0,,g,10 g/kg  of  seeds,,False,not_applicable,Nil
bio_fungicides_20260331.pdf,6,5,tomato,Tomato,False,False,Pseudomonas fluorescens 0.5% WP (TNAU Strain Accession No. ITCC BE 0005),,empty,EMPTY,,,,,,numeric,PER_HA_EXPLICIT,per_ha,2.5,,kg,2.5 kg/ha,,False,not_applicable,Nil
bio_fungicides_20260331.pdf,7,0,cotton,Cotton,False,False,Pseudomonas fluorescens 0.5% WP (TNAU Strain Accession No. ITCC BE 0005),Bacterial Leaf blight,empty,NULL_MARKER,,,,,-,numeric,PER_KG_SEED,per_kg_seed,10.0,,g,10 g/kg  of seeds,,False,not_applicable,Nil
bio_fungicides_20260331.pdf,7,5,tomato,Tomato,False,False,Pseudomonas fluorescens 1.0% WP (IPL/PS-01 Accession No. MTCC5727),"Wilt (Fusarium  oxysporum),    Damping Off  (Pythium  aphanidermatum),  Root rot (Rhizoctonia  spp.)",empty,NULL_MARKER,,,,,-,numeric,PER_KG_SEED,per_kg_seed,5.0,,g,5 gm/kg of  seed,,False,not_applicable,Nil
bio_fungicides_20260331.pdf,7,6,tomato,Tomato,False,False,Pseudomonas fluorescens 1.0% WP (IPL/PS-01 Accession No. MTCC5727),,empty,NULL_MARKER,,,,,-,numeric,PER_HA_EXPLICIT,per_ha,2.5,,kg,2.5 kg/ha,,False,not_applicable,Nil
bio_fungicides_20260331.pdf,8,1,tomato,Tomato,False,False,Pseudomonas fluorescens 1.0% WP (IPL/PS-01 Accession No. MTCC5727),,empty,NULL_MARKER,,,,,-,numeric,PER_LITRE,per_litre_water,10.0,,g,10gm/lit res of  water,,False,not_applicable,Nil
bio_fungicides_20260331.pdf,8,3,tomato,Tomato,False,False,Pseudomonas fluorescens 1.0% WP (Strain No. IIHR-PF-2 Accession No. ITCCB0034),B acterial Wilt (Ralstonia  solanacearum),empty,EMPTY,,,,,,empty,EMPTY,,,,,,,False,not_applicable,
bio_fungicides_20260331.pdf,8,11,tomato,Tomato,False,False,Pseudomonas fluorescens 1.5% AS CFU 1 x 10 8/mL min.; AMMFA-TH1 strain; NCMR Accession number MCC 0580,Wilt of tomato (Fusarium  oxysporum f.sp. lycopersici),empty,EMPTY,,,,,,empty,EMPTY,,,,,,,False,not_applicable,
bio_fungicides_20260331.pdf,9,5,tomato,Tomato,False,False,Trichoderma harzianum 1.0% WP (Strain No. IIHR-TH-2 Accessions No. ITCC6888),Wilt (Fusarium oxysporum),empty,EMPTY,,,,,,empty,EMPTY,,,,,,,False,not_applicable,
bio_fungicides_20260331.pdf,9,10,gram,Chickpea,False,False,Trichoderma harzianum 1.0% WP (Strain no. Th3 Accession no. 5593),Root rot (Rhizoctonia solani),empty,EMPTY,,,,,,empty,EMPTY,,,,,,,False,not_applicable,
bio_fungicides_20260331.pdf,9,12,tomato,Tomato,False,False,Trichoderma harzianum 1.5% AS (CFU 2 x 10 ⁶/mL min.; (AMMFA-TH1 strain; NCMR Accession number  MCC 0583),Wilt of tomato (Fusarium  oxysporum f.sp. lycopersici),empty,EMPTY,,,,,,empty,EMPTY,,,,,,,False,not_applicable,
bio_fungicides_20260331.pdf,9,14,tomato,Tomato,False,False,"Trichoderma viride1.5% AS (CFU count: 2x10^6 /ml Min.), Strain name: AMMFA-TV1 NCMR, Accession Number:  MCC 0582",Wilt of tomato (Fusarium  oxysporum f.sp. lycopersici),numeric,BARE_NUMBER,per_ha,75.0,,g,75,numeric,BARE_NUMBER,per_ha,2500.0,,ml,2500,77,False,resolved,77
bio_fungicides_20260331.pdf,10,6,tur,Pigeon pea,False,False,T richoderma viride 1.0% WP,"Wilt, Root rot",empty,NULL_MARKER,,,,,-,numeric,PER_KG_SEED,per_kg_seed,8.0,,g,8 g/kg of  seed,,False,not_applicable,Nil
bio_fungicides_20260331.pdf,10,7,tur,Pigeon pea,False,False,T richoderma viride 1.0% WP,,empty,NULL_MARKER,,,,,-,numeric,PER_HA_EXPLICIT,per_ha,5.0,,kg,5.0 kg/ha,,False,not_applicable,Nil
bio_fungicides_20260331.pdf,10,11,tomato,Tomato,False,False,Trichoderma viride 0.5% WP,Wilt (Fusarium  oxysporum),empty,NULL_MARKER,,,,,-,numeric,PER_KG_SEED,per_kg_seed,10.0,,g,10 g/kg  seed,,False,not_applicable,-
bio_fungicides_20260331.pdf,13,3,tur,Pigeon pea,False,False,Trichoderma viride 1.0% WP (TNAU Strain Accession No. ITCC 6914),Root rot  (Macrophomina  phaseolina),empty,NULL_MARKER,,,,,-,numeric,PER_KG_SEED,per_kg_seed,4.0,,g,4 g/kg  seed,,False,not_applicable,Nil
bio_fungicides_20260331.pdf,14,2,gram,Chickpea,False,False,"Trichoderma viride 1.0% WP (Strain T-14 in house isolate of M/s Indore Biotech Inputs & Research (P) Ltd.,  Indore)",Wilt (Fusarium oxysporum),empty,NULL_MARKER,,,,,-,numeric,PER_KG_SEED,per_kg_seed,5.0,,g,5  gm/kg  seed,,False,not_applicable,
bio_fungicides_20260331.pdf,15,2,tomato,Tomato,False,False,"Trichoderma viride 1.5% WP (Strain No. IIHR-TV-5, Accession No. ITCC 6889)",Wilt (Fusarium oxysporum),empty,EMPTY,,,,,,empty,EMPTY,,,,,,,False,not_applicable,
bio_fungicides_20260331.pdf,17,4,tomato,Tomato,False,False,Trichoderma viride 1.0% WP,"Seedling wilt (Fusarium  oxysporum), Damping off  (Pythium  aphanidermatum,  Rhizoctonia solani)",empty,NULL_MARKER,,,,,-,numeric,PER_KG_SEED,per_kg_seed,9.0,,g,9 g/kg seed,,False,not_applicable,-
bio_fungicides_20260331.pdf,17,5,tomato,Tomato,False,False,Trichoderma viride 1.0% WP,,empty,NULL_MARKER,,,,,-,numeric,PER_HA_EXPLICIT,per_ha,2.5,,kg,2.5 kg/ha,,False,not_applicable,-
bio_fungicides_20260331.pdf,17,6,gram,Bengal gram,False,False,Trichoderma viride 1.0% WP,"Seedling wilt (Fusarium  oxysporum), Damping off  (Pythium aphanidermatum,  Rhizoctonia solani)",empty,NULL_MARKER,,,,,-,numeric,PER_KG_SEED,per_kg_seed,9.0,,g,9 g/kg seed,,False,not_applicable,-
bio_fungicides_20260331.pdf,18,1,gram,Bengal gram,False,False,Trichoderma viride 1.0% WP,,empty,NULL_MARKER,,,,,-,numeric,PER_HA_EXPLICIT,per_ha,2.5,,kg,2.5 kg/ha,,False,not_applicable,-
bio_fungicides_20260331.pdf,18,6,tur,Pigeon pea,False,False,Trichoderma viride 1.0% WP (TNAU Strain Accession No. ITCC 6914),Root rot  (Macrophomina  phaseolina),empty,NULL_MARKER,,,,,-,numeric,PER_KG_SEED,per_kg_seed,4.0,,g,4 gm/kg  seed,,False,not_applicable,-
