row_id,slice,crop_slug,canonical_pest,attempts,final_verify_score,outcome_reason
1001,1,onion,Thrips,1,1.0,accepted
101,1,cotton,Wilt,2,1.0,accepted
102,1,cotton,Jassid,1,1.0,accepted
1020,1,onion,Thrips,1,1.0,accepted
1022,1,gram,Wilt,1,1.0,accepted
1025,1,gram,Helicoverpa armigera,1,1.0,accepted
1026,1,gram,Helicoverpa armigera,1,1.0,accepted
1027,1,tomato,Leaf miner,1,1.0,accepted
1028,1,onion,White grub,1,1.0,accepted
103,1,cotton,Mealybug,1,1.0,accepted
104,1,tomato,Thrips,1,1.0,accepted
1051,1,gram,Dry root rot,1,1.0,accepted
1054,1,tur,Wilt,1,1.0,accepted
106,1,cotton,Thrips,1,1.0,accepted
1066,1,onion,Purple blotch,1,1.0,accepted
1070,1,tur,Helicoverpa armigera,1,1.0,accepted
1077,1,onion,Thrips,1,1.0,accepted
108,1,cotton,Red spider mite,1,1.0,accepted
1088,1,gram,Tobacco caterpillar,1,1.0,accepted
1093,1,gram,Wilt,1,1.0,accepted
1103,1,tomato,Leaf spot (unspecified),1,1.0,accepted
1104,1,tur,Helicoverpa armigera,1,1.0,accepted
1107,1,tur,Helicoverpa armigera,1,1.0,accepted
111,1,cotton,Jassid,1,1.0,accepted
1122,1,cotton,Whitefly,1,1.0,accepted
1132,1,onion,Thrips,1,1.0,accepted
1133,1,tomato,Leaf miner,1,1.0,accepted
1134,1,onion,Thrips,1,1.0,accepted
1138,1,cotton,Bollworm complex,3,0.9,"rejected_after_retries: C5: top cause 'Pink bollworm'; the query was about 'Bollworm', which CIB&RC prints as ['Bollworms', 'Jassids', 'Boll worm complex']"
114,1,cotton,Tobacco caterpillar,2,1.0,accepted
1140,1,tur,Root rot,1,1.0,accepted
1148,1,gram,Root rot,1,1.0,accepted
1149,1,tur,Wilt,1,1.0,accepted
1150,1,cotton,Bacterial blight (cotton),1,1.0,accepted
1152,1,tomato,Wilt,1,1.0,accepted
1153,1,onion,White grub,1,1.0,accepted
1156,1,onion,Damping off,1,1.0,accepted
1160,1,cotton,Leaf spot (unspecified),1,1.0,accepted
1163,1,soybean,Root rot,3,0.0,rejected_after_retries: G1: output is not JSON (Expecting value: line 1 column 1 (char 0))
1164,1,tomato,Septoria leaf spot,1,1.0,accepted
1172,1,tomato,Helicoverpa armigera,1,1.0,accepted
1176,1,soybean,Root rot,3,0.0,rejected_after_retries: G1: output is not JSON (Expecting value: line 1 column 1 (char 0))
1182,1,tomato,Wilt,1,1.0,accepted
1192,1,gram,Wilt,1,1.0,accepted
1193,1,cotton,Tobacco caterpillar,1,1.0,accepted
1201,1,gram,Wilt,1,1.0,accepted
1202,1,gram,Wilt,1,1.0,accepted
1206,1,cotton,Leaf spot (unspecified),2,1.0,accepted
1207,1,soybean,Whitefly,1,1.0,accepted
1208,1,cotton,Alternaria leaf spot,1,1.0,accepted
121,1,cotton,Whitefly,1,1.0,accepted
1215,1,cotton,Whitefly,1,1.0,accepted
1217,1,cotton,Mealybug,1,1.0,accepted
1229,1,soybean,Girdle beetle,1,1.0,accepted
1239,1,soybean,Tobacco caterpillar,1,1.0,accepted
1241,1,cotton,Jassid,1,1.0,accepted
1245,1,soybean,Tobacco caterpillar,1,1.0,accepted
1247,1,cotton,Mealybug,1,1.0,accepted
1248,1,soybean,Whitefly,2,1.0,accepted
1251,1,cotton,Aphid,1,1.0,accepted
1255,1,soybean,Girdle beetle,1,1.0,accepted
1261,1,gram,Termite,1,1.0,accepted
1265,1,tur,Helicoverpa armigera,1,1.0,accepted
1266,1,tur,Wilt,1,1.0,accepted
1268,1,tur,Wilt,1,1.0,accepted
1269,1,cotton,Pink bollworm,1,1.0,accepted
1270,1,cotton,Red spider mite,2,1.0,accepted
1274,1,cotton,Whitefly,1,1.0,accepted
1275,1,tomato,Wilt,1,1.0,accepted
128,1,tomato,Whitefly,1,1.0,excluded: ambiguous ground truth: C1_dose — the CIB&RC rows this answer could refer to disagree
1281,1,cotton,Aphid,1,1.0,accepted
1286,1,onion,Thrips,1,1.0,accepted
1289,1,tomato,Whitefly,1,1.0,accepted
129,1,soybean,Girdle beetle,1,1.0,accepted
1290,1,soybean,Tobacco caterpillar,1,1.0,accepted
1292,1,cotton,Aphid,1,1.0,accepted
1295,1,cotton,Wilt,2,1.0,accepted
1296,1,cotton,Thrips,2,1.0,accepted
1302,1,tomato,Early blight,1,1.0,accepted
1308,1,onion,Thrips,1,1.0,accepted
1311,1,cotton,Tobacco caterpillar,1,1.0,accepted
1315,1,gram,Wilt,1,1.0,accepted
132,1,cotton,Mealybug,1,1.0,accepted
1323,1,tomato,Tobacco caterpillar,1,1.0,accepted
1325,1,cotton,Wilt,1,1.0,accepted
1332,1,soybean,Tobacco caterpillar,1,1.0,accepted
1333,1,soybean,Tobacco caterpillar,1,1.0,accepted
1334,1,cotton,Aphid,1,1.0,accepted
1336,1,soybean,White grub,2,1.0,accepted
1338,1,tomato,Leaf miner,1,1.0,accepted
135,1,cotton,Bacterial blight (cotton),1,1.0,accepted
1360,1,cotton,Thrips,1,1.0,accepted
1364,1,cotton,Thrips,1,1.0,accepted
1366,1,cotton,Tobacco caterpillar,1,1.0,accepted
1369,1,cotton,Tobacco caterpillar,1,1.0,accepted
1371,1,cotton,Aphid,1,1.0,accepted
1380,1,gram,Wilt,1,1.0,accepted
1387,1,gram,Wilt,1,1.0,accepted
1388,1,gram,Wilt,1,1.0,accepted
1389,1,gram,Wilt,1,1.0,accepted
139,1,tomato,Helicoverpa armigera,1,1.0,accepted
1393,1,gram,Wilt,1,1.0,accepted
1397,1,gram,Wilt,2,1.0,accepted
1398,1,onion,White grub,1,1.0,accepted
1399,1,tur,Helicoverpa armigera,1,1.0,accepted
140,1,cotton,Wilt,2,1.0,accepted
1402,1,gram,Tobacco caterpillar,1,1.0,accepted
1408,1,gram,Wilt,1,1.0,accepted
1409,1,gram,Wilt,1,1.0,accepted
1411,1,tur,Wilt,1,1.0,accepted
1415,1,gram,Helicoverpa armigera,1,1.0,accepted
1416,1,gram,Wilt,1,1.0,accepted
1417,1,gram,Wilt,1,1.0,accepted
1419,1,gram,Wilt,1,1.0,accepted
1430,1,tur,Helicoverpa armigera,1,1.0,accepted
1435,1,cotton,Whitefly,1,1.0,accepted
1438,1,cotton,Wilt,2,1.0,accepted
1440,1,soybean,Whitefly,1,1.0,accepted
1443,1,cotton,Thrips,1,1.0,accepted
1444,1,cotton,Thrips,1,1.0,accepted
1445,1,cotton,Wilt,1,1.0,accepted
1447,1,cotton,Aphid,1,1.0,accepted
1450,1,cotton,Wilt,2,1.0,accepted
1457,1,cotton,Aphid,1,1.0,accepted
1458,1,cotton,Wilt,2,1.0,accepted
1460,1,cotton,Aphid,2,1.0,accepted
1461,1,cotton,Aphid,1,1.0,accepted
1462,1,soybean,Tobacco caterpillar,1,1.0,accepted
1463,1,cotton,Jassid,1,1.0,accepted
1465,1,cotton,Aphid,1,1.0,accepted
147,1,tomato,Fruit rot,1,1.0,accepted
1471,1,cotton,Root rot,2,1.0,accepted
1473,1,cotton,Thrips,1,1.0,accepted
1476,1,soybean,Girdle beetle,1,1.0,accepted
1486,1,cotton,Pink bollworm,1,1.0,accepted
149,1,cotton,Wilt,1,1.0,accepted
15,1,soybean,Root rot,2,1.0,accepted
150,1,cotton,Red spider mite,1,1.0,accepted
1501,1,cotton,Leaf spot (unspecified),1,1.0,accepted
1502,1,cotton,Wilt,1,1.0,accepted
1512,1,soybean,Tobacco caterpillar,1,1.0,accepted
1520,1,tomato,Early blight,1,1.0,accepted
1522,1,tur,Helicoverpa armigera,1,1.0,accepted
1530,1,cotton,Aphid,1,1.0,accepted
1532,1,tomato,Fruit rot,1,1.0,accepted
1537,1,cotton,Pink bollworm,1,1.0,accepted
1539,1,soybean,Tobacco caterpillar,1,1.0,accepted
1541,1,tur,Wilt,1,1.0,accepted
1545,1,soybean,Whitefly,1,1.0,accepted
1547,1,soybean,Tobacco caterpillar,1,1.0,accepted
1548,1,soybean,Girdle beetle,1,1.0,accepted
1550,1,cotton,Mealybug,1,1.0,accepted
1556,1,cotton,Tobacco caterpillar,1,1.0,accepted
1557,1,soybean,Aphid,1,1.0,accepted
156,1,cotton,Jassid,1,1.0,accepted
1561,1,cotton,Aphid,1,1.0,accepted
1566,1,cotton,Wilt,1,1.0,accepted
1572,1,gram,Wilt,1,1.0,accepted
16,1,cotton,Thrips,1,1.0,accepted
1603,1,gram,Wilt,1,1.0,accepted
1609,1,soybean,Girdle beetle,1,1.0,accepted
1613,1,gram,Termite,2,1.0,accepted
1616,1,tur,Helicoverpa armigera,1,1.0,accepted
162,1,cotton,Root rot,1,1.0,accepted
1624,1,cotton,Whitefly,1,1.0,accepted
1625,1,cotton,Whitefly,1,1.0,accepted
1629,1,cotton,Aphid,1,1.0,accepted
1635,1,tomato,Whitefly,1,1.0,accepted
1639,1,cotton,Red spider mite,1,1.0,accepted
1640,1,cotton,Mealybug,1,1.0,accepted
1642,1,soybean,Termite,2,1.0,accepted
1644,1,soybean,Helicoverpa armigera,1,1.0,accepted
1647,1,cotton,Mealybug,1,1.0,accepted
1656,1,tomato,Whitefly,1,1.0,accepted
1658,1,cotton,Mealybug,1,1.0,accepted
1660,1,soybean,Girdle beetle,1,1.0,accepted
1662,1,cotton,Bollworm complex,2,1.0,accepted
1670,1,cotton,Whitefly,1,1.0,accepted
1675,1,cotton,Aphid,1,1.0,accepted
1676,1,cotton,Jassid,1,1.0,accepted
1685,1,cotton,Aphid,1,1.0,accepted
1688,1,onion,Thrips,1,1.0,accepted
169,1,soybean,Rust,1,1.0,accepted
1692,1,tomato,Thrips,1,1.0,accepted
1698,1,cotton,Aphid,1,1.0,accepted
1705,1,gram,Wilt,1,1.0,accepted
173,1,soybean,Whitefly,2,1.0,accepted
1730,1,tomato,Leaf miner,1,1.0,accepted
1733,1,cotton,Jassid,1,1.0,accepted
174,1,cotton,Tobacco caterpillar,2,1.0,accepted
1741,1,tomato,Leaf spot (unspecified),1,1.0,accepted
1745,1,cotton,Red spider mite,2,1.0,accepted
1752,1,tomato,Fruit rot,2,1.0,accepted
1754,1,onion,Thrips,1,1.0,accepted
1757,1,gram,Tobacco caterpillar,1,1.0,accepted
1761,1,gram,Helicoverpa armigera,1,1.0,accepted
1762,1,onion,Damping off,2,1.0,accepted
1763,1,tomato,Thrips,1,1.0,accepted
1775,1,tomato,Leaf miner,1,1.0,accepted
178,1,soybean,Helicoverpa armigera,1,1.0,accepted
1787,1,gram,Tobacco caterpillar,1,1.0,accepted
180,1,cotton,Wilt,2,1.0,accepted
1808,1,tomato,Leaf spot (unspecified),2,1.0,accepted
1811,1,gram,Tobacco caterpillar,1,1.0,accepted
1812,1,tur,Helicoverpa armigera,1,1.0,accepted
1822,1,tur,Wilt,1,1.0,accepted
1824,1,tomato,Late blight,1,1.0,accepted
1825,1,cotton,Whitefly,1,1.0,accepted
1827,1,onion,White grub,1,1.0,accepted
1828,1,cotton,Pink bollworm,1,1.0,accepted
1830,1,cotton,Thrips,1,1.0,accepted
1833,1,cotton,Leaf spot (unspecified),1,1.0,accepted
1834,1,cotton,Bollworm complex,1,1.0,accepted
1838,1,tomato,Helicoverpa armigera,1,1.0,accepted
1839,1,tur,Spotted pod borer,1,1.0,accepted
1843,1,tur,Helicoverpa armigera,1,1.0,accepted
1851,1,cotton,Bacterial blight (cotton),1,1.0,accepted
1856,1,tomato,Wilt,1,1.0,accepted
1858,1,cotton,Leaf spot (unspecified),1,1.0,accepted
1866,1,cotton,Bollworm complex,1,1.0,accepted
1868,1,cotton,Whitefly,1,1.0,accepted
1870,1,tomato,Leaf spot (unspecified),1,1.0,accepted
1871,1,tur,Wilt,1,1.0,accepted
1877,1,cotton,Whitefly,1,1.0,accepted
1878,1,tomato,Helicoverpa armigera,1,1.0,accepted
188,1,tomato,Wilt,1,1.0,accepted
1886,1,cotton,Aphid,1,1.0,accepted
1887,1,tomato,Jassid,1,1.0,accepted
1890,1,cotton,Aphid,1,1.0,accepted
1891,1,cotton,Aphid,1,1.0,accepted
1893,1,cotton,Tobacco caterpillar,2,1.0,accepted
1895,1,soybean,Girdle beetle,1,1.0,accepted
1896,1,cotton,Aphid,1,1.0,accepted
1900,1,soybean,Tobacco caterpillar,1,1.0,accepted
1901,1,cotton,Mealybug,1,1.0,accepted
1903,1,soybean,Tobacco caterpillar,1,1.0,accepted
1909,1,cotton,Aphid,1,1.0,accepted
1913,1,cotton,Wilt,2,1.0,accepted
1914,1,soybean,Tobacco caterpillar,1,1.0,accepted
1915,1,soybean,Whitefly,1,1.0,accepted
1916,1,soybean,Tobacco caterpillar,1,1.0,accepted
1919,1,soybean,Girdle beetle,1,1.0,accepted
1920,1,soybean,Girdle beetle,1,1.0,accepted
1921,1,soybean,Girdle beetle,1,1.0,accepted
1922,1,cotton,Wilt,1,1.0,accepted
1925,1,tomato,Helicoverpa armigera,1,1.0,accepted
1930,1,cotton,Red spider mite,2,1.0,accepted
1934,1,soybean,Tobacco caterpillar,1,1.0,accepted
1937,1,cotton,Bollworm complex,1,1.0,accepted
1944,1,cotton,Aphid,1,1.0,accepted
1945,1,soybean,Whitefly,1,1.0,accepted
1946,1,pomegranate,Thrips,1,1.0,accepted
1950,1,cotton,Thrips,3,1.0,accepted
1953,1,onion,Thrips,1,1.0,accepted
1962,1,cotton,Wilt,1,1.0,accepted
1964,1,tomato,Early blight,1,1.0,accepted
1965,1,tomato,Fruit rot,1,1.0,accepted
197,1,cotton,Root rot,2,1.0,accepted
1974,1,cotton,Pink bollworm,2,1.0,accepted
1976,1,cotton,Whitefly,1,1.0,accepted
1979,1,cotton,Root rot,1,1.0,accepted
198,1,cotton,Jassid,1,1.0,accepted
1985,1,soybean,Whitefly,1,1.0,accepted
199,1,soybean,Tobacco caterpillar,1,1.0,accepted
1990,1,cotton,Aphid,1,1.0,accepted
1992,1,tur,Wilt,1,1.0,accepted
1994,1,cotton,Red spider mite,2,1.0,accepted
200,1,cotton,Bollworm complex,1,1.0,accepted
2000,1,tur,Helicoverpa armigera,1,1.0,accepted
2005,1,cotton,Mealybug,1,1.0,accepted
2008,1,cotton,Thrips,1,1.0,accepted
201,1,onion,Thrips,1,1.0,accepted
2010,1,cotton,Bacterial blight (cotton),1,1.0,accepted
202,1,gram,Wilt,1,1.0,accepted
2030,1,soybean,Jassid,3,0.8333,"rejected_after_retries: G6: claimed no pre-harvest interval applies to 'Thiamethoxam 30%WS (Seed treatment)', but CIB&RC does not say that (phi_raw='') — the interval is unknown, not absent; C4: did not escalate, but the answer for 'Jassid' on soybean needs it"
2035,1,tomato,Wilt,1,1.0,accepted
2040,1,cotton,Whitefly,1,1.0,accepted
2041,1,tomato,Wilt,1,1.0,accepted
2048,1,cotton,Aphid,1,1.0,accepted
2052,1,cotton,Whitefly,1,1.0,accepted
2053,1,cotton,Mealybug,1,1.0,accepted
2054,1,cotton,Leaf spot (unspecified),1,1.0,accepted
2057,1,cotton,Whitefly,1,1.0,accepted
2058,1,cotton,Leaf spot (unspecified),1,1.0,accepted
2063,1,tomato,Fruit rot,1,1.0,accepted
2066,1,cotton,Mealybug,1,1.0,accepted
2071,1,cotton,Mealybug,1,1.0,accepted
2075,1,cotton,Leaf spot (unspecified),2,1.0,accepted
2081,1,cotton,Mealybug,1,1.0,accepted
2082,1,tur,Helicoverpa armigera,1,1.0,accepted
2084,1,soybean,Helicoverpa armigera,1,1.0,accepted
2089,1,tomato,Wilt,2,1.0,accepted
2092,1,cotton,Bacterial blight (cotton),1,1.0,accepted
2093,1,cotton,Aphid,1,1.0,accepted
2098,1,cotton,Whitefly,1,1.0,accepted
2099,1,cotton,Mealybug,1,1.0,accepted
21,1,soybean,Whitefly,1,1.0,accepted
2104,1,cotton,Thrips,2,1.0,accepted
2107,1,soybean,Whitefly,1,1.0,accepted
2114,1,cotton,Wilt,2,1.0,accepted
2118,1,soybean,Whitefly,1,1.0,accepted
2120,1,cotton,Whitefly,1,1.0,accepted
2127,1,cotton,Thrips,1,1.0,accepted
2129,1,onion,White grub,1,1.0,accepted
2140,1,cotton,Thrips,1,1.0,accepted
2143,1,cotton,Leaf spot (unspecified),1,1.0,accepted
2145,1,cotton,Red spider mite,2,1.0,accepted
2148,1,cotton,Whitefly,1,1.0,accepted
2149,1,tomato,Leaf spot (unspecified),3,0.8889,"rejected_after_retries: C5: top cause 'Early leaf spot'; the query was about 'Leaf spot', which CIB&RC prints as ['Leaf spot', 'Late blight', 'Buckeye rot']"
2161,1,tomato,Thrips,1,1.0,accepted
2163,1,cotton,Mealybug,1,1.0,accepted
2167,1,cotton,Mealybug,1,1.0,accepted
2171,1,cotton,Jassid,1,1.0,accepted
2187,1,tomato,Whitefly,1,1.0,accepted
2189,1,cotton,Bacterial blight (cotton),1,1.0,accepted
2192,1,cotton,Thrips,1,1.0,accepted
2196,1,cotton,Thrips,1,1.0,accepted
2197,1,grape,Downy mildew,1,1.0,accepted
2202,1,tomato,Leaf miner,1,1.0,accepted
2214,1,cotton,Thrips,2,1.0,accepted
2215,1,pomegranate,Bacterial blight (pomegranate),1,1.0,accepted
2218,1,grape,Powdery mildew,1,1.0,accepted
2225,1,tomato,Wilt,1,1.0,accepted
2231,1,cotton,Whitefly,1,1.0,accepted
2247,1,gram,Helicoverpa armigera,1,1.0,accepted
2260,1,cotton,Mealybug,1,1.0,accepted
2261,1,cotton,Thrips,1,1.0,accepted
2264,1,cotton,Pink bollworm,1,1.0,accepted
2265,1,onion,Thrips,1,1.0,accepted
2268,1,gram,Wilt,1,1.0,accepted
2271,1,soybean,Helicoverpa armigera,1,1.0,accepted
2275,1,cotton,Wilt,2,1.0,accepted
2280,1,tomato,Whitefly,1,1.0,excluded: ambiguous ground truth: C1_dose — the CIB&RC rows this answer could refer to disagree
2281,1,cotton,Jassid,1,1.0,accepted
2282,1,cotton,Thrips,3,1.0,accepted
2286,1,cotton,Thrips,1,1.0,accepted
2296,1,tomato,Wilt,1,1.0,accepted
2299,1,onion,Downy mildew,1,1.0,accepted
2301,1,tomato,Red spider mite,1,1.0,accepted
2302,1,soybean,Red spider mite,1,1.0,accepted
2307,1,soybean,Rust,1,1.0,accepted
231,1,cotton,Tobacco caterpillar,2,1.0,accepted
2310,1,cotton,Bacterial blight (cotton),1,1.0,accepted
2311,1,cotton,Wilt,2,1.0,accepted
2313,1,soybean,Aphid,1,1.0,accepted
2315,1,cotton,Wilt,1,1.0,accepted
2321,1,cotton,Whitefly,1,1.0,accepted
2322,1,cotton,Whitefly,1,1.0,accepted
2327,1,cotton,Whitefly,1,1.0,accepted
2329,1,soybean,Red spider mite,1,1.0,accepted
233,1,soybean,Girdle beetle,1,1.0,accepted
2332,1,cotton,Whitefly,1,1.0,accepted
2338,1,tur,Wilt,1,1.0,accepted
2339,1,cotton,Red cotton bug,1,1.0,accepted
235,1,soybean,Girdle beetle,1,1.0,accepted
2351,1,onion,Thrips,1,1.0,accepted
2352,1,tomato,Wilt,1,1.0,accepted
2353,1,cotton,Red spider mite,2,1.0,accepted
2355,1,gram,Wilt,1,1.0,accepted
237,1,tomato,Thrips,1,1.0,accepted
2370,1,tomato,Early blight,1,1.0,accepted
2373,1,tomato,Wilt,1,1.0,accepted
2380,1,onion,Thrips,1,1.0,accepted
2387,1,soybean,Helicoverpa armigera,1,1.0,accepted
2388,1,cotton,Red spider mite,1,1.0,accepted
2406,1,cotton,Thrips,1,1.0,accepted
2418,1,cotton,Mealybug,1,1.0,accepted
2420,1,cotton,Red spider mite,1,1.0,accepted
2431,1,soybean,White grub,2,1.0,accepted
2436,1,cotton,Aphid,1,1.0,accepted
2439,1,tomato,Tobacco caterpillar,1,1.0,accepted
2450,1,cotton,Alternaria leaf spot,1,1.0,accepted
2452,1,cotton,Red spider mite,1,1.0,accepted
2457,1,tomato,Tobacco caterpillar,1,1.0,accepted
2458,1,tomato,Helicoverpa armigera,1,1.0,accepted
2463,1,cotton,Tobacco caterpillar,1,1.0,accepted
247,1,soybean,Stem fly,1,1.0,accepted
2470,1,tomato,Jassid,1,1.0,accepted
2472,1,tomato,Jassid,1,1.0,accepted
2483,1,cotton,Mealybug,1,1.0,accepted
249,1,cotton,Mealybug,1,1.0,accepted
2494,1,cotton,Mealybug,1,1.0,accepted
2503,1,soybean,Tobacco caterpillar,1,1.0,accepted
2504,1,soybean,Girdle beetle,1,1.0,accepted
2508,1,cotton,Jassid,1,1.0,accepted
2516,1,pomegranate,Aphid,1,1.0,accepted
2518,1,grape,Thrips,1,1.0,accepted
2519,1,cotton,Thrips,1,1.0,accepted
2534,1,cotton,Aphid,1,1.0,accepted
2535,1,tomato,Early blight,1,1.0,accepted
254,1,soybean,Helicoverpa armigera,1,1.0,accepted
2543,1,soybean,Helicoverpa armigera,1,1.0,accepted
2552,1,tomato,Leaf miner,1,1.0,accepted
2553,1,tur,Wilt,1,1.0,accepted
2554,1,tomato,Leaf miner,1,1.0,accepted
2557,1,gram,Helicoverpa armigera,1,1.0,accepted
256,1,tur,Wilt,1,1.0,accepted
2561,1,grape,Powdery mildew,2,1.0,accepted
2563,1,gram,Helicoverpa armigera,1,1.0,accepted
2567,1,cotton,Pink bollworm,1,1.0,accepted
2568,1,grape,Powdery mildew,1,1.0,accepted
257,1,cotton,Helicoverpa armigera,3,0.9,"rejected_after_retries: C5: top cause 'Pink bollworm'; the query was about 'fruit borer', which CIB&RC prints as ['Jassid', 'Aphids', 'thrips']"
2575,1,pomegranate,Thrips,1,1.0,accepted
2576,1,onion,Thrips,1,1.0,accepted
2582,1,tomato,Whitefly,1,1.0,accepted
2585,1,tomato,Helicoverpa armigera,1,1.0,accepted
2595,1,onion,Thrips,1,1.0,accepted
2596,1,tomato,Leaf spot (unspecified),1,1.0,accepted
2598,1,soybean,Helicoverpa armigera,1,1.0,accepted
26,1,soybean,Stem fly,1,0.8889,"excluded: ambiguous ground truth: C1_dose, C2_phi — the CIB&RC rows this answer could refer to disagree"
2600,1,tomato,Helicoverpa armigera,1,1.0,accepted
2602,1,tur,Root rot,1,1.0,accepted
2603,1,soybean,Aphid,1,1.0,accepted
2612,1,onion,Thrips,1,1.0,accepted
2613,1,gram,Termite,2,1.0,accepted
2615,1,tomato,Damping off,2,1.0,accepted
2617,1,cotton,Root rot,2,1.0,accepted
262,1,soybean,Jassid,1,1.0,accepted
2620,1,soybean,Tobacco caterpillar,1,1.0,accepted
2623,1,tomato,Leaf miner,1,1.0,accepted
2624,1,tur,Wilt,1,1.0,accepted
2627,1,grape,Downy mildew,1,1.0,accepted
2630,1,soybean,Helicoverpa armigera,1,1.0,accepted
2634,1,cotton,Aphid,1,1.0,accepted
2636,1,tomato,Buckeye rot,3,0.0,rejected_after_retries: G1: output is not JSON (Expecting value: line 1 column 1 (char 0))
264,1,soybean,Tobacco caterpillar,1,1.0,accepted
2640,1,soybean,Helicoverpa armigera,1,1.0,accepted
2642,1,cotton,Whitefly,1,1.0,accepted
2645,1,cotton,Leaf spot (unspecified),1,1.0,accepted
2646,1,soybean,Tobacco caterpillar,1,1.0,accepted
2649,1,tomato,Thrips,1,1.0,accepted
2651,1,tomato,Aphid,1,1.0,accepted
2652,1,soybean,Aphid,1,1.0,accepted
2653,1,tomato,Jassid,1,1.0,accepted
2660,1,grape,Powdery mildew,1,1.0,accepted
2662,1,cotton,Wilt,2,1.0,accepted
2664,1,soybean,Semilooper,1,1.0,accepted
2667,1,cotton,Jassid,1,1.0,accepted
2679,1,tomato,Thrips,1,1.0,accepted
2681,1,cotton,Whitefly,1,1.0,accepted
2683,1,tomato,Whitefly,1,1.0,accepted
2685,1,soybean,Termite,2,1.0,accepted
2686,1,cotton,Aphid,1,1.0,accepted
2688,1,cotton,Jassid,1,1.0,accepted
2689,1,tur,Helicoverpa armigera,1,1.0,accepted
2691,1,gram,Termite,2,1.0,accepted
2693,1,tomato,Late blight,1,1.0,accepted
2694,1,cotton,Thrips,1,1.0,accepted
2698,1,tur,Wilt,1,1.0,accepted
2702,1,cotton,Root rot,3,1.0,accepted
2703,1,soybean,Collar rot,1,1.0,accepted
2705,1,soybean,Jassid,1,1.0,accepted
2708,1,gram,Wilt,3,0.6,"rejected_after_retries: C6: non_chemical_first is empty, but CIB&RC lists a biological option for 'Wilt'"
2715,1,tur,Helicoverpa armigera,1,1.0,accepted
2719,1,cotton,Thrips,1,1.0,accepted
2720,1,soybean,Girdle beetle,1,1.0,accepted
2722,1,cotton,Root rot,3,1.0,accepted
2723,1,cotton,Whitefly,1,1.0,accepted
2724,1,cotton,Whitefly,1,1.0,accepted
2725,1,soybean,Whitefly,3,1.0,accepted
2727,1,tomato,Whitefly,1,1.0,accepted
2729,1,tur,Jassid,1,1.0,accepted
2731,1,tur,Wilt,1,1.0,accepted
2734,1,cotton,Jassid,1,1.0,accepted
2739,1,cotton,Whitefly,1,1.0,accepted
2740,1,cotton,Aphid,1,1.0,accepted
2742,1,tomato,Whitefly,1,1.0,excluded: ambiguous ground truth: C1_dose — the CIB&RC rows this answer could refer to disagree
2744,1,cotton,Aphid,1,1.0,accepted
2745,1,cotton,Whitefly,1,1.0,accepted
2751,1,onion,White grub,1,1.0,accepted
2752,1,tomato,Jassid,1,1.0,accepted
2757,1,cotton,Jassid,1,1.0,accepted
2760,1,soybean,Girdle beetle,1,1.0,accepted
2761,1,cotton,Wilt,1,1.0,accepted
2765,1,tomato,Whitefly,1,1.0,accepted
2773,1,cotton,Tobacco caterpillar,2,1.0,accepted
2780,1,cotton,Thrips,2,1.0,accepted
2782,1,cotton,Thrips,2,1.0,accepted
2783,1,soybean,Tobacco caterpillar,1,1.0,accepted
2784,1,tur,Wilt,1,1.0,accepted
2786,1,soybean,Tobacco caterpillar,1,1.0,accepted
2790,1,cotton,Cutworm,1,1.0,accepted
2799,1,cotton,Root rot,2,1.0,accepted
280,1,cotton,Helicoverpa armigera,3,0.9,"rejected_after_retries: C5: top cause 'Pink bollworm'; the query was about 'fruit borer', which CIB&RC prints as ['Jassid', 'Aphids', 'thrips']"
2800,1,tur,Helicoverpa armigera,1,1.0,accepted
2801,1,cotton,Tobacco caterpillar,3,1.0,accepted
2802,1,tomato,Whitefly,1,1.0,accepted
2803,1,cotton,Thrips,2,1.0,accepted
2805,1,tomato,Wilt,1,1.0,accepted
2807,1,soybean,Whitefly,1,1.0,accepted
2809,1,pomegranate,Pomegranate fruit borer,1,1.0,accepted
281,1,soybean,Helicoverpa armigera,1,1.0,accepted
2819,1,soybean,Termite,2,1.0,accepted
282,1,cotton,Jassid,1,1.0,accepted
2823,1,cotton,Red spider mite,1,1.0,accepted
2824,1,cotton,Whitefly,1,1.0,accepted
2828,1,soybean,Termite,2,1.0,accepted
2832,1,tomato,Early blight,1,1.0,accepted
2840,1,cotton,Aphid,1,1.0,accepted
2843,1,cotton,Wilt,1,1.0,accepted
2846,1,tomato,Helicoverpa armigera,1,1.0,accepted
2847,1,soybean,Semilooper,1,1.0,accepted
2853,1,soybean,Root rot,3,0.0,rejected_after_retries: G1: output is not JSON (Expecting value: line 1 column 1 (char 0))
2858,1,soybean,Aphid,1,1.0,accepted
2859,1,cotton,Jassid,1,1.0,accepted
2866,1,soybean,Whitefly,1,1.0,accepted
2872,1,tomato,Aphid,1,1.0,accepted
2873,1,onion,Thrips,1,1.0,accepted
2875,1,cotton,Root rot,2,1.0,accepted
2876,1,cotton,Jassid,1,1.0,accepted
2877,1,cotton,Tobacco caterpillar,1,1.0,accepted
2880,1,tomato,Wilt,3,1.0,accepted
2883,1,cotton,Aphid,1,1.0,accepted
2884,1,tur,Root rot,1,1.0,accepted
2885,1,soybean,Aphid,1,1.0,accepted
2889,1,soybean,Whitefly,2,1.0,accepted
2893,1,cotton,Pink bollworm,1,1.0,accepted
2895,1,soybean,Stem fly,1,1.0,accepted
290,1,cotton,Thrips,1,1.0,accepted
2900,1,tur,Wilt,1,1.0,accepted
2901,1,cotton,Thrips,3,0.0,rejected_after_retries: G5: no CIB&RC claim for 'Spinetorm 11.70 %SC' on cotton / 'thrips'
2903,1,cotton,Leaf spot (unspecified),1,1.0,accepted
2905,1,cotton,Jassid,1,1.0,accepted
2909,1,cotton,Aphid,1,1.0,accepted
291,1,soybean,Whitefly,2,1.0,accepted
2911,1,cotton,Whitefly,1,1.0,accepted
2921,1,onion,Thrips,1,1.0,accepted
2923,1,tomato,Leaf miner,1,1.0,accepted
2930,1,tomato,Helicoverpa armigera,1,1.0,accepted
294,1,cotton,Pink bollworm,2,1.0,accepted
2945,1,tomato,Red spider mite,2,1.0,accepted
295,1,cotton,Pink bollworm,1,1.0,accepted
2950,1,gram,Helicoverpa armigera,1,1.0,accepted
2953,1,cotton,Wilt,2,1.0,accepted
2955,1,onion,Thrips,1,1.0,accepted
296,1,soybean,Whitefly,1,1.0,accepted
2965,1,cotton,Bacterial blight (cotton),1,1.0,accepted
2968,1,onion,Thrips,1,1.0,accepted
2973,1,onion,Thrips,1,1.0,accepted
2975,1,onion,Thrips,1,1.0,accepted
2983,1,tomato,Whitefly,1,1.0,excluded: ambiguous ground truth: C1_dose — the CIB&RC rows this answer could refer to disagree
2985,1,tomato,Wilt,1,1.0,accepted
2991,1,soybean,Stem fly,1,0.0,"excluded: ambiguous ground truth: C1_dose, C2_phi — the CIB&RC rows this answer could refer to disagree"
3,1,gram,Wilt,1,1.0,accepted
3001,1,cotton,Wilt,2,1.0,accepted
3002,1,tomato,Early blight,1,0.9,excluded: ambiguous ground truth: C2_phi — the CIB&RC rows this answer could refer to disagree
3008,1,cotton,Wilt,1,1.0,accepted
301,1,cotton,Thrips,1,1.0,accepted
3012,1,cotton,Thrips,1,1.0,accepted
3015,1,cotton,Leaf spot (unspecified),2,1.0,accepted
3020,1,soybean,Girdle beetle,1,1.0,accepted
3021,1,cotton,Thrips,1,1.0,accepted
3023,1,cotton,Whitefly,1,1.0,accepted
3025,1,soybean,Semilooper,1,1.0,accepted
3029,1,cotton,Whitefly,1,1.0,accepted
303,1,tomato,Fruit rot,1,1.0,accepted
3031,1,cotton,Thrips,1,1.0,accepted
3032,1,soybean,Girdle beetle,1,1.0,accepted
3039,1,gram,Tobacco caterpillar,1,1.0,accepted
3040,1,tomato,Helicoverpa armigera,1,1.0,accepted
3042,1,tomato,Leaf miner,1,1.0,accepted
3049,1,pomegranate,Whitefly,1,1.0,accepted
305,1,cotton,Thrips,1,1.0,accepted
3054,1,tomato,Helicoverpa armigera,1,1.0,accepted
306,1,tomato,Early blight,1,1.0,accepted
3060,1,tomato,Helicoverpa armigera,1,1.0,accepted
3061,1,pomegranate,Aphid,1,1.0,accepted
3064,1,tur,Helicoverpa armigera,2,1.0,accepted
308,1,soybean,Helicoverpa armigera,1,1.0,accepted
3083,1,onion,Thrips,1,1.0,accepted
3084,1,tomato,Jassid,1,1.0,accepted
3085,1,pomegranate,Bacterial blight (pomegranate),1,1.0,accepted
3086,1,pomegranate,Pomegranate fruit borer,1,1.0,accepted
3091,1,tur,Helicoverpa armigera,1,1.0,accepted
3096,1,pomegranate,Whitefly,1,1.0,accepted
3105,1,gram,Wilt,1,1.0,accepted
3107,1,onion,Thrips,1,1.0,accepted
3114,1,gram,Helicoverpa armigera,1,1.0,accepted
3115,1,tur,Wilt,1,1.0,accepted
3122,1,tomato,Leaf miner,1,1.0,accepted
3125,1,gram,Helicoverpa armigera,1,1.0,accepted
3129,1,cotton,Leaf spot (unspecified),1,1.0,accepted
3133,1,pomegranate,Pomegranate fruit borer,1,1.0,accepted
3134,1,tomato,Buckeye rot,3,0.8889,"rejected_after_retries: C5: top cause 'Early blight'; the query was about 'Buck eye rot', which CIB&RC prints as ['Late blight', 'Buckeye rot', 'Leaf spot']"
3143,1,onion,Thrips,1,1.0,accepted
3145,1,onion,Thrips,1,1.0,accepted
3147,1,gram,Helicoverpa armigera,1,1.0,accepted
3148,1,onion,Thrips,1,1.0,accepted
3156,1,gram,Wilt,1,1.0,accepted
3157,1,tomato,Leaf miner,1,1.0,accepted
3159,1,cotton,Pink bollworm,1,1.0,accepted
3170,1,tomato,Helicoverpa armigera,1,1.0,accepted
3171,1,tomato,Leaf miner,1,1.0,accepted
3175,1,tomato,Leaf miner,1,1.0,accepted
3177,1,tomato,Helicoverpa armigera,1,1.0,accepted
3183,1,pomegranate,Bacterial blight (pomegranate),1,1.0,accepted
3189,1,tomato,Red spider mite,2,1.0,accepted
319,1,tur,Helicoverpa armigera,1,1.0,accepted
3194,1,cotton,Mealybug,1,1.0,accepted
3202,1,tomato,Wilt,1,1.0,accepted
3209,1,onion,Thrips,1,1.0,accepted
3215,1,tomato,Helicoverpa armigera,1,1.0,accepted
3232,1,cotton,Whitefly,1,1.0,accepted
325,1,onion,Thrips,1,1.0,accepted
3250,1,soybean,Red spider mite,1,1.0,accepted
3254,1,cotton,Wilt,2,1.0,accepted
3255,1,cotton,Thrips,1,1.0,accepted
3257,1,cotton,Red cotton bug,1,1.0,accepted
3258,1,cotton,Thrips,1,1.0,accepted
3259,1,cotton,Root rot,3,1.0,accepted
3260,1,cotton,Thrips,1,1.0,accepted
3261,1,cotton,Whitefly,1,1.0,accepted
3262,1,tur,Helicoverpa armigera,1,1.0,accepted
3263,1,cotton,Aphid,1,1.0,accepted
3268,1,onion,White grub,1,1.0,accepted
327,1,cotton,Thrips,1,1.0,accepted
3270,1,pomegranate,Pomegranate fruit borer,1,1.0,accepted
3271,1,soybean,Termite,2,1.0,accepted
3276,1,onion,Thrips,1,1.0,accepted
3277,1,onion,Thrips,1,1.0,accepted
3279,1,tomato,Helicoverpa armigera,1,1.0,accepted
3283,1,cotton,Red spider mite,2,1.0,accepted
3287,1,cotton,Tobacco caterpillar,1,1.0,accepted
3291,1,pomegranate,Leaf spot (unspecified),1,1.0,accepted
33,1,cotton,Red spider mite,2,1.0,accepted
3301,1,cotton,Jassid,1,1.0,accepted
3310,1,tomato,Red spider mite,2,1.0,accepted
3313,1,gram,Wilt,1,1.0,accepted
3314,1,gram,Helicoverpa armigera,1,1.0,accepted
3315,1,onion,Thrips,1,1.0,accepted
3319,1,cotton,Helicoverpa armigera,1,1.0,accepted
332,1,cotton,Pink bollworm,1,1.0,accepted
3334,1,cotton,Leaf spot (unspecified),1,1.0,accepted
3341,1,tomato,Whitefly,1,1.0,excluded: ambiguous ground truth: C1_dose — the CIB&RC rows this answer could refer to disagree
3342,1,tomato,Whitefly,1,1.0,excluded: ambiguous ground truth: C1_dose — the CIB&RC rows this answer could refer to disagree
3343,1,cotton,Leaf spot (unspecified),3,0.8889,"rejected_after_retries: C5: top cause 'Angular leaf spot'; the query was about 'leaf spot', which CIB&RC prints as ['leaf spot', 'Grey mildew', 'Leaf spots']"
3345,1,cotton,Helicoverpa armigera,3,0.9,"rejected_after_retries: C5: top cause 'Pink bollworm'; the query was about 'fruit borer', which CIB&RC prints as ['Jassid', 'Aphids', 'thrips']"
3348,1,cotton,Wilt,2,1.0,accepted
3352,1,cotton,Leaf spot (unspecified),2,1.0,accepted
3357,1,tomato,Aphid,1,1.0,accepted
3360,1,cotton,Bollworm complex,2,1.0,accepted
3362,1,tomato,Whitefly,1,1.0,accepted
3366,1,cotton,Jassid,1,1.0,accepted
3369,1,gram,Wilt,1,1.0,accepted
3371,1,cotton,Mealybug,1,1.0,accepted
3373,1,gram,Dry root rot,3,0.8889,"rejected_after_retries: C5: top cause 'Wilt'; the query was about 'Dry Root rot', which CIB&RC prints as ['Dry Root rot', 'Collar rot']"
3374,1,tur,Wilt,1,1.0,accepted
3376,1,gram,Tobacco caterpillar,2,1.0,accepted
3378,1,onion,Thrips,1,1.0,accepted
3381,1,gram,Tobacco caterpillar,1,1.0,accepted
3382,1,cotton,Whitefly,1,1.0,accepted
3387,1,pomegranate,Leaf spot (unspecified),1,1.0,accepted
3391,1,cotton,Thrips,1,1.0,accepted
3392,1,cotton,Wilt,1,1.0,accepted
3397,1,cotton,Mealybug,1,1.0,accepted
34,1,cotton,Whitefly,1,1.0,accepted
3408,1,pomegranate,Whitefly,1,1.0,accepted
3412,1,gram,Helicoverpa armigera,1,1.0,accepted
3413,1,gram,Wilt,1,1.0,accepted
3416,1,pomegranate,Bacterial blight (pomegranate),1,1.0,accepted
3417,1,gram,Wilt,1,1.0,accepted
3418,1,tomato,Leaf miner,1,1.0,accepted
3431,1,tomato,Leaf spot (unspecified),1,1.0,accepted
3433,1,tomato,Red spider mite,2,1.0,accepted
3440,1,onion,Thrips,1,1.0,accepted
3442,1,onion,Purple blotch,1,1.0,accepted
345,1,soybean,Tobacco caterpillar,1,1.0,accepted
3454,1,onion,Thrips,3,0.0,rejected_after_retries: G1: output is not JSON (Extra data: line 12 column 1 (char 208))
3457,1,tur,Helicoverpa armigera,1,1.0,accepted
3458,1,pomegranate,Thrips,1,1.0,accepted
3461,1,gram,Helicoverpa armigera,1,1.0,accepted
3472,1,onion,Thrips,1,1.0,accepted
3474,1,onion,Purple blotch,1,1.0,accepted
3475,1,tomato,Leaf miner,1,1.0,accepted
3489,1,gram,Dry root rot,1,1.0,accepted
3494,1,gram,Helicoverpa armigera,1,1.0,accepted
3495,1,tomato,Leaf miner,1,1.0,accepted
350,1,tomato,Early blight,1,0.9,excluded: ambiguous ground truth: C2_phi — the CIB&RC rows this answer could refer to disagree
3501,1,onion,Thrips,3,0.6,"rejected_after_retries: C6: non_chemical_first is empty, but CIB&RC lists a biological option for 'Thrips'"
3508,1,gram,Helicoverpa armigera,1,1.0,accepted
3510,1,tomato,Wilt,1,1.0,accepted
3512,1,tur,Wilt,1,1.0,accepted
3518,1,grape,Mealybug,1,1.0,"excluded: ambiguous ground truth: C1_dose, C2_phi — the CIB&RC rows this answer could refer to disagree"
352,1,onion,Thrips,1,1.0,accepted
3521,1,gram,Wilt,1,1.0,accepted
3525,1,onion,Thrips,1,1.0,accepted
3526,1,onion,Purple blotch,1,1.0,accepted
3533,1,gram,Helicoverpa armigera,1,1.0,accepted
3539,1,gram,Helicoverpa armigera,1,1.0,accepted
3543,1,gram,Wilt,1,1.0,accepted
3550,1,onion,Thrips,1,1.0,accepted
3557,1,tomato,Leaf miner,1,1.0,accepted
3561,1,gram,Helicoverpa armigera,1,1.0,accepted
3563,1,pomegranate,Aphid,1,1.0,accepted
3576,1,gram,Helicoverpa armigera,1,1.0,accepted
3579,1,cotton,Jassid,1,1.0,accepted
3593,1,onion,Thrips,1,1.0,accepted
3595,1,tomato,Helicoverpa armigera,1,1.0,accepted
3596,1,onion,Thrips,1,1.0,accepted
360,1,cotton,Red spider mite,2,1.0,accepted
3601,1,tomato,Fruit rot,1,1.0,accepted
3606,1,cotton,Cutworm,1,1.0,accepted
3608,1,gram,Tobacco caterpillar,1,1.0,accepted
3613,1,gram,Wilt,1,1.0,accepted
3617,1,tomato,Leaf miner,1,1.0,accepted
3624,1,grape,Mealybug,1,1.0,"excluded: ambiguous ground truth: C1_dose, C2_phi — the CIB&RC rows this answer could refer to disagree"
3627,1,pomegranate,Whitefly,1,1.0,accepted
3629,1,grape,Thrips,1,1.0,accepted
3630,1,tomato,Whitefly,1,1.0,accepted
3631,1,gram,Helicoverpa armigera,1,1.0,accepted
3632,1,tomato,Leaf spot (unspecified),1,1.0,accepted
3634,1,tomato,Whitefly,1,1.0,accepted
3636,1,tomato,Fruit rot,1,1.0,accepted
3637,1,gram,Wilt,1,1.0,accepted
3640,1,onion,Thrips,1,1.0,accepted
3642,1,gram,Semilooper,1,1.0,accepted
3658,1,onion,Thrips,1,1.0,accepted
3663,1,gram,Tobacco caterpillar,1,1.0,accepted
3664,1,gram,Wilt,1,1.0,accepted
3665,1,onion,Thrips,1,1.0,accepted
3666,1,gram,Helicoverpa armigera,1,1.0,accepted
3667,1,cotton,Pink bollworm,1,1.0,accepted
3668,1,cotton,Whitefly,1,1.0,accepted
3670,1,cotton,Aphid,1,1.0,accepted
3677,1,cotton,Jassid,1,1.0,accepted
3678,1,tur,Wilt,1,1.0,accepted
3679,1,tur,Jassid,1,1.0,accepted
368,1,cotton,Whitefly,1,1.0,accepted
3683,1,tomato,Wilt,1,1.0,accepted
3688,1,gram,Tobacco caterpillar,1,1.0,accepted
3691,1,cotton,Pink bollworm,1,1.0,accepted
3692,1,tur,Helicoverpa armigera,1,1.0,accepted
3694,1,gram,Helicoverpa armigera,1,1.0,accepted
3696,1,onion,Thrips,1,1.0,accepted
3697,1,tomato,Jassid,1,1.0,accepted
3701,1,cotton,Pink bollworm,1,1.0,accepted
3703,1,gram,Semilooper,1,1.0,accepted
3704,1,grape,Powdery mildew,1,1.0,accepted
3708,1,cotton,Pink bollworm,1,1.0,accepted
3713,1,grape,Downy mildew,1,1.0,accepted
3715,1,cotton,Pink bollworm,1,0.9,excluded: ambiguous ground truth: C1_dose — the CIB&RC rows this answer could refer to disagree
3718,1,gram,Helicoverpa armigera,1,1.0,accepted
3720,1,tomato,Leaf miner,1,1.0,accepted
3727,1,gram,Helicoverpa armigera,1,1.0,accepted
3728,1,tur,Helicoverpa armigera,1,1.0,accepted
3736,1,tur,Wilt,1,1.0,accepted
3743,1,cotton,Wilt,1,1.0,accepted
3746,1,cotton,Whitefly,1,1.0,accepted
3747,1,cotton,Thrips,1,1.0,accepted
3751,1,gram,Helicoverpa armigera,1,1.0,accepted
3753,1,cotton,Pink bollworm,1,1.0,accepted
3765,1,soybean,Tobacco caterpillar,1,1.0,accepted
3767,1,pomegranate,Pomegranate fruit borer,1,1.0,accepted
3770,1,cotton,Jassid,1,1.0,accepted
3771,1,cotton,Thrips,2,1.0,accepted
3774,1,cotton,Mealybug,1,1.0,accepted
378,1,cotton,Aphid,2,1.0,accepted
3786,1,gram,Cutworm,1,1.0,accepted
3789,1,gram,Tobacco caterpillar,1,1.0,accepted
3794,1,tur,Wilt,1,1.0,accepted
3795,1,cotton,Helicoverpa armigera,3,1.0,accepted
38,1,soybean,White grub,2,1.0,accepted
3804,1,cotton,Thrips,1,1.0,accepted
3805,1,cotton,Whitefly,1,1.0,accepted
3806,1,pomegranate,Bacterial blight (pomegranate),1,1.0,accepted
3812,1,pomegranate,Bacterial blight (pomegranate),1,1.0,accepted
3813,1,cotton,Pink bollworm,1,1.0,accepted
3832,1,tur,Helicoverpa armigera,1,1.0,accepted
3833,1,cotton,Pink bollworm,1,1.0,accepted
3835,1,gram,Wilt,1,1.0,accepted
3836,1,tomato,Thrips,2,1.0,accepted
3848,1,gram,Wilt,1,1.0,accepted
3854,1,onion,Purple blotch,1,1.0,accepted
3856,1,soybean,Termite,2,1.0,accepted
3858,1,cotton,Red cotton bug,1,1.0,accepted
3863,1,cotton,Red spider mite,1,1.0,accepted
3867,1,cotton,Thrips,1,1.0,accepted
3868,1,cotton,Wilt,2,1.0,accepted
3871,1,gram,Wilt,1,1.0,accepted
3873,1,cotton,Whitefly,1,1.0,accepted
3874,1,cotton,Mealybug,1,1.0,accepted
388,1,soybean,Helicoverpa armigera,1,1.0,accepted
3883,1,pomegranate,Bacterial blight (pomegranate),1,1.0,accepted
3884,1,tur,Jassid,1,1.0,accepted
3886,1,gram,Wilt,1,1.0,accepted
3887,1,gram,Wilt,1,1.0,accepted
389,1,cotton,Red spider mite,2,1.0,accepted
3890,1,cotton,Whitefly,1,1.0,accepted
3899,1,pomegranate,Thrips,1,1.0,accepted
3905,1,cotton,Mealybug,1,1.0,accepted
3906,1,cotton,Bollworm complex,2,1.0,accepted
3908,1,cotton,Leaf spot (unspecified),2,1.0,accepted
3910,1,tomato,Leaf miner,1,1.0,accepted
3912,1,cotton,Whitefly,1,1.0,accepted
3914,1,cotton,Whitefly,1,1.0,accepted
3915,1,grape,Thrips,1,1.0,accepted
3920,1,cotton,Whitefly,1,1.0,accepted
3921,1,soybean,Whitefly,2,1.0,accepted
3922,1,tomato,Early blight,1,1.0,accepted
3923,1,onion,Thrips,1,1.0,accepted
3925,1,pomegranate,Leaf spot (unspecified),2,1.0,accepted
3929,1,cotton,Mealybug,1,1.0,accepted
3935,1,soybean,Red spider mite,2,1.0,accepted
3939,1,soybean,Anthracnose,1,1.0,accepted
3944,1,cotton,Grey mildew,2,1.0,accepted
3946,1,cotton,Jassid,1,1.0,accepted
3947,1,cotton,Thrips,1,1.0,accepted
3949,1,tur,Root rot,1,1.0,accepted
3953,1,tomato,Wilt,1,1.0,accepted
3955,1,soybean,Root rot,3,0.0,rejected_after_retries: G1: output is not JSON (Expecting value: line 1 column 1 (char 0))
3960,1,cotton,Aphid,1,1.0,accepted
3963,1,cotton,Jassid,2,1.0,accepted
3968,1,cotton,Whitefly,1,1.0,accepted
3971,1,cotton,Whitefly,1,1.0,accepted
3972,1,cotton,Jassid,1,1.0,accepted
3980,1,soybean,Whitefly,1,1.0,accepted
3983,1,onion,Thrips,1,1.0,accepted
3985,1,cotton,Red spider mite,2,1.0,accepted
3986,1,cotton,Whitefly,1,1.0,accepted
3988,1,cotton,Red spider mite,2,1.0,accepted
3989,1,cotton,Red spider mite,1,1.0,accepted
3991,1,cotton,Jassid,1,1.0,accepted
3994,1,cotton,Thrips,1,1.0,accepted
4002,1,cotton,Leaf spot (unspecified),2,1.0,accepted
4006,1,cotton,Wilt,2,1.0,accepted
401,1,cotton,Thrips,1,1.0,accepted
4010,1,cotton,Red spider mite,2,1.0,accepted
4014,1,cotton,Wilt,1,1.0,accepted
4021,1,soybean,Helicoverpa armigera,1,1.0,accepted
4022,1,cotton,Root rot,3,0.7778,"rejected_after_retries: C3: 'Carboxin37.5%+ Thiram37.5%WS' formulation 'WS (Wettable Powder for Seed Treatment)'; CIB&RC registers ['Carboxin37.5%+ Thiram37.5%WS']; C3: 'Tetraconazole 11.6% w/w (12.5% w/v) SL' formulation 'SL (Soluble Liquid)'; CIB&RC registers ['Tetraconazole 11.6% w/w (12.5% w/v) SL']; C5: top cause 'Wilt'; the query was about 'Root rot', which CIB&RC prints as ['Root rot', 'Bacterial bight', 'Fungal wilt']"
4023,1,pomegranate,Pomegranate fruit borer,1,1.0,accepted
4025,1,soybean,Helicoverpa armigera,1,1.0,accepted
4026,1,soybean,Tobacco caterpillar,1,0.925,"excluded: ambiguous ground truth: C1_dose, C2_phi — the CIB&RC rows this answer could refer to disagree"
4027,1,cotton,Whitefly,1,1.0,accepted
403,1,cotton,Grey mildew,1,1.0,accepted
4030,1,cotton,Thrips,1,1.0,accepted
4034,1,cotton,Thrips,1,1.0,accepted
404,1,soybean,Tobacco caterpillar,1,1.0,accepted
4041,1,cotton,Root rot,2,1.0,accepted
4048,1,cotton,Wilt,1,1.0,accepted
4050,1,pomegranate,Whitefly,1,1.0,accepted
4051,1,grape,Downy mildew,1,1.0,accepted
4052,1,cotton,Jassid,1,1.0,accepted
4059,1,cotton,Red spider mite,2,1.0,accepted
4071,1,soybean,Aphid,1,1.0,accepted
4073,1,cotton,Whitefly,1,1.0,accepted
4074,1,tomato,Whitefly,1,1.0,excluded: ambiguous ground truth: C1_dose — the CIB&RC rows this answer could refer to disagree
4077,1,cotton,Whitefly,1,1.0,accepted
4084,1,cotton,Whitefly,1,1.0,accepted
409,1,tomato,Helicoverpa armigera,1,1.0,accepted
4090,1,soybean,Red spider mite,1,1.0,accepted
4091,1,cotton,Mealybug,1,1.0,accepted
4096,1,cotton,Thrips,1,1.0,accepted
410,1,cotton,Whitefly,1,1.0,accepted
4101,1,cotton,Whitefly,1,1.0,accepted
4108,1,tomato,Leaf miner,1,1.0,accepted
411,1,tomato,Anthracnose,1,1.0,accepted
4118,1,cotton,Whitefly,1,1.0,accepted
4121,1,soybean,Tobacco caterpillar,1,1.0,accepted
4122,1,cotton,Wilt,2,1.0,accepted
4128,1,soybean,Termite,2,1.0,accepted
4139,1,cotton,Bacterial blight (cotton),1,1.0,accepted
4143,1,soybean,Whitefly,1,1.0,accepted
4144,1,soybean,Tobacco caterpillar,1,1.0,accepted
4156,1,cotton,Thrips,3,0.0,rejected_after_retries: G5: no CIB&RC claim for 'Spinetorm 11.70 %SC' on cotton / 'thrips'
4157,1,soybean,Rust,1,1.0,accepted
4160,1,cotton,Bacterial blight (cotton),1,1.0,accepted
4168,1,cotton,Leaf spot (unspecified),3,0.0,rejected_after_retries: G1: output is not JSON (Expecting value: line 1 column 1 (char 0))
4169,1,gram,Root rot,1,1.0,accepted
417,1,tur,Wilt,1,1.0,accepted
4172,1,tomato,Leaf miner,1,1.0,accepted
419,1,cotton,Tobacco caterpillar,1,1.0,accepted
4192,1,cotton,Whitefly,1,1.0,accepted
4194,1,cotton,Jassid,1,1.0,accepted
4196,1,cotton,Root rot,2,1.0,accepted
4200,1,cotton,Wilt,1,1.0,accepted
4201,1,tomato,Leaf spot (unspecified),1,1.0,accepted
4206,1,tomato,Early blight,1,1.0,accepted
4214,1,tomato,Tobacco caterpillar,1,1.0,accepted
4220,1,gram,Wilt,2,1.0,accepted
4221,1,soybean,Root rot,3,0.0,rejected_after_retries: G1: output is not JSON (Expecting value: line 1 column 1 (char 0))
4227,1,cotton,Whitefly,1,1.0,accepted
4229,1,cotton,Whitefly,1,1.0,accepted
423,1,tur,Wilt,1,1.0,accepted
4230,1,tur,Pod fly,1,1.0,accepted
4232,1,cotton,Bollworm complex,2,1.0,accepted
4237,1,tomato,Red spider mite,2,1.0,accepted
4239,1,soybean,Semilooper,1,1.0,accepted
424,1,cotton,Mealybug,1,1.0,accepted
4241,1,cotton,Aphid,1,1.0,accepted
4243,1,soybean,Tobacco caterpillar,1,1.0,accepted
4244,1,cotton,Bacterial blight (cotton),1,1.0,accepted
4245,1,cotton,Whitefly,1,1.0,accepted
4247,1,tur,Wilt,1,1.0,accepted
4248,1,cotton,Whitefly,1,1.0,accepted
4253,1,cotton,Jassid,1,1.0,accepted
4256,1,cotton,Whitefly,1,1.0,accepted
4265,1,cotton,Jassid,1,1.0,accepted
4267,1,gram,Wilt,1,1.0,accepted
4272,1,cotton,Thrips,1,1.0,accepted
4276,1,tomato,Whitefly,1,1.0,excluded: ambiguous ground truth: C1_dose — the CIB&RC rows this answer could refer to disagree
4278,1,tomato,Jassid,1,1.0,accepted
4286,1,grape,Thrips,1,1.0,accepted
4287,1,soybean,Jassid,3,0.0,rejected_after_retries: G1: output is not JSON (Expecting value: line 1 column 1 (char 0))
4293,1,cotton,Whitefly,1,1.0,accepted
4294,1,cotton,Root rot,2,1.0,accepted
43,1,cotton,Mealybug,1,1.0,accepted
4315,1,tomato,Red spider mite,2,1.0,accepted
4318,1,cotton,Thrips,1,1.0,accepted
4320,1,cotton,Leaf spot (unspecified),1,1.0,accepted
4323,1,cotton,Leaf spot (unspecified),1,1.0,accepted
4332,1,gram,Wilt,1,1.0,accepted
4337,1,gram,Wilt,1,1.0,accepted
4341,1,tur,Helicoverpa armigera,1,1.0,accepted
4349,1,gram,Wilt,1,1.0,accepted
435,1,cotton,Whitefly,1,1.0,accepted
4350,1,gram,Helicoverpa armigera,1,1.0,accepted
4351,1,gram,Seed and seedling rot,1,1.0,accepted
4356,1,tomato,Whitefly,1,1.0,accepted
4360,1,pomegranate,Whitefly,1,1.0,accepted
4363,1,gram,Helicoverpa armigera,1,1.0,accepted
4364,1,gram,Wilt,1,1.0,accepted
4383,1,onion,Thrips,1,1.0,accepted
439,1,cotton,Thrips,1,1.0,accepted
4390,1,gram,Helicoverpa armigera,1,1.0,accepted
4392,1,tomato,Whitefly,1,1.0,excluded: ambiguous ground truth: C1_dose — the CIB&RC rows this answer could refer to disagree
4395,1,tomato,Early blight,1,1.0,accepted
4396,1,cotton,Helicoverpa armigera,3,0.9,"rejected_after_retries: C5: top cause 'Pink bollworm'; the query was about 'fruit borer', which CIB&RC prints as ['Jassid', 'Aphids', 'thrips']"
4398,1,gram,Root rot,1,1.0,accepted
4400,1,gram,Semilooper,1,1.0,accepted
4412,1,pomegranate,Pomegranate fruit borer,1,1.0,accepted
4419,1,soybean,Helicoverpa armigera,1,1.0,accepted
4422,1,pomegranate,Bacterial blight (pomegranate),1,1.0,accepted
4424,1,pomegranate,Pomegranate fruit borer,1,1.0,accepted
4437,1,soybean,Whitefly,1,1.0,accepted
4438,1,gram,Wilt,1,1.0,accepted
4439,1,soybean,Helicoverpa armigera,1,1.0,accepted
4443,1,onion,White grub,1,1.0,accepted
445,1,cotton,Bacterial blight (cotton),1,1.0,accepted
4454,1,tomato,Whitefly,1,1.0,accepted
4457,1,cotton,Mealybug,1,1.0,accepted
4463,1,cotton,Whitefly,1,1.0,accepted
4465,1,cotton,Aphid,1,1.0,accepted
4469,1,cotton,Whitefly,1,1.0,accepted
4470,1,tomato,Whitefly,1,1.0,excluded: ambiguous ground truth: C1_dose — the CIB&RC rows this answer could refer to disagree
4472,1,tomato,Late blight,2,1.0,accepted
4473,1,cotton,Thrips,1,1.0,accepted
4476,1,cotton,Red spider mite,2,1.0,accepted
4477,1,onion,Thrips,1,1.0,accepted
448,1,onion,Thrips,1,1.0,accepted
4486,1,tomato,Thrips,1,1.0,accepted
4489,1,gram,Wilt,1,1.0,accepted
4492,1,gram,Helicoverpa armigera,1,1.0,accepted
4495,1,gram,Wilt,1,1.0,accepted
4496,1,gram,Semilooper,1,1.0,accepted
4497,1,gram,Wilt,1,1.0,accepted
4498,1,gram,Tobacco caterpillar,1,1.0,accepted
45,1,soybean,Tobacco caterpillar,1,1.0,accepted
4502,1,cotton,Bollworm complex,1,1.0,accepted
4512,1,tomato,Wilt,1,1.0,accepted
4514,1,tomato,Jassid,1,1.0,accepted
4517,1,tomato,Aphid,1,1.0,accepted
4520,1,tomato,Whitefly,1,1.0,excluded: ambiguous ground truth: C1_dose — the CIB&RC rows this answer could refer to disagree
4521,1,tomato,Jassid,1,1.0,accepted
4524,1,pomegranate,Bacterial blight (pomegranate),1,1.0,accepted
4532,1,cotton,Red spider mite,2,1.0,accepted
4537,1,tomato,Early blight,1,1.0,accepted
454,1,cotton,Thrips,1,1.0,accepted
4541,1,cotton,Whitefly,1,1.0,accepted
4546,1,cotton,Leaf spot (unspecified),2,1.0,accepted
4553,1,cotton,Mealybug,1,1.0,accepted
4555,1,cotton,Mealybug,1,1.0,accepted
4557,1,pomegranate,Whitefly,1,1.0,accepted
4558,1,soybean,Helicoverpa armigera,1,1.0,accepted
4559,1,cotton,Jassid,1,1.0,accepted
4560,1,cotton,Thrips,1,1.0,accepted
4574,1,cotton,Red spider mite,1,1.0,accepted
4576,1,cotton,Whitefly,1,1.0,accepted
4577,1,cotton,Grey mildew,1,1.0,accepted
4578,1,cotton,Whitefly,1,1.0,accepted
4580,1,soybean,Red spider mite,1,1.0,accepted
4582,1,cotton,Whitefly,2,1.0,accepted
4584,1,cotton,Mealybug,1,1.0,accepted
4590,1,pomegranate,Bacterial blight (pomegranate),1,1.0,accepted
4592,1,cotton,Whitefly,1,1.0,accepted
4596,1,cotton,Thrips,1,1.0,accepted
4601,1,tur,Helicoverpa armigera,1,1.0,accepted
4606,1,soybean,Girdle beetle,1,1.0,accepted
4608,1,cotton,Aphid,1,1.0,accepted
4609,1,cotton,Thrips,1,1.0,accepted
461,1,cotton,Whitefly,1,1.0,accepted
4611,1,cotton,Whitefly,1,1.0,accepted
4618,1,soybean,Leaf spot (unspecified),1,1.0,accepted
4624,1,tomato,Powdery mildew,1,1.0,accepted
4625,1,tomato,Whitefly,1,1.0,excluded: ambiguous ground truth: C1_dose — the CIB&RC rows this answer could refer to disagree
4629,1,cotton,Whitefly,1,1.0,accepted
4630,1,cotton,Whitefly,1,1.0,accepted
464,1,cotton,Mealybug,1,1.0,accepted
4640,1,tomato,Wilt,1,1.0,accepted
4642,1,cotton,Pink bollworm,1,1.0,accepted
4648,1,tomato,Wilt,1,1.0,accepted
465,1,soybean,Rust,1,1.0,accepted
4650,1,cotton,Jassid,1,1.0,accepted
4652,1,soybean,Stem fly,2,1.0,accepted
4653,1,cotton,Thrips,1,1.0,accepted
4658,1,soybean,Tobacco caterpillar,1,0.9,"excluded: ambiguous ground truth: C1_dose, C2_phi — the CIB&RC rows this answer could refer to disagree"
4662,1,soybean,Tobacco caterpillar,3,1.0,accepted
4663,1,soybean,Tobacco caterpillar,1,1.0,accepted
4664,1,pomegranate,Thrips,1,1.0,accepted
4666,1,soybean,Red spider mite,2,1.0,accepted
4669,1,pomegranate,Thrips,1,1.0,accepted
4672,1,soybean,White grub,2,1.0,accepted
4684,1,cotton,Root rot,2,1.0,accepted
4686,1,tomato,Aphid,1,1.0,accepted
4687,1,pomegranate,Bacterial blight (pomegranate),1,1.0,accepted
4694,1,cotton,Wilt,2,1.0,accepted
4697,1,cotton,Jassid,1,1.0,accepted
470,1,tomato,Thrips,1,1.0,accepted
4701,1,cotton,Grey mildew,1,1.0,accepted
4703,1,cotton,Leaf spot (unspecified),1,1.0,accepted
4705,1,tur,Helicoverpa armigera,1,1.0,accepted
4708,1,cotton,Pink bollworm,1,1.0,accepted
471,1,cotton,Bollworm complex,1,1.0,accepted
4710,1,grape,Flea beetle,1,1.0,"excluded: ambiguous ground truth: C1_dose, C2_phi — the CIB&RC rows this answer could refer to disagree"
4713,1,tomato,Late blight,2,1.0,accepted
4715,1,cotton,Whitefly,1,1.0,accepted
4717,1,cotton,Jassid,1,1.0,accepted
4720,1,cotton,Wilt,1,1.0,accepted
4723,1,cotton,Thrips,3,0.0,rejected_after_retries: G5: no CIB&RC claim for 'Spineto ram 11.70 %SC' on cotton / 'thrips'
4729,1,cotton,Whitefly,1,1.0,accepted
473,1,cotton,Thrips,1,1.0,accepted
4733,1,cotton,Whitefly,1,1.0,accepted
4735,1,soybean,Whitefly,1,1.0,accepted
4738,1,cotton,Helicoverpa armigera,1,1.0,accepted
4741,1,soybean,Collar rot,1,1.0,accepted
4745,1,tomato,Leaf miner,1,1.0,accepted
4747,1,soybean,Tobacco caterpillar,1,1.0,accepted
4748,1,tomato,Late blight,1,1.0,accepted
475,1,tomato,Helicoverpa armigera,1,1.0,accepted
4750,1,tomato,Wilt,1,1.0,accepted
4751,1,cotton,Thrips,1,1.0,accepted
4757,1,cotton,Wilt,1,1.0,accepted
4775,1,pomegranate,Aphid,1,1.0,accepted
4776,1,cotton,Wilt,2,1.0,accepted
4777,1,cotton,Whitefly,1,1.0,accepted
4783,1,cotton,Jassid,1,1.0,accepted
4786,1,gram,Helicoverpa armigera,1,1.0,accepted
4788,1,tur,Helicoverpa armigera,1,1.0,accepted
4795,1,tomato,Leaf spot (unspecified),1,1.0,accepted
4797,1,onion,Thrips,1,1.0,accepted
4798,1,soybean,Jassid,1,1.0,accepted
4801,1,soybean,Jassid,1,1.0,accepted
4802,1,pomegranate,Whitefly,1,1.0,accepted
4804,1,tur,Wilt,1,1.0,accepted
4805,1,tomato,Whitefly,1,1.0,accepted
4809,1,cotton,Root rot,2,1.0,accepted
481,1,gram,Wilt,1,1.0,accepted
4810,1,grape,Mealybug,1,1.0,"excluded: ambiguous ground truth: C1_dose, C2_phi — the CIB&RC rows this answer could refer to disagree"
4813,1,tomato,Whitefly,1,1.0,accepted
4816,1,cotton,Wilt,2,1.0,accepted
4819,1,tur,Wilt,1,1.0,accepted
482,1,onion,Thrips,1,1.0,accepted
4821,1,tur,Wilt,1,1.0,accepted
4824,1,soybean,White grub,2,1.0,accepted
4830,1,cotton,Bollworm complex,1,1.0,accepted
4831,1,grape,Downy mildew,1,1.0,accepted
4839,1,cotton,Jassid,1,1.0,accepted
4840,1,tomato,Leaf spot (unspecified),1,1.0,accepted
4842,1,cotton,Aphid,1,1.0,accepted
4843,1,soybean,Jassid,1,1.0,accepted
4845,1,tur,Helicoverpa armigera,1,1.0,accepted
4847,1,cotton,Jassid,1,1.0,accepted
4854,1,tur,Helicoverpa armigera,1,1.0,accepted
4858,1,cotton,Whitefly,1,1.0,accepted
486,1,gram,Helicoverpa armigera,1,1.0,accepted
4870,1,tomato,Leaf miner,1,1.0,accepted
4896,1,cotton,Mealybug,1,1.0,accepted
4898,1,cotton,Red spider mite,1,1.0,accepted
4901,1,cotton,Whitefly,1,1.0,accepted
4902,1,cotton,Thrips,1,1.0,accepted
4903,1,cotton,Red spider mite,2,1.0,accepted
4908,1,cotton,Thrips,1,1.0,accepted
4909,1,soybean,Semilooper,1,1.0,accepted
4916,1,soybean,Stem fly,1,1.0,accepted
492,1,cotton,Whitefly,1,1.0,accepted
4921,1,cotton,Leaf spot (unspecified),3,0.8889,"rejected_after_retries: C5: top cause 'Alternaria leaf spot'; the query was about 'Leaf spots', which CIB&RC prints as ['leaf spot', 'Grey mildew', 'Leaf spots']"
4922,1,tomato,Helicoverpa armigera,1,1.0,accepted
4926,1,soybean,Helicoverpa armigera,1,1.0,accepted
4928,1,tur,Root rot,1,1.0,accepted
4932,1,tomato,Leaf spot (unspecified),1,1.0,accepted
494,1,cotton,Thrips,1,1.0,accepted
4940,1,cotton,Wilt,1,1.0,accepted
4943,1,soybean,Semilooper,1,1.0,accepted
4947,1,cotton,Jassid,1,1.0,accepted
495,1,tomato,Late blight,2,1.0,accepted
4951,1,cotton,Whitefly,1,1.0,accepted
496,1,cotton,Whitefly,1,1.0,accepted
4962,1,soybean,Helicoverpa armigera,1,1.0,accepted
4964,1,cotton,Bacterial blight (cotton),1,1.0,accepted
4966,1,onion,White grub,1,1.0,accepted
497,1,cotton,Whitefly,1,1.0,accepted
4970,1,cotton,Thrips,1,1.0,accepted
4972,1,cotton,Mealybug,1,1.0,accepted
4981,1,tomato,Helicoverpa armigera,1,1.0,accepted
4982,1,cotton,Bacterial blight (cotton),1,1.0,accepted
4988,1,tomato,Fruit rot,1,1.0,accepted
4989,1,cotton,Tobacco caterpillar,1,1.0,accepted
4992,1,cotton,Thrips,1,1.0,accepted
4993,1,tur,Wilt,1,1.0,accepted
4997,1,cotton,Aphid,1,1.0,accepted
4999,1,cotton,Mealybug,1,1.0,accepted
500,1,cotton,Wilt,1,1.0,accepted
5000,1,cotton,Mealybug,1,1.0,accepted
5003,1,cotton,Jassid,1,1.0,accepted
5005,1,cotton,Thrips,1,1.0,accepted
5007,1,cotton,Thrips,1,1.0,accepted
5022,1,tomato,Powdery mildew,1,1.0,accepted
5025,1,cotton,Wilt,2,1.0,accepted
5026,1,cotton,Jassid,1,1.0,accepted
5027,1,onion,White grub,1,1.0,accepted
5030,1,soybean,Helicoverpa armigera,1,1.0,accepted
5031,1,onion,Thrips,1,1.0,accepted
5037,1,cotton,Aphid,1,1.0,accepted
5040,1,cotton,Thrips,1,1.0,accepted
5043,1,cotton,Whitefly,1,1.0,accepted
5045,1,cotton,Whitefly,1,1.0,accepted
5047,1,cotton,Whitefly,1,1.0,accepted
5052,1,cotton,Jassid,1,1.0,accepted
5053,1,cotton,Helicoverpa armigera,3,0.9,"rejected_after_retries: C5: top cause 'Pink bollworm'; the query was about 'fruit borer', which CIB&RC prints as ['Jassid', 'Aphids', 'thrips']"
5054,1,tomato,Leaf miner,1,1.0,accepted
5055,1,cotton,Wilt,2,1.0,accepted
5058,1,cotton,Aphid,1,1.0,accepted
5059,1,cotton,Thrips,1,1.0,accepted
5060,1,cotton,Leaf spot (unspecified),1,1.0,accepted
5062,1,soybean,Tobacco caterpillar,1,1.0,accepted
5064,1,cotton,Thrips,3,1.0,accepted
5065,1,cotton,Wilt,2,1.0,accepted
5072,1,cotton,Wilt,1,1.0,accepted
5079,1,cotton,Thrips,3,1.0,accepted
5080,1,cotton,Thrips,1,1.0,accepted
5081,1,cotton,Jassid,1,1.0,accepted
5086,1,onion,Purple blotch,1,1.0,accepted
5089,1,soybean,Semilooper,2,1.0,accepted
5091,1,tomato,Whitefly,1,1.0,excluded: ambiguous ground truth: C1_dose — the CIB&RC rows this answer could refer to disagree
5093,1,soybean,Whitefly,1,1.0,accepted
5094,1,tomato,Whitefly,1,1.0,excluded: ambiguous ground truth: C1_dose — the CIB&RC rows this answer could refer to disagree
5097,1,pomegranate,Thrips,1,1.0,accepted
5098,1,cotton,Thrips,1,1.0,accepted
510,1,cotton,Pink bollworm,3,0.9,rejected_after_retries: C3: 'Cyantraniliprole 16.9% + Lufenuron 16.9% w/w SC' formulation 'SC'; CIB&RC registers ['Cyantraniliprole 16.9% + Lufenuron 16.9% w/w SC']; C3: 'Profenofos 50% + Fenpropathrin 5% EC' formulation 'EC'; CIB&RC registers ['Profenofos 50% + Fenpropathrin 5% EC']; C3: 'Bifenthrin 25% + Thiamethoxam 25% WG' formulation 'WG'; CIB&RC registers ['Bifenthrin 25% + Thiamethoxam 25% WG']
5109,1,soybean,Tobacco caterpillar,1,1.0,accepted
5112,1,cotton,Whitefly,1,1.0,accepted
5113,1,cotton,Root rot,3,1.0,accepted
5117,1,cotton,Wilt,2,1.0,accepted
5118,1,soybean,Tobacco caterpillar,1,1.0,accepted
512,1,tomato,Whitefly,1,1.0,accepted
5128,1,cotton,Thrips,1,1.0,accepted
5132,1,cotton,Wilt,2,1.0,accepted
5139,1,tomato,Damping off,2,1.0,accepted
5141,1,grape,Downy mildew,1,1.0,accepted
5149,1,soybean,Tobacco caterpillar,1,1.0,accepted
5160,1,cotton,Wilt,1,1.0,accepted
517,1,cotton,Wilt,1,1.0,accepted
5173,1,cotton,Wilt,2,1.0,accepted
5175,1,soybean,Anthracnose,1,1.0,accepted
5179,1,cotton,Wilt,2,1.0,accepted
518,1,cotton,Bollworm complex,1,1.0,accepted
5188,1,gram,Wilt,1,1.0,accepted
5191,1,grape,Mealybug,1,1.0,"excluded: ambiguous ground truth: C1_dose, C2_phi — the CIB&RC rows this answer could refer to disagree"
5196,1,tur,Helicoverpa armigera,1,1.0,accepted
5202,1,cotton,Thrips,1,1.0,accepted
5205,1,soybean,Tobacco caterpillar,1,1.0,accepted
5210,1,cotton,Thrips,1,1.0,accepted
5212,1,cotton,Tobacco caterpillar,2,1.0,accepted
5213,1,soybean,Whitefly,1,1.0,accepted
5215,1,soybean,Red spider mite,2,1.0,accepted
5216,1,cotton,Whitefly,1,1.0,accepted
5218,1,grape,Downy mildew,1,1.0,accepted
5219,1,soybean,Tobacco caterpillar,1,1.0,accepted
5221,1,cotton,Jassid,1,1.0,accepted
5229,1,cotton,Tobacco caterpillar,2,1.0,accepted
5231,1,tomato,Early blight,1,1.0,accepted
5234,1,tomato,Tobacco caterpillar,1,1.0,accepted
5237,1,cotton,Mealybug,1,1.0,accepted
5238,1,soybean,Helicoverpa armigera,1,1.0,accepted
5242,1,soybean,Helicoverpa armigera,1,1.0,accepted
5249,1,soybean,Tobacco caterpillar,1,1.0,accepted
5250,1,soybean,Root rot,2,1.0,accepted
526,1,soybean,Whitefly,1,1.0,accepted
5262,1,tur,Helicoverpa armigera,1,1.0,accepted
5267,1,cotton,Mealybug,1,1.0,accepted
5272,1,gram,Helicoverpa armigera,1,1.0,accepted
5276,1,gram,Wilt,1,1.0,accepted
528,1,cotton,Bollworm complex,2,1.0,accepted
5281,1,soybean,Termite,1,1.0,accepted
5290,1,gram,Wilt,1,1.0,accepted
5291,1,cotton,Pink bollworm,1,1.0,accepted
5292,1,cotton,Bollworm complex,1,1.0,accepted
5293,1,soybean,Girdle beetle,1,1.0,accepted
5298,1,soybean,Girdle beetle,1,1.0,accepted
5301,1,tomato,Red spider mite,1,1.0,accepted
5302,1,cotton,Tobacco caterpillar,2,1.0,accepted
5305,1,grape,Thrips,1,1.0,accepted
5311,1,tomato,Wilt,1,1.0,accepted
5315,1,tomato,Whitefly,1,1.0,accepted
5316,1,pomegranate,Thrips,1,1.0,accepted
5318,1,cotton,Jassid,1,1.0,accepted
5321,1,soybean,Semilooper,1,1.0,accepted
5323,1,cotton,Bollworm complex,1,1.0,accepted
5330,1,cotton,Mealybug,1,1.0,accepted
5339,1,cotton,Tobacco caterpillar,1,1.0,accepted
5340,1,tomato,Late blight,1,1.0,accepted
5341,1,pomegranate,Pomegranate fruit borer,1,1.0,accepted
536,1,cotton,Leaf spot (unspecified),3,1.0,accepted
5362,1,tomato,Helicoverpa armigera,2,1.0,accepted
5364,1,pomegranate,Bacterial blight (pomegranate),1,1.0,accepted
5368,1,pomegranate,Bacterial blight (pomegranate),1,1.0,accepted
537,1,gram,Wilt,1,1.0,accepted
5378,1,tur,Helicoverpa armigera,1,1.0,accepted
5380,1,onion,Thrips,1,1.0,accepted
5403,1,tomato,Thrips,1,1.0,accepted
5410,1,pomegranate,Fruit spot,1,1.0,accepted
5414,1,tomato,Leaf miner,1,1.0,accepted
5416,1,soybean,Tobacco caterpillar,1,1.0,accepted
542,1,onion,Thrips,1,1.0,accepted
5422,1,cotton,Red spider mite,2,1.0,accepted
5423,1,soybean,Tobacco caterpillar,1,1.0,accepted
5424,1,cotton,Pink bollworm,1,1.0,accepted
5430,1,cotton,Thrips,1,1.0,accepted
544,1,soybean,Red spider mite,1,1.0,accepted
5446,1,cotton,Red spider mite,2,1.0,accepted
5449,1,tomato,Helicoverpa armigera,1,1.0,accepted
5457,1,cotton,Wilt,1,1.0,accepted
5458,1,soybean,Red spider mite,1,1.0,accepted
546,1,onion,Thrips,1,1.0,accepted
5470,1,cotton,Cutworm,2,1.0,accepted
5474,1,tomato,Leaf spot (unspecified),2,1.0,accepted
5485,1,cotton,Bacterial blight (cotton),1,1.0,accepted
5486,1,onion,Thrips,1,1.0,accepted
549,1,gram,Wilt,1,1.0,accepted
5494,1,cotton,Whitefly,2,1.0,accepted
5499,1,cotton,Red spider mite,2,1.0,accepted
5508,1,cotton,Bollworm complex,2,1.0,accepted
5512,1,cotton,Bollworm complex,2,1.0,accepted
5514,1,cotton,Tobacco caterpillar,1,1.0,accepted
5517,1,cotton,Whitefly,1,1.0,accepted
5524,1,soybean,Helicoverpa armigera,1,1.0,accepted
5535,1,tur,Helicoverpa armigera,1,1.0,accepted
5540,1,cotton,Tobacco caterpillar,1,1.0,accepted
5552,1,gram,Termite,2,1.0,accepted
5556,1,onion,Thrips,1,1.0,accepted
5558,1,onion,Thrips,1,1.0,accepted
5559,1,cotton,Whitefly,1,1.0,accepted
5560,1,tomato,Wilt,1,1.0,accepted
5564,1,soybean,White grub,2,1.0,accepted
5565,1,cotton,Aphid,1,1.0,accepted
5569,1,soybean,Whitefly,1,1.0,accepted
5571,1,soybean,Whitefly,1,1.0,accepted
5582,1,cotton,Wilt,2,1.0,accepted
5589,1,tur,Helicoverpa armigera,1,1.0,accepted
559,1,onion,Thrips,3,0.6,"rejected_after_retries: C6: non_chemical_first is empty, but CIB&RC lists a biological option for 'Thrips'"
5593,1,onion,Thrips,1,1.0,accepted
5594,1,onion,Stemphylium blight,1,1.0,accepted
5603,1,gram,Helicoverpa armigera,1,1.0,accepted
5604,1,grape,Downy mildew,1,1.0,accepted
5606,1,onion,Thrips,1,1.0,accepted
5611,1,soybean,Leaf spot (unspecified),1,1.0,accepted
5619,1,gram,Root rot,1,1.0,accepted
5628,1,tomato,Aphid,1,1.0,accepted
5632,1,gram,Wilt,1,1.0,accepted
5638,1,tomato,Fruit spot,1,1.0,accepted
5639,1,gram,Tobacco caterpillar,2,1.0,accepted
564,1,cotton,Pink bollworm,2,1.0,accepted
5640,1,onion,White grub,1,1.0,accepted
5642,1,gram,Tobacco caterpillar,3,1.0,accepted
565,1,cotton,Root rot,1,1.0,accepted
5653,1,gram,Tobacco caterpillar,1,1.0,accepted
5659,1,onion,Thrips,1,1.0,accepted
566,1,soybean,Whitefly,1,1.0,accepted
5667,1,gram,Helicoverpa armigera,1,1.0,accepted
5668,1,gram,Tobacco caterpillar,1,1.0,accepted
5671,1,tomato,Red spider mite,1,1.0,accepted
5682,1,cotton,Whitefly,1,1.0,accepted
569,1,soybean,Helicoverpa armigera,1,1.0,accepted
57,1,cotton,Mealybug,1,1.0,accepted
575,1,gram,Wilt,2,1.0,accepted
580,1,onion,Thrips,1,1.0,accepted
590,1,cotton,Bacterial blight (cotton),1,1.0,accepted
591,1,cotton,Aphid,1,1.0,accepted
598,1,cotton,Bollworm complex,2,1.0,accepted
604,1,soybean,Jassid,1,1.0,accepted
609,1,cotton,Aphid,1,1.0,accepted
61,1,cotton,Red spider mite,2,1.0,accepted
611,1,cotton,Thrips,1,1.0,accepted
617,1,cotton,Red cotton bug,1,1.0,accepted
618,1,tur,Helicoverpa armigera,1,1.0,accepted
623,1,onion,Thrips,2,1.0,accepted
625,1,gram,Helicoverpa armigera,1,1.0,accepted
635,1,cotton,Bollworm complex,2,1.0,accepted
636,1,soybean,Whitefly,1,1.0,accepted
637,1,cotton,Aphid,1,1.0,accepted
648,1,gram,Helicoverpa armigera,1,1.0,accepted
65,1,soybean,White grub,2,1.0,accepted
653,1,pomegranate,Thrips,1,1.0,accepted
657,1,tomato,Leaf spot (unspecified),2,1.0,accepted
663,1,cotton,Whitefly,1,1.0,accepted
668,1,tomato,Leaf miner,1,1.0,accepted
67,1,soybean,Helicoverpa armigera,1,1.0,accepted
686,1,tomato,Aphid,1,1.0,accepted
707,1,onion,Purple blotch,3,1.0,accepted
711,1,tur,Wilt,1,1.0,accepted
713,1,cotton,Leaf spot (unspecified),2,1.0,accepted
718,1,onion,Thrips,1,1.0,accepted
721,1,soybean,Girdle beetle,1,1.0,accepted
726,1,grape,Thrips,1,1.0,accepted
738,1,onion,Purple blotch,1,1.0,accepted
742,1,soybean,Collar rot,1,1.0,accepted
744,1,tomato,Leaf spot (unspecified),1,1.0,accepted
75,1,cotton,Whitefly,1,1.0,accepted
752,1,tomato,Leaf miner,1,1.0,accepted
76,1,cotton,Mealybug,2,1.0,accepted
766,1,onion,Purple blotch,1,1.0,accepted
783,1,pomegranate,Pomegranate fruit borer,1,1.0,accepted
79,1,cotton,Aphid,1,1.0,accepted
790,1,tomato,Whitefly,1,1.0,excluded: ambiguous ground truth: C1_dose — the CIB&RC rows this answer could refer to disagree
792,1,gram,Wilt,1,1.0,accepted
794,1,gram,Wilt,1,1.0,accepted
808,1,tomato,Late blight,2,1.0,accepted
809,1,cotton,Whitefly,1,1.0,accepted
81,1,cotton,Whitefly,1,1.0,accepted
810,1,cotton,Tobacco caterpillar,2,1.0,accepted
820,1,cotton,Jassid,1,1.0,accepted
821,1,cotton,Mealybug,1,1.0,accepted
826,1,cotton,Tobacco caterpillar,2,1.0,accepted
827,1,cotton,Thrips,1,1.0,accepted
83,1,cotton,Aphid,1,1.0,accepted
832,1,cotton,Helicoverpa armigera,3,0.9,"rejected_after_retries: C5: top cause 'Pink bollworm'; the query was about 'fruit borer', which CIB&RC prints as ['Jassid', 'Aphids', 'thrips']"
833,1,tomato,Jassid,1,1.0,accepted
835,1,gram,Tobacco caterpillar,2,1.0,accepted
836,1,tomato,Aphid,1,1.0,accepted
838,1,gram,Wilt,1,1.0,accepted
847,1,cotton,Bollworm complex,2,1.0,accepted
856,1,cotton,Pink bollworm,1,1.0,accepted
859,1,cotton,Jassid,1,1.0,accepted
861,1,cotton,Red spider mite,1,1.0,accepted
862,1,cotton,Jassid,1,1.0,accepted
863,1,cotton,Helicoverpa armigera,3,0.9,"rejected_after_retries: C5: top cause 'Pink bollworm'; the query was about 'fruit borer', which CIB&RC prints as ['Jassid', 'Aphids', 'thrips']"
865,1,onion,Thrips,1,1.0,accepted
867,1,cotton,Red spider mite,2,1.0,accepted
871,1,soybean,Termite,3,1.0,accepted
874,1,pomegranate,Thrips,1,1.0,accepted
885,1,soybean,Whitefly,1,1.0,accepted
887,1,soybean,Whitefly,1,1.0,accepted
889,1,gram,Helicoverpa armigera,1,1.0,accepted
893,1,tomato,Wilt,1,1.0,accepted
896,1,soybean,Girdle beetle,1,1.0,accepted
9,1,cotton,Thrips,2,1.0,accepted
90,1,cotton,Thrips,1,1.0,accepted
904,1,soybean,Whitefly,1,1.0,accepted
92,1,tur,Wilt,1,1.0,accepted
934,1,gram,Wilt,1,1.0,accepted
943,1,gram,Wilt,1,1.0,accepted
949,1,gram,Helicoverpa armigera,1,1.0,accepted
959,1,gram,Helicoverpa armigera,1,1.0,accepted
967,1,gram,Tobacco caterpillar,1,1.0,accepted
97,1,cotton,Whitefly,1,1.0,accepted
977,1,tur,Pod fly,1,1.0,accepted
978,1,tomato,Whitefly,1,1.0,accepted
981,1,tomato,Whitefly,1,1.0,excluded: ambiguous ground truth: C1_dose — the CIB&RC rows this answer could refer to disagree
984,1,gram,Termite,1,1.0,accepted
999,1,gram,Wilt,1,1.0,accepted
0,2,onion,,1,1.0,accepted
1,2,gram,,1,1.0,accepted
10,2,soybean,,1,1.0,accepted
100,2,tomato,,1,1.0,accepted
1000,2,gram,,1,1.0,accepted
1003,2,gram,,1,1.0,accepted
1004,2,gram,,1,1.0,accepted
1005,2,gram,,1,1.0,accepted
1007,2,gram,,1,1.0,accepted
1008,2,gram,,1,1.0,accepted
1009,2,gram,,1,1.0,accepted
1010,2,gram,,2,1.0,accepted
1011,2,onion,,1,1.0,accepted
1012,2,onion,,1,1.0,accepted
1013,2,pomegranate,,1,1.0,accepted
1014,2,gram,,1,1.0,accepted
1015,2,tomato,,1,1.0,accepted
1016,2,gram,,1,1.0,"excluded: pest 'blight' is a known-damaged label_db fragment (unmatchable: bare head noun, no pathogen named)"
1017,2,tomato,,1,1.0,accepted
1018,2,gram,,3,1.0,accepted
1019,2,gram,,1,1.0,accepted
1021,2,gram,,1,1.0,accepted
1023,2,tomato,,1,1.0,accepted
1024,2,onion,,1,1.0,accepted
1029,2,gram,,1,1.0,accepted
1030,2,onion,,1,1.0,accepted
1031,2,gram,,1,1.0,accepted
1032,2,gram,,1,1.0,accepted
1033,2,gram,,1,1.0,accepted
1034,2,gram,,1,1.0,accepted
1035,2,onion,,1,1.0,accepted
1036,2,onion,,1,1.0,accepted
1037,2,gram,,1,1.0,accepted
1038,2,pomegranate,,2,1.0,accepted
1039,2,onion,,1,1.0,accepted
1040,2,onion,,1,1.0,accepted
1041,2,gram,,1,1.0,accepted
1042,2,gram,,1,1.0,accepted
1043,2,gram,,1,1.0,accepted
1044,2,onion,,1,1.0,accepted
1045,2,gram,,2,1.0,accepted
1046,2,gram,,1,1.0,accepted
1047,2,grape,,2,1.0,accepted
1048,2,onion,,1,1.0,accepted
1049,2,gram,,1,1.0,accepted
105,2,cotton,,1,1.0,accepted
1050,2,pomegranate,,1,1.0,accepted
1052,2,gram,,1,1.0,accepted
1053,2,gram,,1,1.0,accepted
1055,2,cotton,,1,1.0,accepted
1056,2,tur,,1,1.0,accepted
1057,2,cotton,,1,1.0,accepted
1058,2,onion,,1,1.0,accepted
1059,2,cotton,,1,1.0,accepted
1060,2,gram,,1,1.0,accepted
1061,2,tomato,,1,1.0,accepted
1062,2,gram,,1,1.0,accepted
1063,2,gram,,1,1.0,accepted
1064,2,gram,,1,1.0,accepted
1065,2,onion,,1,1.0,accepted
1067,2,gram,,2,1.0,accepted
1068,2,gram,,1,1.0,accepted
1069,2,gram,,1,1.0,"excluded: pest 'blight' is a known-damaged label_db fragment (unmatchable: bare head noun, no pathogen named)"
107,2,cotton,,1,1.0,accepted
1071,2,tomato,,1,1.0,accepted
1072,2,gram,,1,1.0,accepted
1073,2,pomegranate,,1,1.0,accepted
1074,2,onion,,1,1.0,accepted
1075,2,onion,,1,1.0,accepted
1076,2,onion,,1,1.0,accepted
1078,2,onion,,1,1.0,accepted
1079,2,gram,,1,1.0,accepted
1080,2,tur,,1,1.0,accepted
1081,2,gram,,1,1.0,accepted
1082,2,onion,,1,1.0,accepted
1083,2,pomegranate,,1,1.0,accepted
1084,2,gram,,1,1.0,accepted
1085,2,gram,,1,1.0,accepted
1086,2,onion,,1,1.0,accepted
1087,2,tur,,1,1.0,accepted
1089,2,onion,,1,1.0,accepted
109,2,soybean,,1,1.0,accepted
1090,2,gram,,1,1.0,accepted
1091,2,tur,,1,1.0,accepted
1092,2,tur,,1,1.0,accepted
1094,2,cotton,,1,1.0,accepted
1095,2,gram,,1,1.0,accepted
1096,2,tur,,1,1.0,accepted
1098,2,gram,,1,1.0,accepted
1099,2,gram,,1,1.0,accepted
110,2,cotton,,1,1.0,accepted
1100,2,gram,,1,1.0,accepted
1101,2,gram,,1,1.0,accepted
1102,2,tur,,2,1.0,accepted
1106,2,tur,,1,1.0,accepted
1108,2,tur,,1,1.0,accepted
1109,2,onion,,1,1.0,accepted
1110,2,onion,,1,1.0,accepted
1111,2,onion,,1,1.0,accepted
1112,2,gram,,1,1.0,accepted
1113,2,gram,,1,1.0,accepted
1114,2,gram,,1,1.0,accepted
1115,2,tur,,1,1.0,accepted
1116,2,cotton,,1,1.0,accepted
1117,2,tur,,1,1.0,accepted
1119,2,cotton,,1,1.0,accepted
112,2,cotton,,1,1.0,accepted
1120,2,tomato,,1,1.0,accepted
1121,2,tur,,1,1.0,accepted
1123,2,tomato,,1,1.0,accepted
1124,2,pomegranate,,1,1.0,accepted
1125,2,onion,,1,1.0,accepted
1126,2,onion,,1,1.0,accepted
1127,2,onion,,1,1.0,"excluded: pest 'blight' is a known-damaged label_db fragment (unmatchable: bare head noun, no pathogen named)"
1128,2,gram,,1,1.0,accepted
1129,2,tur,,1,1.0,accepted
113,2,soybean,,1,1.0,accepted
1130,2,tur,,1,1.0,accepted
1131,2,onion,,1,1.0,accepted
1135,2,tomato,,1,1.0,accepted
1136,2,onion,,1,1.0,accepted
1137,2,pomegranate,,1,1.0,accepted
1139,2,gram,,1,1.0,accepted
1141,2,gram,,1,1.0,accepted
1142,2,tur,,1,1.0,accepted
1143,2,gram,,1,1.0,accepted
1144,2,cotton,,1,1.0,accepted
1145,2,tur,,1,1.0,accepted
1147,2,pomegranate,,1,1.0,accepted
115,2,soybean,,1,1.0,accepted
1151,2,cotton,,1,1.0,accepted
1154,2,onion,,1,1.0,accepted
1155,2,gram,,2,1.0,accepted
1157,2,tur,,1,1.0,accepted
1158,2,gram,,1,1.0,accepted
1159,2,tur,,1,1.0,accepted
116,2,cotton,,1,1.0,accepted
1161,2,tomato,,1,1.0,accepted
1162,2,cotton,,1,1.0,"excluded: pest 'blight' is a known-damaged label_db fragment (unmatchable: bare head noun, no pathogen named)"
1166,2,cotton,,1,1.0,accepted
1167,2,tur,,1,1.0,accepted
1168,2,soybean,,1,1.0,accepted
1169,2,soybean,,1,1.0,accepted
117,2,cotton,,1,1.0,accepted
1170,2,soybean,,1,1.0,accepted
1171,2,onion,,1,1.0,accepted
1173,2,onion,,1,1.0,accepted
1174,2,onion,,1,1.0,accepted
1175,2,onion,,1,1.0,accepted
1177,2,soybean,,1,1.0,accepted
1178,2,onion,,1,1.0,accepted
1179,2,cotton,,1,1.0,accepted
118,2,tur,,1,1.0,accepted
1180,2,gram,,1,1.0,accepted
1181,2,onion,,1,1.0,accepted
1183,2,onion,,1,1.0,accepted
1184,2,tur,,1,1.0,accepted
1185,2,soybean,,2,1.0,accepted
1186,2,tomato,,1,1.0,"excluded: pest 'blight' is a known-damaged label_db fragment (unmatchable: bare head noun, no pathogen named)"
1187,2,cotton,,1,1.0,accepted
1189,2,tur,,1,1.0,accepted
119,2,soybean,,1,1.0,accepted
1190,2,cotton,,2,1.0,accepted
1191,2,cotton,,1,1.0,accepted
1194,2,cotton,,1,1.0,accepted
1195,2,cotton,,1,1.0,accepted
1196,2,tur,,1,1.0,accepted
1197,2,cotton,,1,1.0,accepted
1198,2,gram,,1,1.0,accepted
1199,2,tur,,1,1.0,accepted
120,2,soybean,,1,1.0,accepted
1200,2,gram,,1,1.0,accepted
1203,2,gram,,1,1.0,accepted
1204,2,gram,,1,1.0,accepted
1205,2,cotton,,1,1.0,accepted
1209,2,tur,,1,1.0,accepted
1210,2,tomato,,1,1.0,accepted
1211,2,cotton,,1,1.0,accepted
1212,2,tomato,,1,1.0,"excluded: pest 'blight' is a known-damaged label_db fragment (unmatchable: bare head noun, no pathogen named)"
1213,2,cotton,,2,1.0,accepted
1214,2,tomato,,1,1.0,accepted
1216,2,cotton,,2,1.0,accepted
1218,2,tomato,,2,1.0,accepted
1219,2,soybean,,1,1.0,accepted
122,2,tur,,1,1.0,accepted
1221,2,cotton,,1,1.0,accepted
1224,2,cotton,,1,1.0,accepted
1225,2,cotton,,1,1.0,accepted
1226,2,cotton,,2,1.0,accepted
1227,2,soybean,,1,1.0,accepted
1228,2,cotton,,1,1.0,accepted
123,2,soybean,,1,1.0,accepted
1230,2,soybean,,1,1.0,accepted
1231,2,cotton,,1,1.0,accepted
1232,2,soybean,,1,1.0,accepted
1233,2,soybean,,1,1.0,accepted
1234,2,cotton,,1,1.0,accepted
1235,2,cotton,,1,1.0,accepted
1236,2,soybean,,1,1.0,accepted
1237,2,cotton,,1,1.0,accepted
1238,2,soybean,,1,1.0,accepted
124,2,soybean,,1,1.0,accepted
1240,2,soybean,,1,1.0,accepted
1242,2,soybean,,2,1.0,accepted
1243,2,soybean,,1,1.0,accepted
1244,2,cotton,,1,1.0,accepted
1246,2,cotton,,1,1.0,accepted
1249,2,onion,,1,1.0,accepted
125,2,tur,,1,1.0,accepted
1250,2,soybean,,2,1.0,accepted
1252,2,tur,,1,1.0,accepted
1253,2,soybean,,1,1.0,accepted
1254,2,onion,,1,1.0,accepted
1256,2,soybean,,1,1.0,accepted
1257,2,pomegranate,,1,1.0,accepted
1258,2,cotton,,1,1.0,accepted
1259,2,soybean,,1,1.0,accepted
126,2,onion,,1,1.0,accepted
1260,2,cotton,,1,1.0,accepted
1262,2,tomato,,1,1.0,excluded: pest 'rot' is a known-damaged label_db fragment (unmatchable: truncated cell)
1263,2,tur,,1,1.0,accepted
1264,2,tur,,1,1.0,accepted
1271,2,cotton,,1,1.0,accepted
1272,2,cotton,,1,1.0,accepted
1273,2,tomato,,1,1.0,accepted
1276,2,soybean,,3,0.0,rejected_after_retries: G1: output is not JSON (Expecting value: line 1 column 1 (char 0))
1277,2,cotton,,1,1.0,accepted
1278,2,cotton,,1,1.0,accepted
1279,2,soybean,,1,1.0,accepted
1280,2,soybean,,1,1.0,accepted
1282,2,soybean,,1,1.0,accepted
1283,2,soybean,,1,1.0,accepted
1285,2,cotton,,1,1.0,accepted
1287,2,tomato,,1,1.0,accepted
1288,2,soybean,,1,1.0,accepted
1291,2,soybean,,1,1.0,accepted
1293,2,cotton,,1,1.0,accepted
1294,2,soybean,,1,1.0,accepted
1297,2,soybean,,1,1.0,accepted
1298,2,tomato,,1,1.0,accepted
1299,2,tomato,,1,1.0,accepted
13,2,soybean,,1,1.0,accepted
130,2,cotton,,1,1.0,accepted
1300,2,soybean,,1,1.0,accepted
1301,2,cotton,,1,1.0,accepted
1303,2,soybean,,2,1.0,excluded: pest 'rot' is a known-damaged label_db fragment (unmatchable: truncated cell)
1304,2,soybean,,1,1.0,accepted
1305,2,cotton,,1,1.0,accepted
1306,2,cotton,,1,1.0,accepted
1307,2,cotton,,1,1.0,accepted
1309,2,tomato,,1,1.0,accepted
131,2,cotton,,1,1.0,accepted
1310,2,cotton,,1,1.0,accepted
1312,2,cotton,,1,1.0,accepted
1313,2,soybean,,1,1.0,accepted
1314,2,onion,,1,1.0,accepted
1316,2,tur,,1,1.0,accepted
1317,2,tomato,,1,1.0,accepted
1318,2,onion,,1,1.0,accepted
1319,2,gram,,1,1.0,accepted
1320,2,cotton,,1,1.0,accepted
1321,2,soybean,,1,1.0,accepted
1322,2,cotton,,1,1.0,accepted
1324,2,soybean,,1,1.0,accepted
1326,2,soybean,,1,1.0,accepted
1327,2,soybean,,1,1.0,accepted
1328,2,soybean,,1,1.0,accepted
1329,2,cotton,,1,1.0,accepted
133,2,soybean,,1,1.0,accepted
1330,2,cotton,,1,1.0,accepted
1331,2,soybean,,1,1.0,accepted
1335,2,cotton,,1,1.0,accepted
1337,2,grape,,1,1.0,accepted
1339,2,cotton,,1,1.0,accepted
134,2,cotton,,1,1.0,accepted
1340,2,cotton,,1,1.0,accepted
1341,2,cotton,,1,1.0,accepted
1342,2,cotton,,1,1.0,accepted
1343,2,cotton,,1,1.0,accepted
1344,2,cotton,,1,1.0,accepted
1345,2,soybean,,1,1.0,accepted
1346,2,soybean,,1,1.0,accepted
1347,2,soybean,,1,1.0,accepted
1348,2,soybean,,1,1.0,accepted
1349,2,gram,,1,1.0,accepted
1351,2,tur,,1,1.0,accepted
1352,2,gram,,1,1.0,accepted
1353,2,onion,,1,1.0,accepted
1354,2,cotton,,1,1.0,accepted
1355,2,soybean,,1,1.0,accepted
1356,2,cotton,,1,1.0,accepted
1357,2,soybean,,1,1.0,accepted
1358,2,soybean,,1,1.0,accepted
1359,2,cotton,,1,1.0,accepted
136,2,tur,,1,1.0,accepted
1361,2,soybean,,1,1.0,accepted
1362,2,cotton,,3,1.0,rejected_after_retries: clarifying_question is missing or too short to be specific
1363,2,cotton,,1,1.0,accepted
1365,2,cotton,,2,1.0,accepted
1367,2,cotton,,1,1.0,accepted
1368,2,tomato,,1,1.0,accepted
137,2,tomato,,1,1.0,accepted
1370,2,cotton,,1,1.0,accepted
1372,2,soybean,,1,1.0,accepted
1373,2,cotton,,1,1.0,accepted
1374,2,soybean,,1,1.0,accepted
1375,2,cotton,,1,1.0,accepted
1376,2,onion,,1,1.0,accepted
1377,2,cotton,,1,1.0,accepted
1378,2,onion,,1,1.0,accepted
1379,2,onion,,1,1.0,"excluded: pest 'blight' is a known-damaged label_db fragment (unmatchable: bare head noun, no pathogen named)"
138,2,cotton,,2,1.0,accepted
1381,2,tur,,1,1.0,accepted
1382,2,gram,,1,1.0,accepted
1383,2,onion,,2,1.0,accepted
1384,2,tur,,1,1.0,accepted
1385,2,onion,,1,1.0,accepted
1386,2,onion,,1,1.0,"excluded: pest 'blight' is a known-damaged label_db fragment (unmatchable: bare head noun, no pathogen named)"
1390,2,tur,,1,1.0,accepted
1391,2,tur,,1,1.0,accepted
1392,2,tur,,1,1.0,accepted
1394,2,cotton,,1,1.0,accepted
1395,2,tur,,1,1.0,accepted
1396,2,tomato,,1,1.0,accepted
14,2,cotton,,1,1.0,accepted
1400,2,gram,,1,1.0,accepted
1401,2,grape,,3,1.0,accepted
1403,2,onion,,1,1.0,accepted
1404,2,cotton,,1,1.0,accepted
1405,2,tur,,1,1.0,accepted
1406,2,tur,,1,1.0,accepted
1407,2,tur,,1,1.0,accepted
141,2,tomato,,1,1.0,accepted
1410,2,cotton,,1,1.0,accepted
1413,2,gram,,1,1.0,"excluded: pest 'blight' is a known-damaged label_db fragment (unmatchable: bare head noun, no pathogen named)"
1414,2,gram,,1,1.0,accepted
1418,2,tur,,1,1.0,accepted
142,2,onion,,1,1.0,accepted
1420,2,onion,,1,1.0,"excluded: pest 'blight' is a known-damaged label_db fragment (unmatchable: bare head noun, no pathogen named)"
1421,2,tur,,1,1.0,accepted
1423,2,tur,,1,1.0,accepted
1424,2,gram,,1,1.0,accepted
1425,2,gram,,1,1.0,accepted
1426,2,tur,,1,1.0,accepted
1427,2,gram,,1,1.0,accepted
1428,2,tomato,,1,1.0,accepted
1429,2,tur,,1,1.0,accepted
143,2,gram,,1,1.0,accepted
1431,2,tur,,1,1.0,accepted
1432,2,gram,,1,1.0,accepted
1433,2,onion,,1,1.0,accepted
1434,2,gram,,1,1.0,accepted
1436,2,tur,,1,1.0,accepted
1437,2,soybean,,1,1.0,accepted
1439,2,soybean,,1,1.0,accepted
144,2,soybean,,1,1.0,accepted
1441,2,cotton,,1,1.0,accepted
1442,2,tur,,2,1.0,accepted
1446,2,soybean,,3,0.0,rejected_after_retries: G1: output is not JSON (Expecting value: line 1 column 1 (char 0))
1448,2,soybean,,1,1.0,accepted
1449,2,cotton,,1,1.0,accepted
145,2,cotton,,1,1.0,accepted
1451,2,pomegranate,,1,1.0,accepted
1452,2,cotton,,1,1.0,accepted
1453,2,cotton,,1,1.0,accepted
1454,2,soybean,,3,1.0,rejected_after_retries: clarifying_question is missing or too short to be specific
1455,2,tomato,,1,1.0,"excluded: pest 'blight' is a known-damaged label_db fragment (unmatchable: bare head noun, no pathogen named)"
1456,2,soybean,,1,1.0,accepted
1459,2,soybean,,1,1.0,accepted
146,2,cotton,,1,1.0,accepted
1464,2,soybean,,1,1.0,accepted
1466,2,cotton,,1,1.0,accepted
1467,2,cotton,,1,1.0,accepted
1468,2,cotton,,1,1.0,accepted
1469,2,cotton,,1,1.0,accepted
1470,2,tur,,1,1.0,accepted
1472,2,soybean,,1,1.0,accepted
1474,2,onion,,1,1.0,accepted
1475,2,soybean,,1,1.0,accepted
1477,2,soybean,,1,1.0,accepted
1478,2,cotton,,1,1.0,accepted
1479,2,cotton,,1,1.0,accepted
148,2,cotton,,1,1.0,accepted
1480,2,onion,,2,1.0,accepted
1481,2,onion,,1,1.0,accepted
1482,2,cotton,,1,1.0,accepted
1483,2,pomegranate,,1,1.0,accepted
1484,2,gram,,1,1.0,accepted
1485,2,gram,,1,1.0,accepted
1487,2,cotton,,1,1.0,accepted
1488,2,cotton,,1,1.0,accepted
1489,2,cotton,,2,1.0,accepted
1490,2,tur,,1,1.0,accepted
1491,2,tur,,1,1.0,accepted
1493,2,gram,,1,1.0,accepted
1494,2,onion,,1,1.0,accepted
1495,2,gram,,1,1.0,accepted
1496,2,onion,,1,1.0,accepted
1497,2,tur,,1,1.0,accepted
1498,2,onion,,1,1.0,accepted
1499,2,onion,,1,1.0,accepted
1500,2,tur,,1,1.0,accepted
1503,2,cotton,,1,1.0,accepted
1504,2,gram,,1,1.0,accepted
1505,2,gram,,1,1.0,accepted
1506,2,gram,,1,1.0,accepted
1507,2,onion,,1,1.0,accepted
1508,2,gram,,1,1.0,accepted
1509,2,cotton,,1,1.0,accepted
151,2,cotton,,1,1.0,accepted
1510,2,tur,,1,1.0,accepted
1511,2,tomato,,1,1.0,accepted
1513,2,soybean,,1,1.0,accepted
1514,2,soybean,,1,1.0,accepted
1515,2,cotton,,1,1.0,accepted
1516,2,cotton,,1,1.0,accepted
1517,2,cotton,,1,1.0,accepted
1518,2,cotton,,1,1.0,accepted
1519,2,cotton,,1,1.0,accepted
152,2,tomato,,1,1.0,accepted
1521,2,gram,,1,1.0,accepted
1523,2,tur,,1,1.0,accepted
1524,2,onion,,1,1.0,accepted
1525,2,tur,,1,1.0,accepted
1526,2,gram,,1,1.0,accepted
1527,2,onion,,1,1.0,accepted
1528,2,tur,,1,1.0,"excluded: pest 'blight' is a known-damaged label_db fragment (unmatchable: bare head noun, no pathogen named)"
1529,2,tur,,1,1.0,accepted
153,2,cotton,,1,1.0,accepted
1531,2,tur,,1,1.0,accepted
1533,2,cotton,,3,1.0,rejected_after_retries: clarifying_question is missing or too short to be specific
1534,2,cotton,,1,1.0,accepted
1535,2,tur,,1,1.0,accepted
1536,2,onion,,1,1.0,accepted
1538,2,soybean,,1,1.0,accepted
154,2,soybean,,2,1.0,accepted
1540,2,soybean,,2,1.0,accepted
1542,2,cotton,,1,1.0,accepted
1543,2,soybean,,1,1.0,accepted
1544,2,pomegranate,,1,1.0,accepted
1546,2,soybean,,1,1.0,accepted
1549,2,cotton,,2,1.0,accepted
155,2,cotton,,1,1.0,accepted
1551,2,onion,,1,1.0,accepted
1552,2,tur,,1,1.0,accepted
1553,2,cotton,,1,1.0,accepted
1554,2,cotton,,1,1.0,accepted
1555,2,cotton,,1,1.0,accepted
1558,2,cotton,,1,1.0,accepted
1559,2,soybean,,1,1.0,accepted
1560,2,soybean,,1,1.0,accepted
1562,2,soybean,,1,1.0,accepted
1563,2,soybean,,2,1.0,accepted
1564,2,cotton,,1,1.0,accepted
1565,2,soybean,,1,1.0,accepted
1567,2,cotton,,1,1.0,accepted
1568,2,cotton,,1,1.0,accepted
1569,2,soybean,,1,1.0,accepted
157,2,soybean,,1,1.0,accepted
1570,2,onion,,1,1.0,accepted
1573,2,tur,,1,1.0,"excluded: pest 'blight' is a known-damaged label_db fragment (unmatchable: bare head noun, no pathogen named)"
1574,2,cotton,,1,1.0,accepted
1575,2,tur,,1,1.0,accepted
1576,2,onion,,1,1.0,accepted
1577,2,onion,,2,1.0,accepted
1578,2,tomato,,1,1.0,accepted
1579,2,onion,,1,1.0,"excluded: pest 'blight' is a known-damaged label_db fragment (unmatchable: bare head noun, no pathogen named)"
158,2,cotton,,1,1.0,accepted
1580,2,onion,,1,1.0,accepted
1581,2,tur,,1,1.0,accepted
1582,2,onion,,1,1.0,accepted
1583,2,tur,,1,1.0,accepted
1584,2,onion,,1,1.0,accepted
1585,2,pomegranate,,1,1.0,accepted
1586,2,tur,,1,1.0,accepted
1587,2,gram,,1,1.0,accepted
1588,2,tur,,1,1.0,accepted
1589,2,tur,,1,1.0,accepted
159,2,cotton,,1,1.0,accepted
1590,2,tur,,1,1.0,accepted
1591,2,onion,,1,1.0,accepted
1592,2,cotton,,1,1.0,accepted
1593,2,tur,,1,1.0,accepted
1594,2,tur,,1,1.0,accepted
1595,2,soybean,,1,1.0,accepted
1596,2,cotton,,1,1.0,accepted
1597,2,cotton,,1,1.0,accepted
1598,2,soybean,,1,1.0,accepted
1599,2,tur,,2,1.0,accepted
160,2,soybean,,1,1.0,accepted
1600,2,tur,,1,1.0,accepted
1601,2,gram,,1,1.0,accepted
1602,2,onion,,1,1.0,accepted
1604,2,onion,,1,1.0,accepted
1605,2,cotton,,1,1.0,accepted
1606,2,pomegranate,,1,1.0,accepted
1607,2,soybean,,1,1.0,accepted
1608,2,cotton,,1,1.0,accepted
161,2,soybean,,1,1.0,accepted
1610,2,soybean,,1,1.0,accepted
1611,2,soybean,,1,1.0,accepted
1612,2,tur,,1,1.0,accepted
1614,2,onion,,1,1.0,accepted
1615,2,onion,,1,1.0,accepted
1617,2,cotton,,2,1.0,accepted
1618,2,cotton,,1,1.0,accepted
1619,2,gram,,1,1.0,accepted
1620,2,tur,,1,1.0,accepted
1621,2,tur,,1,1.0,accepted
1622,2,tur,,1,1.0,accepted
1623,2,cotton,,1,1.0,accepted
1626,2,tomato,,1,1.0,accepted
1627,2,cotton,,1,1.0,accepted
1628,2,pomegranate,,1,1.0,accepted
163,2,soybean,,1,1.0,accepted
1630,2,cotton,,1,1.0,accepted
1631,2,soybean,,1,1.0,accepted
1632,2,cotton,,1,1.0,accepted
1633,2,soybean,,1,1.0,accepted
1634,2,soybean,,1,1.0,accepted
1636,2,soybean,,1,1.0,accepted
1637,2,onion,,1,1.0,accepted
164,2,soybean,,1,1.0,accepted
1641,2,cotton,,1,1.0,accepted
1643,2,cotton,,2,1.0,accepted
1645,2,tomato,,1,1.0,excluded: pest 'spot' is a known-damaged label_db fragment (unmatchable: truncated cell)
1646,2,cotton,,1,1.0,accepted
1648,2,cotton,,1,1.0,accepted
1649,2,tur,,1,1.0,accepted
165,2,soybean,,1,1.0,accepted
1650,2,soybean,,1,1.0,accepted
1651,2,tur,,1,1.0,accepted
1652,2,soybean,,1,1.0,accepted
1653,2,tomato,,1,1.0,accepted
1654,2,tur,,1,1.0,"excluded: pest 'blight' is a known-damaged label_db fragment (unmatchable: bare head noun, no pathogen named)"
1655,2,soybean,,1,1.0,accepted
1657,2,cotton,,1,1.0,accepted
1659,2,onion,,1,1.0,accepted
166,2,cotton,,1,1.0,accepted
1661,2,cotton,,2,1.0,accepted
1663,2,soybean,,1,1.0,accepted
1664,2,tur,,1,1.0,accepted
1665,2,soybean,,1,1.0,accepted
1666,2,soybean,,1,1.0,accepted
1667,2,onion,,1,1.0,accepted
1668,2,soybean,,1,1.0,accepted
1669,2,soybean,,1,1.0,accepted
167,2,cotton,,2,1.0,accepted
1671,2,soybean,,1,1.0,accepted
1672,2,tur,,1,1.0,accepted
1673,2,tur,,1,1.0,accepted
1674,2,cotton,,1,1.0,accepted
1677,2,cotton,,1,1.0,accepted
1678,2,cotton,,1,1.0,accepted
1679,2,cotton,,1,1.0,accepted
168,2,soybean,,1,1.0,accepted
1680,2,soybean,,1,1.0,accepted
1681,2,soybean,,1,1.0,accepted
1682,2,soybean,,1,1.0,accepted
1683,2,soybean,,1,1.0,accepted
1684,2,soybean,,1,1.0,accepted
1686,2,onion,,1,1.0,accepted
1687,2,pomegranate,,1,1.0,accepted
1690,2,gram,,1,1.0,accepted
1691,2,tomato,,1,1.0,accepted
1693,2,gram,,1,1.0,accepted
1694,2,gram,,1,1.0,accepted
1695,2,gram,,1,1.0,accepted
1696,2,gram,,1,1.0,accepted
1697,2,tomato,,1,1.0,accepted
1699,2,gram,,1,1.0,"excluded: pest 'blight' is a known-damaged label_db fragment (unmatchable: bare head noun, no pathogen named)"
17,2,tomato,,2,1.0,accepted
170,2,cotton,,1,1.0,accepted
1700,2,soybean,,2,1.0,accepted
1701,2,onion,,1,1.0,accepted
1702,2,tur,,1,1.0,accepted
1703,2,gram,,1,1.0,accepted
1704,2,soybean,,1,1.0,accepted
1706,2,onion,,1,1.0,accepted
1707,2,tur,,1,1.0,accepted
1708,2,gram,,1,1.0,accepted
1709,2,gram,,1,1.0,accepted
1710,2,gram,,1,1.0,accepted
1711,2,cotton,,1,1.0,"excluded: pest 'blight' is a known-damaged label_db fragment (unmatchable: bare head noun, no pathogen named)"
1712,2,tur,,1,1.0,"excluded: pest 'blight' is a known-damaged label_db fragment (unmatchable: bare head noun, no pathogen named)"
1713,2,tur,,1,1.0,accepted
1714,2,tur,,1,1.0,accepted
1715,2,tomato,,2,1.0,accepted
1716,2,gram,,1,1.0,accepted
1717,2,gram,,1,1.0,accepted
1718,2,gram,,1,1.0,accepted
1719,2,gram,,1,1.0,accepted
172,2,cotton,,1,1.0,accepted
1720,2,gram,,1,1.0,accepted
1721,2,gram,,1,1.0,accepted
1722,2,gram,,1,1.0,accepted
1723,2,gram,,1,1.0,accepted
1724,2,cotton,,1,1.0,accepted
1725,2,tomato,,1,1.0,"excluded: pest 'blight' is a known-damaged label_db fragment (unmatchable: bare head noun, no pathogen named)"
1727,2,tur,,1,1.0,accepted
1728,2,cotton,,1,1.0,accepted
1729,2,tomato,,1,1.0,accepted
1731,2,cotton,,1,1.0,accepted
1732,2,cotton,,1,1.0,accepted
1734,2,gram,,1,1.0,accepted
1735,2,onion,,1,1.0,accepted
1736,2,cotton,,1,1.0,accepted
1737,2,cotton,,1,1.0,accepted
1739,2,cotton,,1,1.0,accepted
1740,2,tur,,1,1.0,accepted
1742,2,cotton,,1,1.0,accepted
1743,2,tomato,,1,1.0,accepted
1744,2,onion,,1,1.0,accepted
1746,2,soybean,,1,1.0,accepted
1747,2,onion,,1,1.0,accepted
1748,2,tomato,,1,1.0,accepted
175,2,cotton,,1,1.0,accepted
1750,2,tomato,,1,1.0,accepted
1751,2,soybean,,2,1.0,accepted
1753,2,tomato,,1,1.0,accepted
1755,2,gram,,1,1.0,accepted
1756,2,tur,,1,1.0,accepted
1758,2,tomato,,1,1.0,accepted
1759,2,pomegranate,,1,1.0,accepted
176,2,cotton,,1,1.0,accepted
1760,2,gram,,1,1.0,accepted
1764,2,gram,,1,1.0,accepted
1765,2,gram,,1,1.0,accepted
1766,2,gram,,2,1.0,accepted
1767,2,tur,,1,1.0,accepted
1768,2,cotton,,1,1.0,accepted
1769,2,cotton,,1,1.0,accepted
177,2,cotton,,2,1.0,accepted
1771,2,cotton,,1,1.0,accepted
1772,2,cotton,,1,1.0,accepted
1773,2,tur,,1,1.0,accepted
1774,2,cotton,,1,1.0,accepted
1776,2,cotton,,1,1.0,accepted
1777,2,cotton,,1,1.0,accepted
1778,2,cotton,,1,1.0,accepted
1779,2,gram,,1,1.0,accepted
1780,2,cotton,,1,1.0,accepted
1781,2,cotton,,1,1.0,accepted
1782,2,gram,,1,1.0,accepted
1783,2,onion,,1,1.0,accepted
1784,2,pomegranate,,1,1.0,excluded: pest 'rot' is a known-damaged label_db fragment (unmatchable: truncated cell)
1785,2,grape,,1,1.0,accepted
1788,2,soybean,,1,1.0,accepted
1789,2,gram,,1,1.0,accepted
179,2,cotton,,1,1.0,accepted
1790,2,pomegranate,,1,1.0,accepted
1791,2,gram,,1,1.0,"excluded: pest 'blight' is a known-damaged label_db fragment (unmatchable: bare head noun, no pathogen named)"
1792,2,pomegranate,,1,1.0,accepted
1793,2,onion,,1,1.0,accepted
1794,2,onion,,1,1.0,accepted
1795,2,gram,,1,1.0,accepted
1796,2,gram,,1,1.0,accepted
1797,2,gram,,3,1.0,accepted
1798,2,tur,,1,1.0,accepted
1799,2,cotton,,1,1.0,accepted
18,2,soybean,,1,1.0,accepted
1800,2,gram,,1,1.0,accepted
1801,2,gram,,1,1.0,accepted
1802,2,soybean,,1,1.0,accepted
1803,2,gram,,1,1.0,accepted
1804,2,gram,,1,1.0,accepted
1805,2,tur,,1,1.0,accepted
1806,2,grape,,1,1.0,accepted
1807,2,gram,,2,1.0,accepted
1809,2,onion,,1,1.0,accepted
181,2,soybean,,1,1.0,accepted
1810,2,gram,,1,1.0,accepted
1813,2,tur,,1,1.0,accepted
1814,2,gram,,1,1.0,accepted
1815,2,tomato,,1,1.0,accepted
1817,2,tur,,1,1.0,accepted
1818,2,cotton,,2,1.0,accepted
1819,2,onion,,1,1.0,accepted
182,2,cotton,,1,1.0,accepted
1820,2,cotton,,1,1.0,excluded: pest 'rot' is a known-damaged label_db fragment (unmatchable: truncated cell)
1821,2,cotton,,1,1.0,accepted
1823,2,tur,,1,1.0,"excluded: pest 'blight' is a known-damaged label_db fragment (unmatchable: bare head noun, no pathogen named)"
1826,2,cotton,,1,1.0,accepted
1829,2,tur,,1,1.0,accepted
1831,2,cotton,,1,1.0,accepted
1832,2,cotton,,1,1.0,accepted
1835,2,gram,,1,1.0,"excluded: pest 'blight' is a known-damaged label_db fragment (unmatchable: bare head noun, no pathogen named)"
1836,2,tomato,,1,1.0,accepted
1837,2,pomegranate,,1,1.0,accepted
184,2,onion,,1,1.0,accepted
1840,2,gram,,1,1.0,accepted
1841,2,soybean,,1,1.0,accepted
1842,2,gram,,1,1.0,accepted
1844,2,tur,,1,1.0,accepted
1845,2,cotton,,1,1.0,accepted
1847,2,onion,,1,1.0,accepted
1848,2,tomato,,1,1.0,accepted
1849,2,cotton,,1,1.0,accepted
1853,2,soybean,,1,1.0,accepted
1854,2,cotton,,1,1.0,accepted
1855,2,onion,,1,1.0,accepted
1857,2,onion,,1,1.0,accepted
1859,2,cotton,,1,1.0,accepted
186,2,tomato,,1,1.0,accepted
1860,2,cotton,,1,1.0,accepted
1861,2,cotton,,1,1.0,accepted
1862,2,tomato,,1,1.0,accepted
1863,2,soybean,,3,0.0,rejected_after_retries: G1: output is not JSON (Expecting value: line 1 column 1 (char 0))
1864,2,cotton,,1,1.0,excluded: pest 'rot' is a known-damaged label_db fragment (unmatchable: truncated cell)
1865,2,cotton,,1,1.0,accepted
1867,2,cotton,,1,1.0,accepted
187,2,cotton,,1,1.0,accepted
1872,2,cotton,,1,1.0,accepted
1873,2,cotton,,1,1.0,accepted
1874,2,cotton,,1,1.0,accepted
1875,2,tomato,,1,1.0,accepted
1876,2,cotton,,1,1.0,accepted
1879,2,pomegranate,,2,1.0,accepted
1881,2,tur,,2,1.0,accepted
1882,2,gram,,1,1.0,accepted
1883,2,gram,,1,1.0,accepted
1884,2,gram,,1,1.0,accepted
1885,2,tomato,,2,1.0,accepted
1888,2,cotton,,1,1.0,accepted
1889,2,tomato,,1,1.0,accepted
189,2,gram,,2,1.0,accepted
1892,2,soybean,,1,1.0,accepted
1894,2,soybean,,1,1.0,accepted
1897,2,cotton,,1,1.0,accepted
1898,2,cotton,,1,1.0,accepted
1899,2,soybean,,1,1.0,accepted
19,2,tomato,,1,1.0,accepted
190,2,onion,,1,1.0,accepted
1902,2,cotton,,1,1.0,accepted
1904,2,soybean,,1,1.0,accepted
1905,2,cotton,,1,1.0,"excluded: pest 'blight' is a known-damaged label_db fragment (unmatchable: bare head noun, no pathogen named)"
1906,2,cotton,,1,1.0,accepted
1907,2,soybean,,1,1.0,accepted
1908,2,tomato,,1,1.0,accepted
191,2,tur,,1,1.0,accepted
1910,2,cotton,,1,1.0,accepted
1911,2,soybean,,1,1.0,accepted
1912,2,cotton,,1,1.0,accepted
1917,2,soybean,,1,1.0,accepted
192,2,cotton,,2,1.0,accepted
1923,2,cotton,,1,1.0,accepted
1924,2,soybean,,1,1.0,accepted
1926,2,soybean,,1,1.0,accepted
1927,2,cotton,,1,1.0,accepted
1928,2,cotton,,1,1.0,"excluded: pest 'blight' is a known-damaged label_db fragment (unmatchable: bare head noun, no pathogen named)"
1929,2,cotton,,1,1.0,accepted
193,2,cotton,,1,1.0,accepted
1931,2,soybean,,1,1.0,accepted
1932,2,grape,,1,1.0,accepted
1933,2,soybean,,3,0.0,rejected_after_retries: G1: output is not JSON (Expecting value: line 1 column 1 (char 0))
1935,2,cotton,,1,1.0,accepted
1936,2,soybean,,1,1.0,accepted
1938,2,soybean,,1,1.0,accepted
1939,2,soybean,,1,1.0,accepted
194,2,soybean,,1,1.0,accepted
1940,2,cotton,,1,1.0,"excluded: pest 'blight' is a known-damaged label_db fragment (unmatchable: bare head noun, no pathogen named)"
1941,2,soybean,,1,1.0,accepted
1942,2,cotton,,1,1.0,accepted
1943,2,pomegranate,,1,1.0,accepted
1947,2,cotton,,2,1.0,accepted
1948,2,cotton,,1,1.0,accepted
1949,2,cotton,,1,1.0,accepted
1951,2,onion,,1,1.0,accepted
1952,2,tomato,,1,1.0,"excluded: pest 'blight' is a known-damaged label_db fragment (unmatchable: bare head noun, no pathogen named)"
1954,2,tomato,,1,1.0,accepted
1955,2,tomato,,1,1.0,accepted
1956,2,tomato,,1,1.0,accepted
1957,2,cotton,,1,1.0,accepted
1958,2,tur,,1,1.0,accepted
1959,2,cotton,,2,1.0,accepted
196,2,soybean,,1,1.0,accepted
1960,2,cotton,,1,1.0,accepted
1961,2,tomato,,1,1.0,accepted
1966,2,cotton,,1,1.0,accepted
1967,2,onion,,2,1.0,accepted
1968,2,cotton,,1,1.0,accepted
1970,2,cotton,,1,1.0,excluded: pest 'rot' is a known-damaged label_db fragment (unmatchable: truncated cell)
1971,2,onion,,1,1.0,accepted
1972,2,tur,,1,1.0,accepted
1975,2,cotton,,1,1.0,accepted
1977,2,cotton,,1,1.0,"excluded: pest 'blight' is a known-damaged label_db fragment (unmatchable: bare head noun, no pathogen named)"
1978,2,pomegranate,,1,1.0,accepted
1980,2,onion,,1,1.0,accepted
1981,2,soybean,,1,1.0,accepted
1982,2,tomato,,2,1.0,accepted
1983,2,soybean,,1,1.0,accepted
1984,2,cotton,,1,1.0,accepted
1986,2,cotton,,1,1.0,accepted
1988,2,cotton,,1,1.0,accepted
1989,2,cotton,,1,1.0,accepted
1991,2,tomato,,1,1.0,accepted
1993,2,cotton,,1,1.0,accepted
1995,2,soybean,,1,1.0,accepted
1996,2,cotton,,1,1.0,accepted
1997,2,cotton,,1,1.0,accepted
1998,2,grape,,1,1.0,accepted
1999,2,pomegranate,,1,1.0,accepted
2,2,onion,,1,1.0,accepted
20,2,tur,,1,1.0,accepted
2001,2,soybean,,1,1.0,accepted
2002,2,tur,,1,1.0,accepted
2003,2,soybean,,1,1.0,accepted
2004,2,soybean,,1,1.0,accepted
2006,2,soybean,,2,1.0,accepted
2009,2,cotton,,1,1.0,accepted
2011,2,cotton,,1,1.0,accepted
2012,2,onion,,1,1.0,accepted
2013,2,tomato,,1,1.0,accepted
2014,2,onion,,1,1.0,accepted
2015,2,cotton,,1,1.0,accepted
2016,2,soybean,,1,1.0,accepted
2017,2,cotton,,1,1.0,accepted
2018,2,cotton,,1,1.0,accepted
2020,2,cotton,,1,1.0,accepted
2021,2,cotton,,1,1.0,accepted
2022,2,onion,,1,1.0,accepted
2023,2,cotton,,1,1.0,accepted
2024,2,cotton,,1,1.0,accepted
2025,2,cotton,,1,1.0,accepted
2026,2,onion,,1,1.0,accepted
2027,2,soybean,,1,1.0,accepted
2028,2,soybean,,1,1.0,accepted
2029,2,soybean,,1,1.0,accepted
203,2,soybean,,2,1.0,accepted
2031,2,cotton,,1,1.0,accepted
2032,2,cotton,,1,1.0,accepted
2033,2,cotton,,1,1.0,accepted
2034,2,pomegranate,,1,1.0,accepted
2036,2,pomegranate,,1,1.0,accepted
2037,2,soybean,,1,1.0,accepted
2038,2,cotton,,1,1.0,accepted
2039,2,cotton,,1,1.0,accepted
2042,2,soybean,,1,1.0,accepted
2043,2,cotton,,1,1.0,accepted
2044,2,onion,,1,1.0,accepted
2045,2,onion,,1,1.0,accepted
2046,2,soybean,,1,1.0,accepted
2047,2,cotton,,1,1.0,accepted
2049,2,tomato,,1,1.0,accepted
2050,2,cotton,,1,1.0,accepted
2051,2,onion,,1,1.0,"excluded: pest 'blight' is a known-damaged label_db fragment (unmatchable: bare head noun, no pathogen named)"
2055,2,cotton,,1,1.0,accepted
2056,2,tomato,,1,1.0,accepted
2059,2,cotton,,2,1.0,accepted
2060,2,cotton,,1,1.0,accepted
2061,2,cotton,,1,1.0,accepted
2062,2,soybean,,3,0.0,rejected_after_retries: no backend response
2064,2,onion,,1,1.0,accepted
2065,2,soybean,,1,1.0,accepted
2068,2,cotton,,1,1.0,accepted
2069,2,pomegranate,,1,1.0,accepted
207,2,cotton,,2,1.0,accepted
2070,2,cotton,,1,1.0,accepted
2072,2,cotton,,1,1.0,accepted
2074,2,tomato,,1,1.0,"excluded: pest 'blight' is a known-damaged label_db fragment (unmatchable: bare head noun, no pathogen named)"
2076,2,cotton,,1,1.0,accepted
2077,2,soybean,,2,1.0,accepted
2078,2,tomato,,2,1.0,accepted
2079,2,cotton,,1,1.0,accepted
208,2,soybean,,1,1.0,accepted
2080,2,tomato,,1,1.0,accepted
2083,2,soybean,,1,1.0,accepted
2085,2,tomato,,1,1.0,accepted
2086,2,tomato,,1,1.0,"excluded: pest 'blight' is a known-damaged label_db fragment (unmatchable: bare head noun, no pathogen named)"
2087,2,soybean,,1,1.0,accepted
2088,2,cotton,,1,1.0,accepted
209,2,soybean,,1,1.0,accepted
2090,2,tomato,,1,1.0,accepted
2091,2,soybean,,1,1.0,accepted
2094,2,tur,,1,1.0,accepted
2095,2,cotton,,1,1.0,accepted
2096,2,cotton,,1,1.0,accepted
2097,2,tur,,1,1.0,accepted
210,2,soybean,,1,1.0,accepted
2100,2,cotton,,1,1.0,accepted
2101,2,cotton,,1,1.0,accepted
2102,2,gram,,1,1.0,accepted
2103,2,cotton,,1,1.0,accepted
2105,2,cotton,,1,1.0,accepted
2106,2,cotton,,1,1.0,accepted
2108,2,tur,,1,1.0,"excluded: pest 'blight' is a known-damaged label_db fragment (unmatchable: bare head noun, no pathogen named)"
2109,2,cotton,,1,1.0,accepted
211,2,cotton,,1,1.0,accepted
2110,2,cotton,,1,1.0,accepted
2111,2,soybean,,1,1.0,accepted
2112,2,cotton,,2,1.0,accepted
2113,2,cotton,,1,1.0,accepted
2115,2,cotton,,1,1.0,accepted
2116,2,onion,,1,1.0,accepted
2117,2,cotton,,1,1.0,accepted
2119,2,tomato,,1,1.0,accepted
212,2,soybean,,1,1.0,accepted
2121,2,grape,,1,1.0,accepted
2122,2,tur,,1,1.0,accepted
2123,2,cotton,,1,1.0,accepted
2124,2,tomato,,2,1.0,accepted
2125,2,tur,,1,1.0,accepted
2126,2,cotton,,1,1.0,accepted
2128,2,cotton,,1,1.0,accepted
213,2,soybean,,2,1.0,accepted
2130,2,cotton,,1,1.0,accepted
2131,2,soybean,,1,1.0,accepted
2132,2,cotton,,1,1.0,accepted
2133,2,onion,,1,1.0,accepted
2134,2,soybean,,1,1.0,accepted
2135,2,cotton,,1,1.0,"excluded: pest 'blight' is a known-damaged label_db fragment (unmatchable: bare head noun, no pathogen named)"
2136,2,soybean,,1,1.0,accepted
2137,2,cotton,,1,1.0,accepted
2138,2,cotton,,1,1.0,accepted
2139,2,tur,,1,1.0,accepted
2141,2,tur,,1,1.0,accepted
2142,2,gram,,1,1.0,accepted
2144,2,onion,,1,1.0,accepted
2146,2,cotton,,1,1.0,accepted
2147,2,tur,,1,1.0,accepted
215,2,soybean,,1,1.0,accepted
2151,2,onion,,1,1.0,accepted
2152,2,gram,,1,1.0,accepted
2154,2,tomato,,1,1.0,accepted
2155,2,soybean,,1,1.0,accepted
2156,2,cotton,,1,1.0,accepted
2157,2,pomegranate,,1,1.0,accepted
2158,2,grape,,2,1.0,accepted
2159,2,gram,,1,1.0,accepted
2160,2,cotton,,1,1.0,accepted
2164,2,cotton,,1,1.0,accepted
2165,2,cotton,,1,1.0,accepted
2166,2,tur,,1,1.0,accepted
2168,2,cotton,,1,1.0,accepted
2169,2,cotton,,1,1.0,accepted
217,2,tomato,,2,1.0,accepted
2170,2,cotton,,1,1.0,accepted
2172,2,soybean,,1,1.0,accepted
2173,2,cotton,,1,1.0,accepted
2174,2,pomegranate,,1,1.0,accepted
2175,2,cotton,,1,1.0,accepted
2176,2,soybean,,1,1.0,accepted
2177,2,tur,,1,1.0,accepted
2178,2,pomegranate,,1,1.0,accepted
2179,2,tomato,,1,1.0,accepted
218,2,onion,,1,1.0,accepted
2180,2,cotton,,2,1.0,accepted
2181,2,pomegranate,,1,1.0,accepted
2182,2,gram,,1,1.0,accepted
2183,2,cotton,,2,1.0,accepted
2184,2,tomato,,1,1.0,accepted
2185,2,cotton,,1,1.0,accepted
2186,2,soybean,,1,1.0,accepted
2188,2,cotton,,1,1.0,accepted
219,2,cotton,,1,1.0,"excluded: pest 'blight' is a known-damaged label_db fragment (unmatchable: bare head noun, no pathogen named)"
2190,2,cotton,,1,1.0,accepted
2191,2,cotton,,1,1.0,accepted
2193,2,gram,,1,1.0,accepted
2194,2,soybean,,1,1.0,accepted
2195,2,cotton,,1,1.0,accepted
2198,2,pomegranate,,1,1.0,accepted
2199,2,tur,,1,1.0,accepted
22,2,cotton,,1,1.0,accepted
220,2,cotton,,1,1.0,accepted
2201,2,cotton,,1,1.0,accepted
2204,2,cotton,,1,1.0,accepted
2205,2,tomato,,1,1.0,accepted
2206,2,cotton,,1,1.0,accepted
2207,2,soybean,,2,1.0,accepted
2208,2,cotton,,1,1.0,accepted
2209,2,cotton,,1,1.0,accepted
221,2,cotton,,1,1.0,accepted
2210,2,cotton,,1,1.0,accepted
2211,2,tomato,,1,1.0,accepted
2212,2,cotton,,1,1.0,accepted
2213,2,cotton,,1,1.0,accepted
2216,2,soybean,,1,1.0,accepted
2217,2,cotton,,1,1.0,accepted
2219,2,cotton,,1,1.0,accepted
222,2,cotton,,1,1.0,accepted
2220,2,cotton,,1,1.0,accepted
2221,2,soybean,,3,1.0,accepted
2222,2,cotton,,1,1.0,accepted
2224,2,cotton,,1,1.0,accepted
2226,2,cotton,,1,1.0,accepted
2227,2,cotton,,1,1.0,accepted
223,2,tomato,,1,1.0,accepted
2230,2,cotton,,1,1.0,accepted
2232,2,cotton,,1,1.0,accepted
2233,2,cotton,,1,1.0,accepted
2234,2,cotton,,1,1.0,accepted
2235,2,soybean,,1,1.0,accepted
2236,2,tomato,,1,1.0,accepted
2237,2,cotton,,1,1.0,accepted
2238,2,soybean,,1,1.0,accepted
2239,2,onion,,1,1.0,accepted
224,2,onion,,1,1.0,accepted
2240,2,cotton,,1,1.0,accepted
2241,2,cotton,,1,1.0,accepted
2242,2,pomegranate,,1,1.0,accepted
2243,2,cotton,,1,1.0,accepted
2244,2,cotton,,1,1.0,accepted
2245,2,cotton,,1,1.0,accepted
2246,2,gram,,1,1.0,accepted
2248,2,onion,,1,1.0,"excluded: pest 'blight' is a known-damaged label_db fragment (unmatchable: bare head noun, no pathogen named)"
2249,2,gram,,1,1.0,"excluded: pest 'blight' is a known-damaged label_db fragment (unmatchable: bare head noun, no pathogen named)"
2250,2,onion,,1,1.0,accepted
2251,2,gram,,1,1.0,accepted
2252,2,onion,,1,1.0,accepted
2253,2,onion,,1,1.0,accepted
2254,2,gram,,1,1.0,accepted
2255,2,pomegranate,,1,1.0,accepted
2256,2,tur,,1,1.0,accepted
2257,2,gram,,1,1.0,accepted
2258,2,onion,,1,1.0,accepted
2259,2,pomegranate,,1,1.0,accepted
226,2,onion,,1,1.0,accepted
2262,2,cotton,,1,1.0,accepted
2263,2,soybean,,1,1.0,accepted
2266,2,tur,,1,1.0,accepted
2267,2,tur,,1,1.0,accepted
227,2,grape,,1,1.0,accepted
2270,2,pomegranate,,1,1.0,accepted
2272,2,tur,,1,1.0,accepted
2273,2,soybean,,1,1.0,accepted
2274,2,tur,,1,1.0,accepted
2276,2,soybean,,1,1.0,accepted
2277,2,cotton,,1,1.0,accepted
2278,2,onion,,1,1.0,accepted
2279,2,cotton,,1,1.0,accepted
228,2,soybean,,1,1.0,accepted
2283,2,cotton,,1,1.0,accepted
2284,2,cotton,,1,1.0,accepted
2287,2,cotton,,1,1.0,accepted
2288,2,soybean,,1,1.0,accepted
2289,2,cotton,,1,1.0,accepted
229,2,soybean,,1,1.0,accepted
2290,2,cotton,,1,1.0,accepted
2291,2,cotton,,1,1.0,accepted
2292,2,cotton,,1,1.0,accepted
2293,2,cotton,,1,1.0,accepted
2294,2,cotton,,1,1.0,accepted
2295,2,tur,,1,1.0,accepted
2297,2,pomegranate,,1,1.0,accepted
2298,2,tur,,1,1.0,accepted
23,2,cotton,,1,1.0,accepted
230,2,cotton,,2,1.0,accepted
2300,2,cotton,,1,1.0,accepted
2303,2,cotton,,1,1.0,accepted
2304,2,tur,,1,1.0,accepted
2305,2,tomato,,1,1.0,accepted
2306,2,soybean,,1,1.0,accepted
2308,2,onion,,1,1.0,accepted
2309,2,soybean,,1,1.0,accepted
2312,2,cotton,,1,1.0,accepted
2314,2,tomato,,1,1.0,accepted
2316,2,soybean,,1,1.0,accepted
2317,2,tur,,1,1.0,accepted
2318,2,gram,,1,1.0,accepted
2319,2,cotton,,1,1.0,accepted
232,2,cotton,,1,1.0,accepted
2320,2,soybean,,1,1.0,accepted
2323,2,soybean,,1,1.0,accepted
2324,2,cotton,,1,1.0,accepted
2325,2,tomato,,1,1.0,accepted
2326,2,cotton,,1,1.0,accepted
2328,2,soybean,,1,1.0,accepted
2330,2,tomato,,1,1.0,accepted
2331,2,cotton,,1,1.0,accepted
2333,2,cotton,,1,1.0,accepted
2334,2,cotton,,1,1.0,accepted
2335,2,gram,,1,1.0,accepted
2336,2,soybean,,1,1.0,accepted
2337,2,pomegranate,,1,1.0,accepted
234,2,cotton,,1,1.0,accepted
2340,2,tur,,1,1.0,accepted
2341,2,onion,,1,1.0,accepted
2342,2,soybean,,1,1.0,accepted
2343,2,pomegranate,,1,1.0,accepted
2344,2,tomato,,1,1.0,accepted
2345,2,cotton,,1,1.0,accepted
2346,2,cotton,,1,1.0,accepted
2347,2,cotton,,1,1.0,accepted
2348,2,cotton,,1,1.0,accepted
2349,2,cotton,,1,1.0,accepted
2350,2,soybean,,1,1.0,accepted
2354,2,soybean,,1,1.0,accepted
2356,2,tur,,1,1.0,accepted
2357,2,soybean,,1,1.0,accepted
2359,2,cotton,,1,1.0,accepted
236,2,cotton,,1,1.0,accepted
2360,2,cotton,,1,1.0,accepted
2361,2,onion,,1,1.0,accepted
2362,2,soybean,,1,1.0,accepted
2363,2,cotton,,1,1.0,accepted
2364,2,cotton,,1,1.0,accepted
2365,2,cotton,,1,1.0,accepted
2366,2,gram,,1,1.0,accepted
2367,2,cotton,,1,1.0,accepted
2368,2,tomato,,1,1.0,accepted
2369,2,grape,,1,1.0,accepted
2371,2,gram,,1,1.0,accepted
2372,2,soybean,,1,1.0,accepted
2374,2,cotton,,1,1.0,accepted
2375,2,cotton,,1,1.0,accepted
2376,2,cotton,,2,1.0,accepted
2377,2,gram,,2,1.0,accepted
2378,2,soybean,,1,1.0,accepted
2379,2,cotton,,2,1.0,accepted
238,2,tomato,,2,1.0,accepted
2381,2,cotton,,1,1.0,accepted
2383,2,cotton,,1,1.0,accepted
2384,2,soybean,,1,1.0,accepted
2385,2,soybean,,1,1.0,accepted
2386,2,cotton,,1,1.0,accepted
2389,2,onion,,1,1.0,"excluded: pest 'blight' is a known-damaged label_db fragment (unmatchable: bare head noun, no pathogen named)"
239,2,gram,,1,1.0,accepted
2390,2,cotton,,1,1.0,accepted
2392,2,cotton,,1,1.0,accepted
2393,2,tur,,1,1.0,accepted
2394,2,pomegranate,,1,1.0,accepted
2395,2,onion,,1,1.0,accepted
2396,2,cotton,,1,1.0,accepted
2397,2,tomato,,1,1.0,"excluded: pest 'blight' is a known-damaged label_db fragment (unmatchable: bare head noun, no pathogen named)"
2399,2,cotton,,1,1.0,accepted
24,2,cotton,,2,1.0,accepted
240,2,soybean,,1,1.0,accepted
2400,2,cotton,,1,1.0,accepted
2401,2,cotton,,1,1.0,accepted
2402,2,cotton,,1,1.0,accepted
2403,2,soybean,,1,1.0,accepted
2404,2,cotton,,1,1.0,accepted
2405,2,soybean,,1,1.0,accepted
2407,2,cotton,,1,1.0,accepted
2409,2,cotton,,1,1.0,accepted
2410,2,tur,,1,1.0,accepted
2411,2,pomegranate,,1,1.0,accepted
2412,2,soybean,,1,1.0,accepted
2413,2,soybean,,1,1.0,accepted
2414,2,cotton,,1,1.0,accepted
2415,2,soybean,,1,1.0,accepted
2416,2,pomegranate,,1,1.0,accepted
2417,2,cotton,,1,1.0,accepted
2419,2,soybean,,2,1.0,accepted
242,2,cotton,,1,1.0,accepted
2421,2,tomato,,1,1.0,accepted
2422,2,cotton,,1,1.0,accepted
2423,2,onion,,2,1.0,accepted
2424,2,soybean,,1,1.0,accepted
2425,2,onion,,2,1.0,accepted
2426,2,onion,,1,1.0,accepted
2427,2,soybean,,1,1.0,accepted
2428,2,soybean,,1,1.0,accepted
2430,2,cotton,,1,1.0,accepted
2432,2,cotton,,1,1.0,accepted
2433,2,cotton,,1,1.0,accepted
2434,2,soybean,,1,1.0,accepted
2435,2,pomegranate,,1,1.0,accepted
2437,2,cotton,,1,1.0,accepted
2438,2,pomegranate,,1,1.0,accepted
244,2,soybean,,1,1.0,accepted
2441,2,soybean,,1,1.0,accepted
2442,2,cotton,,1,1.0,accepted
2443,2,tomato,,1,1.0,"excluded: pest 'blight' is a known-damaged label_db fragment (unmatchable: bare head noun, no pathogen named)"
2444,2,tomato,,1,1.0,"excluded: pest 'blight' is a known-damaged label_db fragment (unmatchable: bare head noun, no pathogen named)"
2445,2,cotton,,1,1.0,accepted
2446,2,soybean,,1,1.0,accepted
2447,2,soybean,,1,1.0,accepted
2448,2,soybean,,1,1.0,accepted
2449,2,cotton,,1,1.0,accepted
245,2,cotton,,1,1.0,accepted
2451,2,cotton,,1,1.0,accepted
2454,2,cotton,,1,1.0,accepted
2455,2,cotton,,1,1.0,accepted
2456,2,soybean,,1,1.0,accepted
2459,2,pomegranate,,2,1.0,accepted
246,2,tomato,,1,1.0,accepted
2460,2,onion,,1,1.0,accepted
2461,2,onion,,1,1.0,accepted
2462,2,pomegranate,,1,1.0,accepted
2464,2,gram,,1,1.0,accepted
2465,2,gram,,1,1.0,accepted
2466,2,gram,,1,1.0,accepted
2467,2,gram,,1,1.0,accepted
2468,2,gram,,1,1.0,accepted
2469,2,gram,,1,1.0,accepted
2471,2,onion,,1,1.0,accepted
2473,2,onion,,1,1.0,accepted
2474,2,gram,,1,1.0,accepted
2475,2,tomato,,1,1.0,accepted
2476,2,gram,,2,1.0,accepted
2477,2,gram,,1,1.0,accepted
2478,2,gram,,1,1.0,accepted
2479,2,cotton,,1,1.0,accepted
248,2,soybean,,1,1.0,accepted
2480,2,gram,,1,1.0,accepted
2481,2,cotton,,1,1.0,accepted
2482,2,cotton,,1,1.0,accepted
2484,2,tur,,1,1.0,accepted
2485,2,gram,,1,1.0,accepted
2486,2,tur,,1,1.0,accepted
2487,2,soybean,,1,1.0,accepted
2488,2,cotton,,1,1.0,accepted
2489,2,onion,,1,1.0,accepted
2490,2,tur,,1,1.0,accepted
2491,2,cotton,,1,1.0,accepted
2493,2,soybean,,1,1.0,accepted
2495,2,tur,,1,1.0,accepted
2496,2,cotton,,1,1.0,accepted
2497,2,soybean,,1,1.0,accepted
2498,2,soybean,,1,1.0,accepted
2499,2,soybean,,3,0.0,rejected_after_retries: G1: output is not JSON (Expecting value: line 1 column 1 (char 0))
25,2,tomato,,1,1.0,accepted
250,2,cotton,,1,1.0,accepted
2500,2,soybean,,1,1.0,accepted
2501,2,cotton,,1,1.0,accepted
2502,2,soybean,,1,1.0,accepted
2505,2,soybean,,1,1.0,accepted
2506,2,soybean,,1,1.0,accepted
2507,2,soybean,,1,1.0,accepted
2509,2,soybean,,1,1.0,accepted
251,2,cotton,,1,1.0,accepted
2511,2,soybean,,2,1.0,accepted
2512,2,soybean,,1,1.0,accepted
2514,2,soybean,,1,1.0,accepted
2515,2,tomato,,1,1.0,accepted
2517,2,pomegranate,,2,1.0,accepted
252,2,soybean,,1,1.0,accepted
2520,2,pomegranate,,1,1.0,accepted
2521,2,grape,,1,1.0,accepted
2522,2,tomato,,1,1.0,accepted
2523,2,pomegranate,,1,1.0,accepted
2524,2,pomegranate,,1,1.0,accepted
2525,2,cotton,,1,1.0,accepted
2526,2,soybean,,1,1.0,accepted
2527,2,grape,,1,1.0,accepted
2528,2,soybean,,1,1.0,accepted
2529,2,soybean,,2,1.0,accepted
253,2,cotton,,1,1.0,accepted
2530,2,soybean,,1,1.0,accepted
2531,2,cotton,,1,1.0,accepted
2532,2,soybean,,1,1.0,accepted
2533,2,soybean,,1,1.0,accepted
2536,2,cotton,,1,1.0,accepted
2537,2,soybean,,1,1.0,accepted
2538,2,soybean,,1,1.0,accepted
2539,2,soybean,,1,1.0,accepted
2540,2,soybean,,2,1.0,accepted
2541,2,cotton,,1,1.0,accepted
2542,2,soybean,,1,1.0,accepted
2544,2,soybean,,1,1.0,accepted
2545,2,soybean,,1,1.0,accepted
2546,2,soybean,,1,1.0,excluded: pest 'rot' is a known-damaged label_db fragment (unmatchable: truncated cell)
2547,2,soybean,,1,1.0,accepted
2548,2,gram,,1,1.0,accepted
2549,2,gram,,1,1.0,accepted
255,2,tur,,1,1.0,accepted
2551,2,onion,,1,1.0,accepted
2555,2,onion,,1,1.0,accepted
2556,2,gram,,1,1.0,accepted
2558,2,gram,,1,1.0,accepted
2559,2,onion,,1,1.0,accepted
2560,2,gram,,1,1.0,accepted
2562,2,gram,,1,1.0,accepted
2564,2,onion,,1,1.0,accepted
2565,2,grape,,1,1.0,accepted
2566,2,onion,,1,1.0,accepted
2569,2,gram,,1,1.0,accepted
2570,2,onion,,1,1.0,accepted
2571,2,cotton,,1,1.0,accepted
2573,2,cotton,,1,1.0,accepted
2574,2,tomato,,1,1.0,accepted
2577,2,pomegranate,,1,1.0,accepted
2578,2,onion,,1,1.0,accepted
2579,2,tur,,1,1.0,accepted
258,2,cotton,,1,1.0,accepted
2580,2,gram,,1,1.0,accepted
2581,2,tomato,,1,1.0,accepted
2583,2,onion,,1,1.0,accepted
2584,2,tomato,,1,1.0,accepted
2587,2,pomegranate,,1,1.0,accepted
259,2,cotton,,1,1.0,accepted
2590,2,soybean,,1,1.0,accepted
2591,2,soybean,,1,1.0,accepted
2592,2,pomegranate,,1,1.0,accepted
2593,2,cotton,,1,1.0,accepted
2594,2,tomato,,1,1.0,accepted
2597,2,cotton,,1,1.0,accepted
2599,2,soybean,,1,1.0,"excluded: pest 'blight' is a known-damaged label_db fragment (unmatchable: bare head noun, no pathogen named)"
260,2,cotton,,1,1.0,accepted
2601,2,tomato,,1,1.0,accepted
2604,2,pomegranate,,1,1.0,accepted
2605,2,tomato,,1,1.0,accepted
2606,2,soybean,,1,1.0,accepted
2607,2,tur,,1,1.0,accepted
2608,2,soybean,,1,1.0,accepted
2609,2,onion,,1,1.0,accepted
261,2,soybean,,1,1.0,accepted
2610,2,tomato,,1,1.0,accepted
2611,2,onion,,1,1.0,accepted
2614,2,gram,,1,1.0,accepted
2616,2,cotton,,1,1.0,accepted
2618,2,soybean,,1,1.0,accepted
2619,2,pomegranate,,1,1.0,accepted
2621,2,tomato,,1,1.0,accepted
2622,2,tomato,,1,1.0,accepted
2625,2,soybean,,1,1.0,accepted
2626,2,pomegranate,,1,1.0,accepted
2628,2,tur,,1,1.0,accepted
2629,2,soybean,,3,1.0,accepted
263,2,cotton,,1,1.0,accepted
2631,2,cotton,,1,1.0,accepted
2632,2,tur,,1,1.0,accepted
2633,2,cotton,,1,1.0,accepted
2635,2,cotton,,1,1.0,accepted
2637,2,cotton,,1,1.0,accepted
2638,2,cotton,,1,1.0,accepted
2639,2,cotton,,1,1.0,accepted
2641,2,soybean,,1,1.0,accepted
2643,2,tur,,1,1.0,accepted
2648,2,soybean,,1,1.0,accepted
265,2,soybean,,1,1.0,accepted
2655,2,soybean,,1,1.0,accepted
2656,2,cotton,,1,1.0,accepted
2657,2,soybean,,1,1.0,accepted
2658,2,soybean,,1,1.0,accepted
2659,2,tomato,,1,1.0,accepted
266,2,soybean,,1,1.0,accepted
2661,2,soybean,,1,1.0,accepted
2663,2,cotton,,2,1.0,accepted
2665,2,cotton,,2,1.0,accepted
2666,2,tur,,1,1.0,accepted
2668,2,tomato,,1,1.0,accepted
2669,2,soybean,,1,1.0,accepted
267,2,soybean,,1,1.0,accepted
2670,2,cotton,,1,1.0,accepted
2671,2,soybean,,1,1.0,accepted
2672,2,onion,,1,1.0,"excluded: pest 'blight' is a known-damaged label_db fragment (unmatchable: bare head noun, no pathogen named)"
2673,2,cotton,,1,1.0,accepted
2674,2,pomegranate,,2,1.0,accepted
2675,2,soybean,,1,1.0,accepted
2676,2,tomato,,1,1.0,accepted
2677,2,soybean,,1,1.0,accepted
2678,2,tur,,1,1.0,accepted
268,2,cotton,,1,1.0,accepted
2680,2,soybean,,1,1.0,accepted
2684,2,soybean,,1,1.0,accepted
2687,2,cotton,,1,1.0,accepted
269,2,onion,,1,1.0,accepted
2690,2,cotton,,1,1.0,accepted
2692,2,tur,,1,1.0,accepted
2695,2,pomegranate,,1,1.0,"excluded: pest 'blight' is a known-damaged label_db fragment (unmatchable: bare head noun, no pathogen named)"
2699,2,soybean,,1,1.0,accepted
27,2,cotton,,1,1.0,accepted
270,2,cotton,,1,1.0,accepted
2700,2,cotton,,1,1.0,"excluded: pest 'blight' is a known-damaged label_db fragment (unmatchable: bare head noun, no pathogen named)"
2704,2,tomato,,1,1.0,"excluded: pest 'blight' is a known-damaged label_db fragment (unmatchable: bare head noun, no pathogen named)"
2706,2,soybean,,1,1.0,accepted
2709,2,tur,,1,1.0,accepted
271,2,cotton,,1,1.0,accepted
2710,2,gram,,1,1.0,accepted
2711,2,tur,,1,1.0,accepted
2712,2,gram,,1,1.0,accepted
2713,2,onion,,1,1.0,accepted
2714,2,tur,,1,1.0,accepted
2716,2,tomato,,1,1.0,accepted
272,2,soybean,,1,1.0,accepted
2721,2,soybean,,1,1.0,accepted
2726,2,pomegranate,,1,1.0,accepted
2728,2,soybean,,1,1.0,accepted
273,2,onion,,1,1.0,accepted
2730,2,soybean,,1,1.0,accepted
2732,2,cotton,,1,1.0,accepted
2733,2,tomato,,1,1.0,accepted
2735,2,soybean,,2,1.0,accepted
2736,2,soybean,,1,1.0,accepted
2737,2,soybean,,1,1.0,accepted
2738,2,pomegranate,,1,1.0,accepted
274,2,cotton,,1,1.0,accepted
2741,2,soybean,,1,1.0,accepted
2743,2,onion,,1,1.0,accepted
2746,2,soybean,,1,1.0,accepted
2747,2,cotton,,1,1.0,accepted
2748,2,soybean,,1,1.0,accepted
2749,2,soybean,,1,1.0,accepted
275,2,onion,,1,1.0,accepted
2750,2,tomato,,2,1.0,accepted
2753,2,pomegranate,,1,1.0,excluded: pest 'spot' is a known-damaged label_db fragment (unmatchable: truncated cell)
2754,2,cotton,,1,1.0,accepted
2755,2,pomegranate,,1,1.0,accepted
2756,2,soybean,,1,1.0,accepted
2758,2,soybean,,1,1.0,accepted
2759,2,soybean,,1,1.0,accepted
276,2,tur,,1,1.0,accepted
2762,2,soybean,,1,1.0,accepted
2763,2,pomegranate,,1,1.0,accepted
2764,2,cotton,,1,1.0,accepted
2766,2,soybean,,1,1.0,accepted
2767,2,tur,,1,1.0,accepted
2768,2,soybean,,1,1.0,accepted
2769,2,tomato,,1,1.0,accepted
277,2,cotton,,1,1.0,accepted
2770,2,soybean,,1,1.0,accepted
2771,2,soybean,,1,1.0,accepted
2772,2,cotton,,1,1.0,accepted
2774,2,soybean,,1,1.0,accepted
2775,2,pomegranate,,2,1.0,accepted
2777,2,tomato,,1,1.0,accepted
2778,2,tomato,,1,1.0,accepted
2779,2,grape,,1,1.0,accepted
278,2,soybean,,1,1.0,accepted
2781,2,tomato,,1,1.0,accepted
2785,2,soybean,,1,1.0,accepted
2787,2,tomato,,1,1.0,accepted
2789,2,pomegranate,,1,1.0,accepted
279,2,onion,,1,1.0,accepted
2791,2,soybean,,1,1.0,accepted
2792,2,pomegranate,,1,1.0,accepted
2793,2,soybean,,1,1.0,accepted
2794,2,soybean,,2,1.0,accepted
2795,2,soybean,,1,1.0,accepted
2796,2,soybean,,1,1.0,accepted
2797,2,cotton,,1,1.0,accepted
2798,2,soybean,,1,1.0,"excluded: pest 'blight' is a known-damaged label_db fragment (unmatchable: bare head noun, no pathogen named)"
28,2,soybean,,1,1.0,accepted
2804,2,cotton,,1,1.0,accepted
2806,2,cotton,,1,1.0,accepted
2808,2,soybean,,1,1.0,accepted
2810,2,tomato,,1,1.0,accepted
2812,2,soybean,,1,1.0,accepted
2813,2,tomato,,2,1.0,accepted
2815,2,tomato,,1,1.0,accepted
2816,2,cotton,,2,1.0,accepted
2817,2,tur,,1,1.0,accepted
2818,2,tomato,,1,1.0,"excluded: pest 'blight' is a known-damaged label_db fragment (unmatchable: bare head noun, no pathogen named)"
2820,2,cotton,,1,1.0,accepted
2821,2,tur,,2,1.0,accepted
2822,2,tomato,,1,1.0,"excluded: pest 'blight' is a known-damaged label_db fragment (unmatchable: bare head noun, no pathogen named)"
2825,2,cotton,,1,1.0,accepted
2826,2,soybean,,1,1.0,accepted
2827,2,soybean,,1,1.0,accepted
2829,2,cotton,,2,1.0,accepted
283,2,soybean,,1,1.0,accepted
2830,2,soybean,,1,1.0,accepted
2831,2,tomato,,2,1.0,accepted
2833,2,tomato,,3,1.0,rejected_after_retries: clarifying_question is missing or too short to be specific
2834,2,soybean,,1,1.0,accepted
2835,2,soybean,,1,1.0,accepted
2837,2,cotton,,1,1.0,accepted
2838,2,tomato,,1,1.0,excluded: pest 'rot' is a known-damaged label_db fragment (unmatchable: truncated cell)
2839,2,pomegranate,,1,1.0,accepted
284,2,tomato,,1,1.0,accepted
2841,2,soybean,,1,1.0,accepted
2842,2,soybean,,1,1.0,accepted
2844,2,cotton,,1,1.0,accepted
2845,2,soybean,,1,1.0,accepted
2848,2,soybean,,1,1.0,accepted
2849,2,onion,,1,1.0,accepted
2850,2,tur,,1,1.0,accepted
2851,2,soybean,,1,1.0,accepted
2852,2,cotton,,1,1.0,accepted
2854,2,pomegranate,,1,1.0,accepted
2855,2,soybean,,1,1.0,accepted
2856,2,soybean,,1,1.0,accepted
2857,2,pomegranate,,1,1.0,accepted
286,2,onion,,1,1.0,accepted
2860,2,soybean,,1,1.0,accepted
2861,2,tomato,,1,1.0,accepted
2862,2,gram,,1,1.0,accepted
2863,2,tomato,,1,1.0,"excluded: pest 'blight' is a known-damaged label_db fragment (unmatchable: bare head noun, no pathogen named)"
2864,2,soybean,,1,1.0,accepted
2865,2,tomato,,2,1.0,accepted
2868,2,pomegranate,,1,1.0,accepted
2869,2,pomegranate,,1,1.0,accepted
287,2,pomegranate,,1,1.0,accepted
2870,2,onion,,1,1.0,accepted
2874,2,onion,,1,1.0,accepted
2878,2,tomato,,1,1.0,accepted
288,2,onion,,1,1.0,accepted
2881,2,gram,,1,1.0,accepted
2882,2,onion,,1,1.0,excluded: pest 'spot' is a known-damaged label_db fragment (unmatchable: truncated cell)
2886,2,tomato,,1,1.0,accepted
2887,2,soybean,,1,1.0,accepted
2888,2,cotton,,1,1.0,accepted
289,2,cotton,,1,1.0,accepted
2890,2,tomato,,1,1.0,accepted
2891,2,grape,,1,1.0,"excluded: pest 'blight' is a known-damaged label_db fragment (unmatchable: bare head noun, no pathogen named)"
2892,2,soybean,,1,1.0,accepted
2894,2,tur,,1,1.0,accepted
2896,2,soybean,,1,1.0,accepted
2897,2,cotton,,1,1.0,accepted
2899,2,tur,,1,1.0,accepted
29,2,tur,,1,1.0,accepted
2902,2,tomato,,1,1.0,accepted
2904,2,pomegranate,,1,1.0,accepted
2906,2,tomato,,1,1.0,accepted
2907,2,onion,,1,1.0,accepted
2908,2,pomegranate,,1,1.0,accepted
2910,2,soybean,,1,1.0,accepted
2912,2,cotton,,1,1.0,accepted
2913,2,tomato,,1,1.0,accepted
2914,2,gram,,1,1.0,accepted
2916,2,tomato,,1,1.0,accepted
2917,2,soybean,,1,1.0,accepted
2918,2,tomato,,1,1.0,accepted
2919,2,grape,,1,1.0,accepted
292,2,tomato,,1,1.0,accepted
2920,2,cotton,,1,1.0,accepted
2922,2,pomegranate,,1,1.0,accepted
2924,2,onion,,1,1.0,accepted
2925,2,pomegranate,,1,1.0,accepted
2926,2,pomegranate,,1,1.0,accepted
2927,2,onion,,1,1.0,accepted
2928,2,pomegranate,,2,1.0,accepted
2929,2,pomegranate,,2,1.0,accepted
293,2,onion,,1,1.0,accepted
2931,2,gram,,1,1.0,"excluded: pest 'blight' is a known-damaged label_db fragment (unmatchable: bare head noun, no pathogen named)"
2932,2,tur,,1,1.0,accepted
2933,2,gram,,1,1.0,accepted
2935,2,onion,,1,1.0,accepted
2936,2,gram,,2,1.0,accepted
2937,2,onion,,1,1.0,accepted
2938,2,pomegranate,,1,1.0,accepted
2939,2,soybean,,2,1.0,accepted
2941,2,onion,,1,1.0,accepted
2942,2,tomato,,1,1.0,accepted
2943,2,tomato,,2,1.0,accepted
2944,2,tur,,1,1.0,accepted
2946,2,onion,,1,1.0,accepted
2947,2,soybean,,1,1.0,accepted
2948,2,cotton,,1,1.0,accepted
2949,2,gram,,1,1.0,accepted
2951,2,grape,,2,1.0,accepted
2952,2,pomegranate,,1,1.0,accepted
2954,2,tomato,,1,1.0,accepted
2956,2,gram,,1,1.0,accepted
2958,2,pomegranate,,1,1.0,accepted
2959,2,onion,,1,1.0,accepted
2960,2,gram,,1,1.0,accepted
2961,2,tomato,,1,1.0,accepted
2962,2,soybean,,1,1.0,accepted
2966,2,onion,,1,1.0,accepted
2967,2,onion,,1,1.0,accepted
2969,2,tomato,,1,1.0,accepted
297,2,cotton,,1,1.0,accepted
2970,2,gram,,1,1.0,accepted
2971,2,pomegranate,,2,1.0,accepted
2972,2,gram,,1,1.0,accepted
2974,2,pomegranate,,1,1.0,accepted
2976,2,gram,,1,1.0,accepted
2977,2,gram,,1,1.0,accepted
2978,2,cotton,,1,1.0,accepted
2979,2,onion,,1,1.0,accepted
298,2,soybean,,1,1.0,accepted
2980,2,onion,,1,1.0,accepted
2981,2,tur,,1,1.0,accepted
2982,2,tur,,1,1.0,accepted
2984,2,onion,,1,1.0,accepted
2986,2,cotton,,1,1.0,accepted
2987,2,tomato,,1,1.0,accepted
2988,2,cotton,,1,1.0,accepted
2989,2,soybean,,1,1.0,accepted
299,2,soybean,,1,1.0,accepted
2990,2,cotton,,1,1.0,accepted
2992,2,soybean,,1,1.0,accepted
2993,2,soybean,,1,1.0,accepted
2994,2,soybean,,2,1.0,accepted
2995,2,cotton,,1,1.0,accepted
2996,2,soybean,,1,1.0,accepted
2997,2,tur,,1,1.0,accepted
2998,2,cotton,,1,1.0,accepted
2999,2,soybean,,1,1.0,accepted
30,2,tomato,,1,1.0,accepted
300,2,tur,,2,1.0,accepted
3000,2,soybean,,2,1.0,accepted
3003,2,cotton,,1,1.0,accepted
3004,2,soybean,,1,1.0,accepted
3005,2,cotton,,1,1.0,accepted
3006,2,cotton,,1,1.0,accepted
3007,2,tomato,,1,1.0,accepted
3009,2,cotton,,1,1.0,accepted
3010,2,cotton,,1,1.0,accepted
3011,2,soybean,,1,1.0,accepted
3013,2,soybean,,1,1.0,accepted
3014,2,soybean,,1,1.0,accepted
3016,2,soybean,,1,1.0,accepted
3017,2,soybean,,1,1.0,accepted
3018,2,soybean,,1,1.0,accepted
3019,2,soybean,,1,1.0,accepted
302,2,soybean,,1,1.0,accepted
3022,2,cotton,,1,1.0,accepted
3024,2,soybean,,1,1.0,accepted
3026,2,gram,,1,1.0,accepted
3027,2,cotton,,1,1.0,accepted
3028,2,soybean,,1,1.0,accepted
3030,2,soybean,,1,1.0,accepted
3033,2,tur,,1,1.0,accepted
3034,2,cotton,,1,1.0,accepted
3035,2,tur,,1,1.0,accepted
3036,2,onion,,1,1.0,"excluded: pest 'blight' is a known-damaged label_db fragment (unmatchable: bare head noun, no pathogen named)"
3037,2,cotton,,1,1.0,accepted
3038,2,pomegranate,,1,1.0,accepted
304,2,soybean,,1,1.0,accepted
3041,2,gram,,1,1.0,accepted
3043,2,tomato,,1,1.0,accepted
3044,2,gram,,1,1.0,accepted
3045,2,pomegranate,,1,1.0,accepted
3047,2,onion,,1,1.0,accepted
3048,2,gram,,1,1.0,accepted
3050,2,tomato,,1,1.0,accepted
3051,2,onion,,1,1.0,accepted
3052,2,onion,,1,1.0,accepted
3053,2,tur,,1,1.0,accepted
3055,2,onion,,1,1.0,accepted
3056,2,gram,,1,1.0,accepted
3057,2,tur,,1,1.0,accepted
3058,2,gram,,2,1.0,accepted
3059,2,pomegranate,,1,1.0,accepted
3062,2,pomegranate,,1,1.0,accepted
3063,2,onion,,1,1.0,accepted
3065,2,onion,,1,1.0,accepted
3066,2,gram,,1,1.0,accepted
3067,2,gram,,1,1.0,accepted
3068,2,gram,,1,1.0,accepted
3069,2,tomato,,1,1.0,accepted
307,2,soybean,,1,1.0,accepted
3070,2,tur,,1,1.0,accepted
3071,2,gram,,1,1.0,accepted
3072,2,pomegranate,,1,1.0,accepted
3073,2,gram,,1,1.0,accepted
3074,2,tur,,1,1.0,accepted
3075,2,grape,,1,1.0,accepted
3076,2,onion,,1,1.0,accepted
3077,2,gram,,1,1.0,accepted
3078,2,gram,,1,1.0,accepted
3079,2,gram,,1,1.0,accepted
3080,2,tomato,,1,1.0,accepted
3081,2,cotton,,1,1.0,accepted
3082,2,onion,,1,1.0,accepted
3087,2,gram,,1,1.0,accepted
3089,2,gram,,1,1.0,accepted
309,2,soybean,,1,1.0,accepted
3090,2,gram,,1,1.0,accepted
3092,2,tur,,1,1.0,accepted
3094,2,onion,,1,1.0,accepted
3095,2,grape,,1,1.0,accepted
3097,2,tur,,1,1.0,accepted
3098,2,onion,,1,1.0,accepted
3099,2,tur,,1,1.0,accepted
31,2,tomato,,1,1.0,accepted
310,2,soybean,,1,1.0,accepted
3100,2,gram,,1,1.0,accepted
3101,2,pomegranate,,1,1.0,accepted
3102,2,tomato,,1,1.0,accepted
3103,2,tomato,,1,1.0,accepted
3104,2,onion,,1,1.0,accepted
3106,2,gram,,1,1.0,accepted
3108,2,gram,,1,1.0,accepted
3109,2,gram,,1,1.0,accepted
311,2,soybean,,1,1.0,accepted
3110,2,onion,,1,1.0,accepted
3111,2,gram,,1,1.0,accepted
3112,2,gram,,1,1.0,accepted
3113,2,tomato,,1,1.0,accepted
3116,2,gram,,1,1.0,accepted
3117,2,gram,,1,1.0,accepted
3118,2,gram,,1,1.0,accepted
3119,2,onion,,1,1.0,accepted
312,2,soybean,,1,1.0,accepted
3120,2,onion,,1,1.0,accepted
3121,2,gram,,1,1.0,accepted
3123,2,tomato,,1,1.0,accepted
3124,2,gram,,1,1.0,accepted
3127,2,cotton,,1,1.0,accepted
3128,2,soybean,,1,1.0,accepted
313,2,cotton,,1,1.0,accepted
3130,2,tomato,,1,1.0,accepted
3131,2,tomato,,1,1.0,accepted
3132,2,cotton,,1,1.0,accepted
3135,2,gram,,1,1.0,accepted
3137,2,tomato,,1,1.0,accepted
3138,2,gram,,1,1.0,accepted
3139,2,onion,,1,1.0,"excluded: pest 'blight' is a known-damaged label_db fragment (unmatchable: bare head noun, no pathogen named)"
314,2,tomato,,1,1.0,accepted
3140,2,onion,,2,1.0,accepted
3141,2,tur,,1,1.0,accepted
3142,2,gram,,1,1.0,accepted
3144,2,tomato,,1,1.0,accepted
3146,2,onion,,1,1.0,accepted
3149,2,gram,,1,1.0,accepted
315,2,cotton,,1,1.0,accepted
3150,2,onion,,1,1.0,accepted
3151,2,gram,,1,1.0,accepted
3152,2,tomato,,1,1.0,accepted
3153,2,onion,,1,1.0,accepted
3154,2,gram,,1,1.0,accepted
3155,2,pomegranate,,1,1.0,accepted
3158,2,onion,,1,1.0,accepted
316,2,cotton,,1,1.0,accepted
3160,2,cotton,,1,1.0,accepted
3161,2,soybean,,1,1.0,accepted
3162,2,onion,,1,1.0,accepted
3164,2,soybean,,1,1.0,accepted
3165,2,soybean,,1,1.0,accepted
3166,2,soybean,,1,1.0,accepted
3167,2,soybean,,1,1.0,accepted
3168,2,onion,,1,1.0,accepted
3169,2,cotton,,1,1.0,accepted
317,2,cotton,,1,1.0,accepted
3172,2,tomato,,1,1.0,accepted
3173,2,cotton,,1,1.0,accepted
3174,2,tomato,,1,1.0,accepted
3176,2,onion,,1,1.0,accepted
3178,2,onion,,1,1.0,accepted
3179,2,tur,,1,1.0,accepted
318,2,soybean,,1,1.0,accepted
3180,2,grape,,1,1.0,accepted
3181,2,gram,,1,1.0,accepted
3182,2,onion,,1,1.0,"excluded: pest 'blight' is a known-damaged label_db fragment (unmatchable: bare head noun, no pathogen named)"
3184,2,gram,,1,1.0,accepted
3185,2,onion,,1,1.0,accepted
3186,2,gram,,3,1.0,rejected_after_retries: clarifying_question is missing or too short to be specific
3187,2,gram,,2,1.0,accepted
3188,2,onion,,1,1.0,"excluded: pest 'blight' is a known-damaged label_db fragment (unmatchable: bare head noun, no pathogen named)"
3190,2,pomegranate,,1,1.0,accepted
3191,2,gram,,1,1.0,accepted
3192,2,tomato,,1,1.0,accepted
3193,2,tomato,,1,1.0,accepted
3195,2,cotton,,1,1.0,accepted
3196,2,tomato,,1,1.0,accepted
3197,2,pomegranate,,1,1.0,accepted
3198,2,gram,,1,1.0,accepted
3199,2,pomegranate,,1,1.0,accepted
32,2,soybean,,1,1.0,accepted
320,2,soybean,,2,1.0,accepted
3200,2,onion,,1,1.0,"excluded: pest 'blight' is a known-damaged label_db fragment (unmatchable: bare head noun, no pathogen named)"
3201,2,onion,,1,1.0,accepted
3204,2,gram,,1,1.0,accepted
3206,2,gram,,1,1.0,accepted
3207,2,tur,,1,1.0,accepted
321,2,cotton,,2,1.0,accepted
3210,2,onion,,1,1.0,accepted
3211,2,gram,,1,1.0,accepted
3212,2,gram,,1,1.0,accepted
3213,2,onion,,1,1.0,accepted
3214,2,tomato,,1,1.0,accepted
3216,2,tomato,,1,1.0,accepted
3217,2,gram,,1,1.0,accepted
3218,2,onion,,1,1.0,accepted
3219,2,grape,,1,1.0,accepted
3220,2,pomegranate,,1,1.0,accepted
3221,2,tomato,,1,1.0,accepted
3222,2,cotton,,1,1.0,accepted
3223,2,cotton,,1,1.0,accepted
3224,2,cotton,,1,1.0,accepted
3225,2,cotton,,1,1.0,accepted
3226,2,onion,,1,1.0,accepted
3227,2,onion,,1,1.0,accepted
3228,2,gram,,1,1.0,accepted
3229,2,onion,,1,1.0,accepted
323,2,tomato,,1,1.0,accepted
3230,2,grape,,1,1.0,accepted
3231,2,cotton,,1,1.0,accepted
3233,2,cotton,,2,1.0,accepted
3234,2,cotton,,1,1.0,accepted
3235,2,cotton,,1,1.0,accepted
3236,2,cotton,,1,1.0,accepted
3237,2,cotton,,2,1.0,accepted
3238,2,cotton,,1,1.0,accepted
3239,2,cotton,,1,1.0,accepted
324,2,cotton,,1,1.0,accepted
3240,2,cotton,,1,1.0,accepted
3241,2,cotton,,1,1.0,accepted
3242,2,soybean,,1,1.0,accepted
3243,2,onion,,1,1.0,accepted
3244,2,tur,,1,1.0,accepted
3245,2,tomato,,1,1.0,accepted
3246,2,tomato,,1,1.0,accepted
3247,2,gram,,1,1.0,accepted
3248,2,gram,,1,1.0,accepted
3249,2,cotton,,1,1.0,accepted
3251,2,cotton,,1,1.0,accepted
3252,2,soybean,,1,1.0,accepted
3253,2,tur,,1,1.0,accepted
3256,2,soybean,,1,1.0,accepted
326,2,soybean,,1,1.0,accepted
3264,2,cotton,,1,1.0,accepted
3266,2,cotton,,1,1.0,accepted
3267,2,soybean,,1,1.0,"excluded: pest 'blight' is a known-damaged label_db fragment (unmatchable: bare head noun, no pathogen named)"
3269,2,onion,,1,1.0,accepted
3272,2,pomegranate,,1,1.0,accepted
3274,2,onion,,1,1.0,accepted
3275,2,gram,,1,1.0,accepted
3278,2,pomegranate,,1,1.0,accepted
328,2,cotton,,1,1.0,accepted
3280,2,tur,,1,1.0,accepted
3281,2,soybean,,1,1.0,accepted
3282,2,soybean,,1,1.0,accepted
3284,2,tur,,1,1.0,accepted
3285,2,cotton,,1,1.0,accepted
3286,2,soybean,,1,1.0,accepted
3288,2,onion,,1,1.0,accepted
3289,2,onion,,2,1.0,accepted
329,2,cotton,,2,1.0,accepted
3292,2,gram,,1,1.0,accepted
3293,2,pomegranate,,1,1.0,accepted
3294,2,soybean,,1,1.0,accepted
3296,2,tur,,1,1.0,accepted
3297,2,cotton,,1,1.0,accepted
3298,2,onion,,1,1.0,accepted
3299,2,onion,,1,1.0,accepted
330,2,cotton,,1,1.0,accepted
3300,2,onion,,1,1.0,accepted
3302,2,tomato,,1,1.0,accepted
3303,2,pomegranate,,1,1.0,accepted
3304,2,onion,,1,1.0,accepted
3305,2,tomato,,1,1.0,accepted
3306,2,gram,,1,1.0,accepted
3307,2,pomegranate,,1,1.0,accepted
3308,2,onion,,1,1.0,accepted
3309,2,onion,,1,1.0,accepted
331,2,cotton,,1,1.0,accepted
3311,2,onion,,1,1.0,accepted
3312,2,gram,,1,1.0,accepted
3316,2,cotton,,1,1.0,accepted
3317,2,cotton,,1,1.0,accepted
3318,2,tur,,1,1.0,accepted
3320,2,pomegranate,,1,1.0,accepted
3321,2,cotton,,1,1.0,accepted
3322,2,cotton,,1,1.0,accepted
3323,2,gram,,2,1.0,accepted
3324,2,gram,,1,1.0,accepted
3325,2,cotton,,1,1.0,accepted
3326,2,grape,,1,1.0,accepted
3327,2,cotton,,1,1.0,accepted
3328,2,cotton,,1,1.0,accepted
3329,2,gram,,1,1.0,accepted
333,2,cotton,,1,1.0,accepted
3330,2,cotton,,2,1.0,accepted
3331,2,cotton,,1,1.0,accepted
3332,2,tomato,,1,1.0,accepted
3333,2,cotton,,1,1.0,accepted
3335,2,cotton,,1,1.0,accepted
3336,2,tomato,,1,1.0,accepted
3337,2,onion,,1,1.0,accepted
3338,2,tomato,,1,1.0,accepted
3339,2,soybean,,1,1.0,accepted
334,2,onion,,1,1.0,accepted
3340,2,soybean,,1,1.0,accepted
3344,2,cotton,,1,1.0,accepted
3346,2,cotton,,1,1.0,accepted
3347,2,pomegranate,,1,1.0,accepted
3349,2,gram,,1,1.0,accepted
335,2,gram,,1,1.0,accepted
3350,2,cotton,,1,1.0,accepted
3351,2,cotton,,1,1.0,"excluded: pest 'blight' is a known-damaged label_db fragment (unmatchable: bare head noun, no pathogen named)"
3353,2,cotton,,1,1.0,accepted
3354,2,pomegranate,,1,1.0,accepted
3355,2,tomato,,1,1.0,accepted
3356,2,onion,,1,1.0,accepted
3358,2,cotton,,1,1.0,accepted
3359,2,tur,,1,1.0,accepted
336,2,gram,,1,1.0,accepted
3361,2,cotton,,1,1.0,accepted
3363,2,cotton,,1,1.0,accepted
3364,2,cotton,,1,1.0,accepted
3365,2,cotton,,1,1.0,accepted
3367,2,cotton,,1,1.0,accepted
3368,2,pomegranate,,2,1.0,accepted
337,2,tur,,1,1.0,accepted
3370,2,tomato,,1,1.0,accepted
3372,2,onion,,1,1.0,accepted
3375,2,pomegranate,,1,1.0,accepted
3377,2,onion,,1,1.0,accepted
3379,2,tomato,,1,1.0,accepted
338,2,cotton,,1,1.0,accepted
3380,2,onion,,1,1.0,accepted
3383,2,cotton,,1,1.0,accepted
3384,2,soybean,,1,1.0,accepted
3385,2,onion,,1,1.0,accepted
3386,2,cotton,,1,1.0,accepted
3388,2,cotton,,1,1.0,accepted
3389,2,cotton,,1,1.0,accepted
339,2,cotton,,1,1.0,accepted
3390,2,soybean,,3,0.0,rejected_after_retries: G1: output is not JSON (Expecting value: line 1 column 1 (char 0))
3393,2,tur,,1,1.0,accepted
3394,2,tomato,,1,1.0,accepted
3395,2,cotton,,1,1.0,accepted
3396,2,cotton,,1,1.0,accepted
3398,2,onion,,1,1.0,accepted
3399,2,cotton,,1,1.0,accepted
340,2,cotton,,1,1.0,accepted
3400,2,cotton,,1,1.0,accepted
3401,2,onion,,1,1.0,accepted
3402,2,tomato,,1,1.0,accepted
3403,2,tomato,,2,1.0,accepted
3404,2,grape,,1,1.0,accepted
3405,2,pomegranate,,1,1.0,excluded: pest 'spot' is a known-damaged label_db fragment (unmatchable: truncated cell)
3406,2,tomato,,1,1.0,accepted
3407,2,gram,,1,1.0,accepted
3409,2,tomato,,1,1.0,accepted
341,2,cotton,,1,1.0,accepted
3410,2,gram,,1,1.0,accepted
3411,2,onion,,1,1.0,accepted
3414,2,tomato,,1,1.0,accepted
3415,2,onion,,1,1.0,accepted
3419,2,tomato,,2,1.0,accepted
342,2,gram,,1,1.0,accepted
3421,2,pomegranate,,1,1.0,accepted
3422,2,onion,,1,1.0,"excluded: pest 'blight' is a known-damaged label_db fragment (unmatchable: bare head noun, no pathogen named)"
3423,2,gram,,1,1.0,accepted
3424,2,tomato,,1,1.0,accepted
3425,2,onion,,1,1.0,"excluded: pest 'blight' is a known-damaged label_db fragment (unmatchable: bare head noun, no pathogen named)"
3426,2,gram,,1,1.0,accepted
3428,2,onion,,1,1.0,accepted
3429,2,gram,,1,1.0,accepted
343,2,onion,,1,1.0,accepted
3430,2,gram,,1,1.0,accepted
3432,2,cotton,,1,1.0,accepted
3434,2,onion,,2,1.0,accepted
3435,2,tomato,,1,1.0,accepted
3436,2,gram,,1,1.0,accepted
3437,2,tomato,,1,1.0,accepted
3438,2,gram,,1,1.0,accepted
3439,2,gram,,2,1.0,accepted
344,2,gram,,1,1.0,accepted
3443,2,gram,,1,1.0,accepted
3444,2,pomegranate,,1,1.0,excluded: pest 'spot' is a known-damaged label_db fragment (unmatchable: truncated cell)
3445,2,pomegranate,,1,1.0,accepted
3446,2,pomegranate,,1,1.0,accepted
3447,2,tomato,,1,1.0,accepted
3448,2,onion,,1,1.0,accepted
3449,2,tomato,,1,1.0,accepted
3450,2,tomato,,1,1.0,accepted
3451,2,gram,,1,1.0,accepted
3453,2,onion,,1,1.0,accepted
3455,2,pomegranate,,1,1.0,accepted
3456,2,onion,,1,1.0,accepted
3459,2,gram,,1,1.0,accepted
346,2,tomato,,1,1.0,"excluded: pest 'blight' is a known-damaged label_db fragment (unmatchable: bare head noun, no pathogen named)"
3460,2,onion,,1,1.0,accepted
3462,2,pomegranate,,1,1.0,accepted
3463,2,pomegranate,,1,1.0,accepted
3464,2,onion,,1,1.0,accepted
3465,2,onion,,1,1.0,accepted
3466,2,gram,,1,1.0,accepted
3467,2,pomegranate,,1,1.0,"excluded: pest 'blight' is a known-damaged label_db fragment (unmatchable: bare head noun, no pathogen named)"
3468,2,onion,,1,1.0,accepted
3469,2,gram,,1,1.0,accepted
347,2,soybean,,1,1.0,accepted
3470,2,onion,,1,1.0,accepted
3471,2,onion,,1,1.0,accepted
3473,2,onion,,1,1.0,accepted
3476,2,pomegranate,,1,1.0,accepted
3477,2,pomegranate,,1,1.0,accepted
3478,2,gram,,1,1.0,accepted
3479,2,onion,,1,1.0,accepted
348,2,soybean,,1,1.0,accepted
3480,2,onion,,1,1.0,accepted
3481,2,soybean,,1,1.0,accepted
3482,2,cotton,,1,1.0,accepted
3483,2,tomato,,1,1.0,accepted
3484,2,gram,,1,1.0,accepted
3485,2,pomegranate,,1,1.0,accepted
3486,2,gram,,1,1.0,accepted
3487,2,onion,,1,1.0,accepted
3488,2,gram,,1,1.0,accepted
349,2,soybean,,1,1.0,accepted
3490,2,tur,,1,1.0,accepted
3491,2,tomato,,2,1.0,accepted
3492,2,gram,,1,1.0,accepted
3493,2,tomato,,1,1.0,accepted
3496,2,cotton,,1,1.0,accepted
3497,2,cotton,,1,1.0,accepted
3498,2,cotton,,2,1.0,accepted
3499,2,onion,,1,1.0,accepted
35,2,cotton,,1,1.0,accepted
3500,2,onion,,1,1.0,accepted
3502,2,gram,,1,1.0,accepted
3503,2,tomato,,1,1.0,accepted
3504,2,gram,,1,1.0,accepted
3505,2,pomegranate,,1,1.0,accepted
3506,2,onion,,1,1.0,accepted
3507,2,gram,,1,1.0,accepted
3509,2,tomato,,1,1.0,"excluded: pest 'blight' is a known-damaged label_db fragment (unmatchable: bare head noun, no pathogen named)"
351,2,cotton,,1,1.0,accepted
3511,2,pomegranate,,2,1.0,accepted
3514,2,tomato,,1,1.0,accepted
3515,2,gram,,1,1.0,accepted
3516,2,cotton,,1,1.0,accepted
3517,2,tomato,,1,1.0,accepted
3519,2,tomato,,1,1.0,accepted
3520,2,onion,,1,1.0,accepted
3522,2,gram,,1,1.0,accepted
3523,2,tomato,,1,1.0,accepted
3524,2,grape,,1,1.0,accepted
3527,2,onion,,1,1.0,accepted
3528,2,gram,,2,1.0,accepted
3529,2,gram,,1,1.0,accepted
353,2,soybean,,1,1.0,accepted
3530,2,tomato,,1,1.0,accepted
3531,2,tomato,,1,1.0,accepted
3532,2,pomegranate,,2,1.0,accepted
3535,2,gram,,1,1.0,accepted
3536,2,pomegranate,,1,1.0,accepted
3537,2,tomato,,2,1.0,accepted
3538,2,gram,,1,1.0,accepted
354,2,tomato,,1,1.0,accepted
3540,2,gram,,1,1.0,accepted
3541,2,tomato,,1,1.0,accepted
3542,2,onion,,1,1.0,accepted
3544,2,gram,,1,1.0,accepted
3545,2,onion,,2,1.0,accepted
3546,2,tomato,,1,1.0,accepted
3547,2,onion,,1,1.0,accepted
3548,2,pomegranate,,1,1.0,accepted
3549,2,onion,,1,1.0,accepted
355,2,soybean,,1,1.0,accepted
3551,2,grape,,1,1.0,accepted
3552,2,tomato,,1,1.0,accepted
3553,2,gram,,1,1.0,accepted
3554,2,tomato,,1,1.0,"excluded: pest 'blight' is a known-damaged label_db fragment (unmatchable: bare head noun, no pathogen named)"
3555,2,pomegranate,,1,1.0,accepted
3556,2,cotton,,1,1.0,accepted
3558,2,pomegranate,,1,1.0,accepted
3559,2,gram,,1,1.0,accepted
356,2,soybean,,1,1.0,accepted
3560,2,cotton,,1,1.0,accepted
3564,2,gram,,1,1.0,accepted
3566,2,grape,,1,1.0,accepted
3567,2,gram,,1,1.0,accepted
357,2,soybean,,1,1.0,accepted
3570,2,pomegranate,,1,1.0,accepted
3571,2,gram,,1,1.0,accepted
3572,2,cotton,,1,1.0,accepted
3573,2,gram,,1,1.0,accepted
3574,2,gram,,1,1.0,accepted
3575,2,onion,,1,1.0,"excluded: pest 'blight' is a known-damaged label_db fragment (unmatchable: bare head noun, no pathogen named)"
3577,2,onion,,1,1.0,accepted
3578,2,cotton,,1,1.0,accepted
358,2,soybean,,2,1.0,accepted
3580,2,soybean,,1,1.0,"excluded: pest 'blight' is a known-damaged label_db fragment (unmatchable: bare head noun, no pathogen named)"
3581,2,tur,,1,1.0,accepted
3582,2,tomato,,1,1.0,accepted
3583,2,cotton,,1,1.0,accepted
3584,2,gram,,1,1.0,accepted
3586,2,cotton,,1,1.0,accepted
3587,2,gram,,1,1.0,accepted
3588,2,gram,,1,1.0,accepted
359,2,cotton,,1,1.0,accepted
3590,2,pomegranate,,1,1.0,accepted
3591,2,onion,,1,1.0,accepted
3592,2,onion,,1,1.0,accepted
3594,2,onion,,1,1.0,accepted
3597,2,onion,,1,1.0,accepted
3598,2,gram,,1,1.0,accepted
3599,2,tomato,,1,1.0,accepted
36,2,cotton,,1,1.0,accepted
3600,2,tomato,,1,1.0,accepted
3602,2,pomegranate,,1,1.0,accepted
3603,2,cotton,,1,1.0,accepted
3604,2,cotton,,1,1.0,accepted
3605,2,tomato,,2,1.0,accepted
3607,2,pomegranate,,1,1.0,accepted
3609,2,gram,,1,1.0,"excluded: pest 'blight' is a known-damaged label_db fragment (unmatchable: bare head noun, no pathogen named)"
361,2,tomato,,1,1.0,accepted
3610,2,onion,,1,1.0,accepted
3611,2,tomato,,1,1.0,accepted
3612,2,tomato,,1,1.0,accepted
3614,2,onion,,1,1.0,accepted
3615,2,gram,,1,1.0,accepted
3616,2,onion,,1,1.0,accepted
3618,2,pomegranate,,1,1.0,accepted
3619,2,pomegranate,,1,1.0,accepted
362,2,soybean,,1,1.0,accepted
3620,2,tomato,,1,1.0,accepted
3621,2,onion,,1,1.0,accepted
3622,2,pomegranate,,1,1.0,accepted
3623,2,onion,,2,1.0,accepted
3625,2,tomato,,1,1.0,accepted
3626,2,pomegranate,,1,1.0,accepted
3628,2,gram,,1,1.0,accepted
363,2,cotton,,1,1.0,accepted
3633,2,onion,,1,1.0,accepted
3635,2,tomato,,1,1.0,accepted
3638,2,onion,,1,1.0,accepted
3639,2,gram,,1,1.0,accepted
364,2,soybean,,3,0.0,rejected_after_retries: G1: output is not JSON (Expecting value: line 1 column 1 (char 0))
3641,2,pomegranate,,1,1.0,accepted
3644,2,tur,,1,1.0,accepted
3646,2,tomato,,1,1.0,accepted
3647,2,tomato,,1,1.0,accepted
3648,2,tomato,,1,1.0,"excluded: pest 'blight' is a known-damaged label_db fragment (unmatchable: bare head noun, no pathogen named)"
3649,2,pomegranate,,1,1.0,accepted
365,2,cotton,,1,1.0,accepted
3650,2,gram,,1,1.0,accepted
3651,2,tomato,,2,1.0,accepted
3652,2,gram,,1,1.0,accepted
3653,2,tomato,,1,1.0,accepted
3654,2,onion,,1,1.0,accepted
3655,2,tomato,,1,1.0,accepted
3656,2,onion,,1,1.0,accepted
3657,2,grape,,1,1.0,accepted
3659,2,tomato,,1,1.0,accepted
366,2,cotton,,2,1.0,accepted
3660,2,gram,,1,1.0,accepted
3661,2,onion,,1,1.0,accepted
3662,2,onion,,1,1.0,accepted
3669,2,tur,,1,1.0,accepted
367,2,cotton,,1,1.0,accepted
3671,2,cotton,,1,1.0,accepted
3672,2,pomegranate,,1,1.0,accepted
3673,2,pomegranate,,1,1.0,accepted
3674,2,tomato,,1,1.0,accepted
3675,2,cotton,,1,1.0,accepted
3676,2,tomato,,1,1.0,"excluded: pest 'blight' is a known-damaged label_db fragment (unmatchable: bare head noun, no pathogen named)"
3680,2,onion,,1,1.0,excluded: pest 'rot' is a known-damaged label_db fragment (unmatchable: truncated cell)
3681,2,tomato,,1,1.0,accepted
3682,2,pomegranate,,1,1.0,accepted
3684,2,tomato,,1,1.0,accepted
3686,2,pomegranate,,1,1.0,accepted
3687,2,tomato,,1,1.0,accepted
3689,2,pomegranate,,1,1.0,accepted
369,2,soybean,,1,1.0,accepted
3690,2,gram,,1,1.0,accepted
3693,2,gram,,1,1.0,accepted
3695,2,pomegranate,,1,1.0,accepted
3698,2,gram,,1,1.0,accepted
3699,2,onion,,1,1.0,accepted
37,2,soybean,,1,1.0,accepted
370,2,soybean,,1,1.0,accepted
3700,2,gram,,1,1.0,accepted
3702,2,gram,,1,1.0,accepted
3705,2,gram,,1,1.0,accepted
3706,2,tomato,,1,1.0,accepted
3707,2,onion,,1,1.0,accepted
3709,2,gram,,1,1.0,accepted
371,2,pomegranate,,1,1.0,accepted
3710,2,pomegranate,,1,1.0,accepted
3711,2,gram,,1,1.0,accepted
3712,2,pomegranate,,1,1.0,accepted
3714,2,pomegranate,,1,1.0,accepted
3716,2,tomato,,1,1.0,accepted
3717,2,tomato,,2,1.0,accepted
3719,2,gram,,1,1.0,accepted
372,2,soybean,,1,1.0,accepted
3721,2,gram,,1,1.0,accepted
3722,2,gram,,1,1.0,accepted
3724,2,onion,,1,1.0,accepted
3725,2,cotton,,1,1.0,accepted
3726,2,pomegranate,,1,1.0,accepted
3729,2,onion,,1,1.0,accepted
373,2,soybean,,1,1.0,accepted
3730,2,cotton,,1,1.0,accepted
3731,2,pomegranate,,1,1.0,accepted
3732,2,tomato,,1,1.0,accepted
3733,2,tomato,,1,1.0,accepted
3734,2,gram,,1,1.0,accepted
3735,2,cotton,,2,1.0,accepted
3737,2,cotton,,1,1.0,accepted
3738,2,cotton,,1,1.0,accepted
3739,2,soybean,,1,1.0,accepted
374,2,tur,,1,1.0,accepted
3740,2,soybean,,1,1.0,accepted
3741,2,soybean,,1,1.0,accepted
3742,2,cotton,,1,1.0,accepted
3744,2,soybean,,1,1.0,accepted
3745,2,soybean,,1,1.0,accepted
3748,2,soybean,,1,1.0,accepted
3749,2,soybean,,1,1.0,accepted
375,2,soybean,,1,1.0,accepted
3750,2,soybean,,1,1.0,accepted
3752,2,grape,,1,1.0,accepted
3754,2,gram,,1,1.0,accepted
3755,2,onion,,1,1.0,accepted
3756,2,gram,,1,1.0,accepted
3757,2,pomegranate,,1,1.0,accepted
3759,2,soybean,,1,1.0,accepted
376,2,soybean,,1,1.0,accepted
3760,2,cotton,,1,1.0,accepted
3761,2,tomato,,1,1.0,accepted
3762,2,soybean,,1,1.0,accepted
3764,2,cotton,,1,1.0,accepted
3766,2,soybean,,2,1.0,accepted
3768,2,tomato,,1,1.0,accepted
3769,2,cotton,,1,1.0,accepted
377,2,cotton,,1,1.0,accepted
3772,2,onion,,1,1.0,accepted
3773,2,soybean,,1,1.0,accepted
3775,2,soybean,,1,1.0,accepted
3776,2,soybean,,1,1.0,accepted
3777,2,soybean,,1,1.0,accepted
3778,2,tomato,,2,1.0,accepted
3779,2,soybean,,1,1.0,accepted
3780,2,soybean,,1,1.0,accepted
3781,2,cotton,,1,1.0,accepted
3782,2,gram,,1,1.0,accepted
3783,2,gram,,1,1.0,accepted
3784,2,gram,,2,1.0,accepted
3785,2,onion,,1,1.0,accepted
3787,2,cotton,,1,1.0,accepted
3788,2,gram,,1,1.0,accepted
379,2,soybean,,1,1.0,accepted
3790,2,cotton,,1,1.0,accepted
3791,2,tomato,,1,1.0,"excluded: pest 'blight' is a known-damaged label_db fragment (unmatchable: bare head noun, no pathogen named)"
3792,2,cotton,,1,1.0,accepted
3793,2,pomegranate,,1,1.0,excluded: pest 'spot' is a known-damaged label_db fragment (unmatchable: truncated cell)
3796,2,cotton,,1,1.0,accepted
3797,2,cotton,,1,1.0,accepted
3798,2,cotton,,1,1.0,accepted
3799,2,cotton,,1,1.0,accepted
380,2,onion,,1,1.0,accepted
3800,2,tur,,1,1.0,accepted
3801,2,cotton,,1,1.0,accepted
3802,2,cotton,,1,1.0,accepted
3803,2,cotton,,1,1.0,accepted
3807,2,gram,,1,1.0,accepted
3808,2,onion,,2,1.0,accepted
3809,2,gram,,1,1.0,accepted
381,2,soybean,,1,1.0,accepted
3810,2,gram,,1,1.0,accepted
3811,2,onion,,1,1.0,accepted
3814,2,tomato,,1,1.0,accepted
3815,2,pomegranate,,1,1.0,accepted
3816,2,cotton,,1,1.0,accepted
3817,2,pomegranate,,1,1.0,accepted
3818,2,cotton,,1,1.0,accepted
3819,2,grape,,1,1.0,accepted
382,2,cotton,,1,1.0,accepted
3820,2,onion,,1,1.0,accepted
3821,2,cotton,,1,1.0,accepted
3822,2,cotton,,1,1.0,accepted
3823,2,onion,,1,1.0,accepted
3824,2,cotton,,1,1.0,accepted
3825,2,tur,,1,1.0,accepted
3826,2,tomato,,1,1.0,accepted
3827,2,tomato,,1,1.0,accepted
3828,2,pomegranate,,1,1.0,accepted
3829,2,pomegranate,,1,1.0,accepted
383,2,cotton,,1,1.0,accepted
3830,2,cotton,,2,1.0,accepted
3831,2,gram,,1,1.0,accepted
3834,2,gram,,1,1.0,accepted
3837,2,tur,,1,1.0,accepted
3839,2,onion,,1,1.0,accepted
384,2,cotton,,1,1.0,accepted
3840,2,onion,,1,1.0,accepted
3841,2,tomato,,1,1.0,accepted
3842,2,tomato,,1,1.0,accepted
3843,2,tomato,,1,1.0,accepted
3844,2,tomato,,1,1.0,accepted
3845,2,onion,,1,1.0,accepted
3846,2,pomegranate,,1,1.0,accepted
3847,2,onion,,1,1.0,accepted
3849,2,gram,,1,1.0,accepted
385,2,cotton,,1,1.0,accepted
3850,2,gram,,1,1.0,accepted
3851,2,gram,,1,1.0,accepted
3852,2,gram,,2,1.0,accepted
3855,2,gram,,1,1.0,accepted
3857,2,tomato,,1,1.0,accepted
3859,2,cotton,,1,1.0,accepted
386,2,soybean,,1,1.0,accepted
3860,2,cotton,,1,1.0,accepted
3861,2,cotton,,1,1.0,accepted
3862,2,tomato,,1,1.0,"excluded: pest 'blight' is a known-damaged label_db fragment (unmatchable: bare head noun, no pathogen named)"
3864,2,grape,,1,1.0,accepted
3865,2,cotton,,1,1.0,accepted
3866,2,cotton,,1,1.0,accepted
3869,2,tomato,,1,1.0,accepted
387,2,cotton,,1,1.0,accepted
3870,2,pomegranate,,1,1.0,accepted
3872,2,soybean,,1,1.0,accepted
3875,2,cotton,,1,1.0,accepted
3876,2,cotton,,1,1.0,accepted
3877,2,cotton,,1,1.0,accepted
3878,2,tur,,1,1.0,accepted
3879,2,cotton,,1,1.0,accepted
3880,2,cotton,,1,1.0,accepted
3881,2,soybean,,1,1.0,accepted
3882,2,pomegranate,,1,1.0,accepted
3888,2,gram,,1,1.0,accepted
3889,2,gram,,1,1.0,accepted
3891,2,cotton,,2,1.0,accepted
3893,2,onion,,1,1.0,accepted
3894,2,onion,,1,1.0,accepted
3895,2,gram,,2,1.0,accepted
3896,2,cotton,,1,1.0,accepted
3897,2,cotton,,1,1.0,accepted
3898,2,tur,,1,1.0,accepted
39,2,onion,,1,1.0,accepted
390,2,tur,,1,1.0,accepted
3900,2,tur,,1,1.0,accepted
3901,2,gram,,1,1.0,accepted
3902,2,pomegranate,,1,1.0,accepted
3903,2,gram,,1,1.0,accepted
3904,2,cotton,,1,1.0,accepted
3907,2,onion,,1,1.0,accepted
3909,2,cotton,,1,1.0,accepted
391,2,cotton,,1,1.0,accepted
3911,2,cotton,,1,1.0,accepted
3913,2,pomegranate,,2,1.0,accepted
3916,2,tur,,1,1.0,accepted
3917,2,cotton,,1,1.0,accepted
3918,2,pomegranate,,1,1.0,accepted
3919,2,cotton,,1,1.0,accepted
392,2,tomato,,1,1.0,accepted
3924,2,cotton,,1,1.0,accepted
3926,2,tomato,,1,1.0,accepted
3927,2,pomegranate,,1,1.0,accepted
3928,2,onion,,1,1.0,accepted
393,2,tur,,1,1.0,accepted
3930,2,cotton,,1,1.0,accepted
3932,2,pomegranate,,1,1.0,accepted
3933,2,soybean,,1,1.0,accepted
3934,2,gram,,1,1.0,accepted
3936,2,tomato,,1,1.0,accepted
3937,2,soybean,,1,1.0,accepted
3938,2,cotton,,1,1.0,accepted
394,2,soybean,,1,1.0,accepted
3940,2,cotton,,1,1.0,accepted
3941,2,onion,,1,1.0,accepted
3942,2,tomato,,1,1.0,accepted
3943,2,soybean,,1,1.0,accepted
3945,2,onion,,1,1.0,accepted
3948,2,cotton,,1,1.0,accepted
395,2,cotton,,1,1.0,accepted
3951,2,cotton,,1,1.0,accepted
3952,2,tur,,1,1.0,accepted
3954,2,tomato,,1,1.0,accepted
3956,2,tomato,,1,1.0,accepted
3957,2,tomato,,1,1.0,accepted
3958,2,onion,,1,1.0,accepted
3959,2,cotton,,1,1.0,accepted
396,2,tomato,,1,1.0,accepted
3961,2,cotton,,1,1.0,accepted
3964,2,soybean,,1,1.0,accepted
3965,2,soybean,,1,1.0,accepted
3966,2,cotton,,1,1.0,accepted
3967,2,cotton,,1,1.0,accepted
3969,2,soybean,,1,1.0,accepted
397,2,cotton,,1,1.0,accepted
3970,2,grape,,2,1.0,accepted
3973,2,soybean,,1,1.0,accepted
3974,2,cotton,,1,1.0,"excluded: pest 'blight' is a known-damaged label_db fragment (unmatchable: bare head noun, no pathogen named)"
3975,2,tomato,,1,1.0,accepted
3976,2,cotton,,1,1.0,accepted
3977,2,soybean,,1,1.0,accepted
3978,2,tomato,,1,1.0,accepted
3979,2,tomato,,1,1.0,accepted
398,2,soybean,,1,1.0,accepted
3981,2,soybean,,1,1.0,accepted
3982,2,soybean,,1,1.0,accepted
3984,2,soybean,,1,1.0,accepted
3987,2,cotton,,1,1.0,accepted
399,2,cotton,,1,1.0,accepted
3990,2,cotton,,1,1.0,accepted
3992,2,soybean,,1,1.0,accepted
3993,2,cotton,,1,1.0,accepted
3995,2,cotton,,1,1.0,accepted
3996,2,soybean,,1,1.0,accepted
3997,2,cotton,,1,1.0,accepted
3998,2,tomato,,1,1.0,accepted
3999,2,cotton,,1,1.0,accepted
4,2,tomato,,1,1.0,accepted
40,2,soybean,,1,1.0,accepted
400,2,soybean,,1,1.0,accepted
4000,2,cotton,,1,1.0,accepted
4001,2,onion,,1,1.0,"excluded: pest 'blight' is a known-damaged label_db fragment (unmatchable: bare head noun, no pathogen named)"
4003,2,cotton,,2,1.0,accepted
4004,2,tur,,1,1.0,accepted
4005,2,onion,,1,1.0,accepted
4007,2,cotton,,1,1.0,accepted
4008,2,cotton,,1,1.0,accepted
4009,2,pomegranate,,1,1.0,accepted
4011,2,soybean,,1,1.0,accepted
4012,2,tomato,,1,1.0,accepted
4013,2,cotton,,1,1.0,accepted
4016,2,pomegranate,,1,1.0,accepted
4017,2,pomegranate,,1,1.0,accepted
4018,2,soybean,,1,1.0,accepted
4019,2,soybean,,2,1.0,accepted
402,2,cotton,,1,1.0,accepted
4020,2,soybean,,1,1.0,accepted
4024,2,soybean,,1,1.0,accepted
4028,2,soybean,,1,1.0,accepted
4029,2,soybean,,1,1.0,accepted
4031,2,cotton,,1,1.0,accepted
4032,2,cotton,,1,1.0,accepted
4033,2,cotton,,1,1.0,accepted
4035,2,cotton,,1,1.0,accepted
4036,2,cotton,,1,1.0,accepted
4037,2,cotton,,1,1.0,accepted
4038,2,tomato,,1,1.0,accepted
4039,2,cotton,,1,1.0,accepted
4042,2,cotton,,1,1.0,accepted
4043,2,tomato,,1,1.0,accepted
4044,2,cotton,,1,1.0,accepted
4045,2,soybean,,1,1.0,accepted
4046,2,gram,,1,1.0,accepted
4047,2,cotton,,1,1.0,accepted
4049,2,onion,,1,1.0,accepted
405,2,cotton,,1,1.0,accepted
4053,2,gram,,1,1.0,accepted
4054,2,soybean,,1,1.0,accepted
4055,2,soybean,,1,1.0,accepted
4056,2,onion,,1,1.0,accepted
4057,2,soybean,,1,1.0,accepted
4058,2,tur,,1,1.0,accepted
406,2,cotton,,1,1.0,accepted
4060,2,cotton,,1,1.0,accepted
4061,2,cotton,,1,1.0,accepted
4062,2,soybean,,1,1.0,accepted
4063,2,soybean,,1,1.0,accepted
4064,2,onion,,2,1.0,accepted
4065,2,cotton,,1,1.0,excluded: pest 'spot' is a known-damaged label_db fragment (unmatchable: truncated cell)
4066,2,cotton,,1,1.0,accepted
4067,2,soybean,,1,1.0,accepted
4068,2,cotton,,1,1.0,excluded: pest 'spot' is a known-damaged label_db fragment (unmatchable: truncated cell)
4069,2,cotton,,1,1.0,accepted
407,2,tomato,,1,1.0,accepted
4070,2,cotton,,1,1.0,accepted
4072,2,tur,,1,1.0,accepted
4075,2,cotton,,1,1.0,accepted
4076,2,soybean,,3,0.0,rejected_after_retries: G1: output is not JSON (Expecting value: line 1 column 1 (char 0))
4078,2,gram,,1,1.0,accepted
4079,2,onion,,1,1.0,"excluded: pest 'blight' is a known-damaged label_db fragment (unmatchable: bare head noun, no pathogen named)"
408,2,soybean,,1,1.0,accepted
4080,2,onion,,1,1.0,accepted
4081,2,cotton,,1,1.0,accepted
4082,2,cotton,,1,1.0,accepted
4083,2,cotton,,1,1.0,accepted
4085,2,soybean,,1,1.0,"excluded: pest 'blight' is a known-damaged label_db fragment (unmatchable: bare head noun, no pathogen named)"
4086,2,cotton,,1,1.0,accepted
4087,2,soybean,,1,1.0,accepted
4088,2,grape,,2,1.0,accepted
4089,2,tomato,,1,1.0,accepted
4092,2,soybean,,1,1.0,accepted
4093,2,tomato,,1,1.0,accepted
4094,2,tur,,1,1.0,accepted
4095,2,soybean,,1,1.0,accepted
4098,2,soybean,,1,1.0,accepted
4100,2,onion,,1,1.0,accepted
4102,2,onion,,1,1.0,accepted
4103,2,tomato,,1,1.0,accepted
4104,2,cotton,,1,1.0,accepted
4105,2,pomegranate,,1,1.0,accepted
4106,2,tomato,,1,1.0,accepted
4107,2,soybean,,1,1.0,accepted
4109,2,cotton,,1,1.0,accepted
4110,2,soybean,,1,1.0,accepted
4112,2,tomato,,1,1.0,accepted
4113,2,pomegranate,,1,1.0,accepted
4114,2,pomegranate,,1,1.0,accepted
4115,2,soybean,,1,1.0,accepted
4116,2,cotton,,1,1.0,accepted
4117,2,cotton,,1,1.0,accepted
4119,2,tomato,,1,1.0,accepted
412,2,cotton,,1,1.0,accepted
4120,2,cotton,,1,1.0,accepted
4123,2,soybean,,1,1.0,accepted
4124,2,soybean,,1,1.0,accepted
4125,2,cotton,,1,1.0,accepted
4126,2,soybean,,1,1.0,accepted
4127,2,cotton,,1,1.0,accepted
4129,2,tomato,,1,1.0,accepted
413,2,cotton,,1,1.0,accepted
4130,2,cotton,,1,1.0,accepted
4131,2,onion,,1,1.0,accepted
4132,2,cotton,,1,1.0,accepted
4133,2,cotton,,1,1.0,accepted
4134,2,soybean,,1,1.0,accepted
4135,2,cotton,,1,1.0,accepted
4136,2,soybean,,1,1.0,accepted
4137,2,cotton,,1,1.0,accepted
4138,2,cotton,,1,1.0,accepted
414,2,onion,,1,1.0,accepted
4140,2,cotton,,1,1.0,accepted
4141,2,soybean,,1,1.0,accepted
4142,2,cotton,,1,1.0,accepted
4145,2,cotton,,1,1.0,accepted
4146,2,soybean,,1,1.0,accepted
4147,2,pomegranate,,1,1.0,accepted
4148,2,cotton,,1,1.0,accepted
4149,2,cotton,,1,1.0,accepted
415,2,pomegranate,,1,1.0,accepted
4150,2,pomegranate,,1,1.0,accepted
4152,2,cotton,,1,1.0,accepted
4153,2,grape,,1,1.0,"excluded: pest 'blight' is a known-damaged label_db fragment (unmatchable: bare head noun, no pathogen named)"
4154,2,tomato,,1,1.0,accepted
4155,2,soybean,,1,1.0,accepted
4158,2,pomegranate,,2,1.0,accepted
4159,2,cotton,,1,1.0,accepted
416,2,cotton,,1,1.0,accepted
4161,2,soybean,,1,1.0,accepted
4162,2,cotton,,1,1.0,accepted
4163,2,soybean,,1,1.0,accepted
4164,2,soybean,,1,1.0,accepted
4165,2,cotton,,1,1.0,accepted
4166,2,soybean,,1,1.0,accepted
4167,2,pomegranate,,1,1.0,accepted
4170,2,gram,,1,1.0,accepted
4173,2,gram,,1,1.0,accepted
4174,2,tomato,,1,1.0,accepted
4175,2,tomato,,1,1.0,accepted
4176,2,pomegranate,,1,1.0,"excluded: pest 'blight' is a known-damaged label_db fragment (unmatchable: bare head noun, no pathogen named)"
4177,2,onion,,1,1.0,accepted
4178,2,onion,,1,1.0,accepted
4179,2,cotton,,1,1.0,accepted
418,2,soybean,,1,1.0,"excluded: pest 'blight' is a known-damaged label_db fragment (unmatchable: bare head noun, no pathogen named)"
4180,2,tomato,,1,1.0,accepted
4181,2,cotton,,1,1.0,accepted
4182,2,cotton,,1,1.0,accepted
4183,2,cotton,,1,1.0,accepted
4184,2,cotton,,1,1.0,accepted
4185,2,onion,,1,1.0,accepted
4186,2,cotton,,1,1.0,accepted
4187,2,cotton,,1,1.0,accepted
4188,2,tur,,1,1.0,accepted
4189,2,onion,,1,1.0,accepted
4191,2,cotton,,1,1.0,accepted
4193,2,soybean,,1,1.0,accepted
4195,2,soybean,,1,1.0,accepted
4197,2,cotton,,1,1.0,accepted
4198,2,cotton,,1,1.0,accepted
4199,2,soybean,,1,1.0,accepted
42,2,cotton,,1,1.0,accepted
420,2,tur,,1,1.0,accepted
4202,2,onion,,1,1.0,accepted
4203,2,tomato,,1,1.0,accepted
4204,2,tomato,,1,1.0,accepted
4205,2,pomegranate,,1,1.0,accepted
4207,2,onion,,1,1.0,accepted
4208,2,pomegranate,,1,1.0,accepted
4209,2,onion,,1,1.0,accepted
421,2,gram,,1,1.0,accepted
4210,2,cotton,,1,1.0,accepted
4211,2,cotton,,1,1.0,accepted
4212,2,soybean,,1,1.0,accepted
4215,2,pomegranate,,1,1.0,accepted
4216,2,cotton,,1,1.0,accepted
4217,2,soybean,,1,1.0,accepted
4218,2,soybean,,1,1.0,accepted
4219,2,soybean,,1,1.0,accepted
422,2,tomato,,1,1.0,accepted
4222,2,soybean,,1,1.0,accepted
4223,2,soybean,,1,1.0,accepted
4224,2,soybean,,1,1.0,accepted
4225,2,soybean,,1,1.0,accepted
4226,2,soybean,,1,1.0,accepted
4228,2,soybean,,1,1.0,accepted
4231,2,cotton,,1,1.0,accepted
4233,2,cotton,,1,1.0,accepted
4234,2,cotton,,1,1.0,accepted
4235,2,cotton,,1,1.0,accepted
4236,2,cotton,,1,1.0,accepted
4238,2,cotton,,1,1.0,accepted
4240,2,cotton,,2,1.0,accepted
4242,2,cotton,,1,1.0,accepted
4246,2,soybean,,1,1.0,accepted
4249,2,cotton,,1,1.0,accepted
425,2,onion,,1,1.0,accepted
4250,2,cotton,,1,1.0,accepted
4251,2,cotton,,2,1.0,accepted
4252,2,cotton,,1,1.0,accepted
4254,2,cotton,,1,1.0,accepted
4255,2,pomegranate,,2,1.0,accepted
4257,2,cotton,,1,1.0,accepted
4258,2,soybean,,1,1.0,accepted
4259,2,cotton,,1,1.0,accepted
426,2,gram,,1,1.0,accepted
4260,2,cotton,,1,1.0,accepted
4261,2,pomegranate,,1,1.0,accepted
4262,2,tomato,,1,1.0,"excluded: pest 'blight' is a known-damaged label_db fragment (unmatchable: bare head noun, no pathogen named)"
4263,2,tur,,1,1.0,accepted
4264,2,cotton,,1,1.0,accepted
4266,2,cotton,,1,1.0,accepted
4268,2,tomato,,2,1.0,accepted
4269,2,soybean,,1,1.0,accepted
427,2,tomato,,1,1.0,accepted
4270,2,cotton,,1,1.0,accepted
4271,2,cotton,,1,1.0,accepted
4273,2,soybean,,1,1.0,accepted
4274,2,soybean,,1,1.0,accepted
4275,2,pomegranate,,1,1.0,accepted
4277,2,cotton,,1,1.0,accepted
4280,2,onion,,1,1.0,accepted
4281,2,tomato,,1,1.0,accepted
4283,2,cotton,,1,1.0,accepted
4284,2,cotton,,1,1.0,accepted
4285,2,soybean,,1,1.0,accepted
4288,2,cotton,,1,1.0,accepted
4289,2,tur,,1,1.0,accepted
429,2,cotton,,1,1.0,accepted
4290,2,tomato,,1,1.0,accepted
4291,2,cotton,,1,1.0,accepted
4292,2,soybean,,1,1.0,accepted
4295,2,cotton,,2,1.0,accepted
4296,2,soybean,,1,1.0,accepted
4297,2,tomato,,1,1.0,accepted
4298,2,cotton,,1,1.0,accepted
4299,2,cotton,,1,1.0,accepted
430,2,cotton,,1,1.0,accepted
4300,2,tur,,1,1.0,accepted
4301,2,soybean,,1,1.0,accepted
4302,2,cotton,,1,1.0,accepted
4303,2,cotton,,1,1.0,accepted
4304,2,cotton,,1,1.0,accepted
4305,2,pomegranate,,1,1.0,accepted
4306,2,soybean,,1,1.0,accepted
4308,2,cotton,,1,1.0,accepted
4309,2,cotton,,2,1.0,accepted
431,2,cotton,,1,1.0,accepted
4310,2,cotton,,1,1.0,accepted
4311,2,cotton,,1,1.0,accepted
4312,2,cotton,,2,1.0,accepted
4313,2,cotton,,1,1.0,accepted
4314,2,soybean,,1,1.0,accepted
4317,2,cotton,,1,1.0,accepted
432,2,cotton,,2,1.0,accepted
4321,2,gram,,1,1.0,accepted
4322,2,tur,,1,1.0,accepted
4324,2,cotton,,1,1.0,accepted
4325,2,gram,,1,1.0,accepted
4326,2,onion,,1,1.0,accepted
4327,2,gram,,1,1.0,accepted
4328,2,gram,,1,1.0,accepted
4329,2,onion,,1,1.0,accepted
433,2,cotton,,2,1.0,accepted
4331,2,onion,,1,1.0,accepted
4333,2,gram,,1,1.0,accepted
4335,2,cotton,,1,1.0,accepted
4336,2,onion,,1,1.0,accepted
4339,2,gram,,1,1.0,accepted
434,2,cotton,,1,1.0,accepted
4340,2,gram,,1,1.0,accepted
4342,2,onion,,1,1.0,accepted
4343,2,gram,,1,1.0,"excluded: pest 'blight' is a known-damaged label_db fragment (unmatchable: bare head noun, no pathogen named)"
4344,2,onion,,1,1.0,accepted
4346,2,cotton,,1,1.0,accepted
4347,2,gram,,1,1.0,accepted
4348,2,onion,,1,1.0,accepted
4352,2,gram,,1,1.0,accepted
4354,2,soybean,,1,1.0,accepted
4355,2,cotton,,1,1.0,accepted
4357,2,gram,,1,1.0,accepted
4358,2,pomegranate,,1,1.0,accepted
4359,2,tomato,,1,1.0,accepted
436,2,tomato,,1,1.0,accepted
4361,2,onion,,1,1.0,accepted
4366,2,gram,,1,1.0,"excluded: pest 'blight' is a known-damaged label_db fragment (unmatchable: bare head noun, no pathogen named)"
4367,2,onion,,1,1.0,accepted
4368,2,gram,,1,1.0,"excluded: pest 'blight' is a known-damaged label_db fragment (unmatchable: bare head noun, no pathogen named)"
4369,2,gram,,1,1.0,accepted
437,2,gram,,1,1.0,accepted
4370,2,tomato,,1,1.0,accepted
4371,2,pomegranate,,1,1.0,accepted
4372,2,grape,,1,1.0,accepted
4373,2,onion,,1,1.0,accepted
4374,2,pomegranate,,1,1.0,accepted
4375,2,onion,,1,1.0,accepted
4376,2,gram,,1,1.0,accepted
4377,2,gram,,1,1.0,accepted
4378,2,onion,,1,1.0,accepted
4379,2,onion,,2,1.0,accepted
438,2,soybean,,1,1.0,accepted
4380,2,gram,,1,1.0,accepted
4384,2,gram,,1,1.0,accepted
4385,2,gram,,1,1.0,accepted
4386,2,gram,,1,1.0,accepted
4387,2,gram,,1,1.0,accepted
4388,2,cotton,,1,1.0,excluded: pest 'spot' is a known-damaged label_db fragment (unmatchable: truncated cell)
4389,2,gram,,1,1.0,accepted
4391,2,gram,,1,1.0,accepted
4393,2,onion,,1,1.0,accepted
4394,2,gram,,1,1.0,accepted
4397,2,gram,,1,1.0,accepted
4399,2,tur,,1,1.0,accepted
44,2,soybean,,1,1.0,accepted
440,2,tomato,,1,1.0,accepted
4401,2,onion,,1,1.0,accepted
4402,2,gram,,1,1.0,accepted
4403,2,gram,,1,1.0,accepted
4404,2,grape,,1,1.0,accepted
4405,2,gram,,1,1.0,accepted
4407,2,gram,,1,1.0,accepted
4408,2,pomegranate,,1,1.0,accepted
4409,2,onion,,1,1.0,accepted
441,2,cotton,,2,1.0,accepted
4411,2,gram,,1,1.0,accepted
4413,2,onion,,1,1.0,accepted
4414,2,onion,,1,1.0,accepted
4415,2,cotton,,1,1.0,accepted
4416,2,tur,,1,1.0,accepted
4417,2,cotton,,1,1.0,accepted
4418,2,onion,,1,1.0,"excluded: pest 'blight' is a known-damaged label_db fragment (unmatchable: bare head noun, no pathogen named)"
442,2,tur,,1,1.0,accepted
4420,2,pomegranate,,1,1.0,accepted
4421,2,cotton,,1,1.0,accepted
4423,2,soybean,,1,1.0,excluded: pest 'rot' is a known-damaged label_db fragment (unmatchable: truncated cell)
4425,2,tomato,,1,1.0,accepted
4426,2,tomato,,1,1.0,accepted
4427,2,cotton,,1,1.0,accepted
4428,2,gram,,1,1.0,accepted
4429,2,soybean,,1,1.0,accepted
443,2,cotton,,1,1.0,accepted
4430,2,tur,,1,1.0,accepted
4431,2,cotton,,1,1.0,accepted
4432,2,cotton,,1,1.0,accepted
4433,2,soybean,,1,1.0,accepted
4434,2,onion,,1,1.0,accepted
4436,2,cotton,,1,1.0,accepted
444,2,tur,,1,1.0,accepted
4440,2,tomato,,1,1.0,accepted
4441,2,cotton,,1,1.0,accepted
4442,2,onion,,1,1.0,accepted
4444,2,onion,,1,1.0,accepted
4445,2,tomato,,1,1.0,accepted
4446,2,cotton,,1,1.0,accepted
4447,2,cotton,,1,1.0,accepted
4448,2,tur,,1,1.0,accepted
4449,2,cotton,,1,1.0,accepted
4450,2,cotton,,1,1.0,accepted
4451,2,cotton,,1,1.0,accepted
4453,2,tomato,,1,1.0,accepted
4455,2,tomato,,1,1.0,"excluded: pest 'blight' is a known-damaged label_db fragment (unmatchable: bare head noun, no pathogen named)"
4458,2,tomato,,1,1.0,accepted
4459,2,cotton,,1,1.0,accepted
446,2,cotton,,1,1.0,accepted
4461,2,tomato,,1,1.0,accepted
4462,2,cotton,,1,1.0,accepted
4464,2,cotton,,1,1.0,accepted
4466,2,tomato,,1,1.0,accepted
4467,2,pomegranate,,1,1.0,accepted
4468,2,tur,,1,1.0,accepted
447,2,soybean,,1,1.0,accepted
4471,2,cotton,,1,1.0,accepted
4474,2,soybean,,1,1.0,accepted
4475,2,tomato,,2,1.0,accepted
4478,2,cotton,,1,1.0,accepted
4479,2,cotton,,1,1.0,accepted
4480,2,cotton,,1,1.0,accepted
4481,2,tomato,,1,1.0,accepted
4482,2,soybean,,1,1.0,accepted
4483,2,soybean,,1,1.0,accepted
4484,2,soybean,,3,0.0,rejected_after_retries: G1: output is not JSON (Expecting value: line 1 column 1 (char 0))
4485,2,tur,,1,1.0,accepted
4487,2,grape,,1,1.0,accepted
4488,2,gram,,1,1.0,accepted
449,2,onion,,1,1.0,accepted
4491,2,onion,,1,1.0,accepted
4493,2,tomato,,1,1.0,accepted
4499,2,onion,,1,1.0,accepted
450,2,cotton,,1,1.0,accepted
4500,2,pomegranate,,1,1.0,accepted
4501,2,onion,,1,1.0,accepted
4504,2,onion,,1,1.0,accepted
4505,2,tomato,,1,1.0,accepted
4506,2,pomegranate,,1,1.0,accepted
4507,2,pomegranate,,1,1.0,accepted
4508,2,onion,,1,1.0,accepted
4509,2,pomegranate,,1,1.0,accepted
451,2,onion,,1,1.0,accepted
4510,2,pomegranate,,1,1.0,accepted
4511,2,gram,,1,1.0,accepted
4513,2,onion,,1,1.0,accepted
4515,2,pomegranate,,1,1.0,accepted
4516,2,tomato,,1,1.0,accepted
4518,2,onion,,1,1.0,accepted
4519,2,grape,,1,1.0,"excluded: pest 'blight' is a known-damaged label_db fragment (unmatchable: bare head noun, no pathogen named)"
452,2,cotton,,1,1.0,accepted
4522,2,tomato,,1,1.0,accepted
4523,2,soybean,,1,1.0,accepted
4525,2,cotton,,1,1.0,accepted
4527,2,cotton,,1,1.0,accepted
4528,2,onion,,1,1.0,"excluded: pest 'blight' is a known-damaged label_db fragment (unmatchable: bare head noun, no pathogen named)"
4529,2,cotton,,1,1.0,accepted
453,2,tomato,,1,1.0,accepted
4530,2,cotton,,1,1.0,accepted
4531,2,cotton,,1,1.0,accepted
4533,2,cotton,,1,1.0,accepted
4534,2,pomegranate,,2,1.0,accepted
4535,2,cotton,,1,1.0,accepted
4536,2,cotton,,1,1.0,accepted
4538,2,tomato,,1,1.0,accepted
4539,2,cotton,,1,1.0,accepted
4540,2,cotton,,1,1.0,accepted
4542,2,cotton,,1,1.0,accepted
4543,2,cotton,,1,1.0,accepted
4544,2,soybean,,1,1.0,accepted
4545,2,cotton,,1,1.0,accepted
4547,2,onion,,1,1.0,accepted
4548,2,cotton,,1,1.0,accepted
4549,2,cotton,,1,1.0,accepted
455,2,gram,,1,1.0,accepted
4550,2,cotton,,1,1.0,accepted
4551,2,cotton,,1,1.0,accepted
4552,2,soybean,,1,1.0,accepted
4554,2,onion,,1,1.0,excluded: pest 'spot' is a known-damaged label_db fragment (unmatchable: truncated cell)
4556,2,tomato,,1,1.0,accepted
456,2,tur,,1,1.0,accepted
4561,2,cotton,,1,1.0,accepted
4563,2,cotton,,2,1.0,accepted
4564,2,soybean,,1,1.0,accepted
4565,2,pomegranate,,1,1.0,accepted
4566,2,pomegranate,,1,1.0,accepted
4567,2,cotton,,1,1.0,accepted
4568,2,cotton,,1,1.0,accepted
4569,2,cotton,,1,1.0,accepted
457,2,cotton,,1,1.0,accepted
4571,2,tomato,,1,1.0,"excluded: pest 'blight' is a known-damaged label_db fragment (unmatchable: bare head noun, no pathogen named)"
4572,2,cotton,,1,1.0,accepted
4573,2,tur,,1,1.0,accepted
4575,2,cotton,,1,1.0,accepted
4579,2,cotton,,1,1.0,accepted
4583,2,onion,,1,1.0,"excluded: pest 'blight' is a known-damaged label_db fragment (unmatchable: bare head noun, no pathogen named)"
4585,2,tomato,,1,1.0,accepted
4586,2,cotton,,1,1.0,accepted
4587,2,cotton,,2,1.0,accepted
4589,2,soybean,,2,1.0,accepted
459,2,onion,,1,1.0,accepted
4591,2,tur,,2,1.0,accepted
4593,2,soybean,,1,1.0,accepted
4594,2,pomegranate,,2,1.0,accepted
4597,2,soybean,,1,1.0,accepted
4598,2,tomato,,1,1.0,accepted
4599,2,soybean,,1,1.0,accepted
46,2,soybean,,1,1.0,"excluded: pest 'blight' is a known-damaged label_db fragment (unmatchable: bare head noun, no pathogen named)"
4600,2,tomato,,1,1.0,accepted
4602,2,pomegranate,,1,1.0,accepted
4603,2,soybean,,1,1.0,accepted
4604,2,tomato,,1,1.0,accepted
4605,2,tomato,,1,1.0,accepted
4607,2,soybean,,1,1.0,accepted
4610,2,soybean,,1,1.0,accepted
4612,2,cotton,,1,1.0,accepted
4613,2,soybean,,1,1.0,accepted
4614,2,soybean,,1,1.0,accepted
4615,2,soybean,,1,1.0,accepted
4616,2,cotton,,1,1.0,accepted
4617,2,tomato,,1,1.0,accepted
4619,2,tomato,,1,1.0,accepted
462,2,cotton,,1,1.0,accepted
4620,2,cotton,,1,1.0,accepted
4621,2,soybean,,1,1.0,accepted
4622,2,pomegranate,,1,1.0,accepted
4626,2,cotton,,1,1.0,accepted
4627,2,cotton,,1,1.0,accepted
4628,2,pomegranate,,1,1.0,accepted
463,2,cotton,,1,1.0,accepted
4631,2,soybean,,1,1.0,accepted
4632,2,pomegranate,,1,1.0,accepted
4633,2,tomato,,1,1.0,accepted
4634,2,gram,,1,1.0,accepted
4635,2,tomato,,1,1.0,"excluded: pest 'blight' is a known-damaged label_db fragment (unmatchable: bare head noun, no pathogen named)"
4636,2,tomato,,1,1.0,accepted
4637,2,gram,,1,1.0,accepted
4638,2,gram,,1,1.0,accepted
4639,2,gram,,1,1.0,accepted
4641,2,soybean,,3,0.0,rejected_after_retries: G1: output is not JSON (Expecting value: line 1 column 1 (char 0))
4643,2,cotton,,1,1.0,accepted
4644,2,tomato,,1,1.0,accepted
4645,2,pomegranate,,1,1.0,accepted
4646,2,onion,,1,1.0,accepted
4647,2,cotton,,1,1.0,accepted
4649,2,cotton,,1,1.0,accepted
4651,2,tomato,,1,1.0,accepted
4654,2,soybean,,1,1.0,accepted
4655,2,soybean,,1,1.0,accepted
4657,2,pomegranate,,1,1.0,accepted
4659,2,cotton,,1,1.0,accepted
466,2,cotton,,1,1.0,accepted
4660,2,tomato,,1,1.0,accepted
4661,2,soybean,,1,1.0,accepted
4667,2,cotton,,2,1.0,accepted
4668,2,tomato,,1,1.0,"excluded: pest 'blight' is a known-damaged label_db fragment (unmatchable: bare head noun, no pathogen named)"
467,2,soybean,,1,1.0,accepted
4670,2,soybean,,1,1.0,"excluded: pest 'blight' is a known-damaged label_db fragment (unmatchable: bare head noun, no pathogen named)"
4671,2,soybean,,1,1.0,accepted
4673,2,soybean,,1,1.0,accepted
4674,2,soybean,,1,1.0,accepted
4675,2,cotton,,1,1.0,accepted
4676,2,tomato,,1,1.0,accepted
4677,2,onion,,1,1.0,accepted
4678,2,tur,,1,1.0,accepted
4679,2,cotton,,1,1.0,accepted
468,2,cotton,,1,1.0,accepted
4680,2,soybean,,1,1.0,accepted
4681,2,tomato,,1,1.0,accepted
4682,2,soybean,,1,1.0,accepted
4683,2,tur,,1,1.0,accepted
4685,2,tomato,,1,1.0,"excluded: pest 'blight' is a known-damaged label_db fragment (unmatchable: bare head noun, no pathogen named)"
4688,2,soybean,,1,1.0,accepted
4689,2,tur,,1,1.0,accepted
469,2,cotton,,1,1.0,accepted
4690,2,tomato,,1,1.0,accepted
4691,2,soybean,,1,1.0,accepted
4692,2,cotton,,1,1.0,accepted
4693,2,soybean,,1,1.0,accepted
4695,2,tomato,,1,1.0,accepted
4696,2,pomegranate,,1,1.0,accepted
4698,2,soybean,,1,1.0,accepted
4699,2,pomegranate,,1,1.0,accepted
47,2,tomato,,1,1.0,"excluded: pest 'blight' is a known-damaged label_db fragment (unmatchable: bare head noun, no pathogen named)"
4700,2,gram,,1,1.0,accepted
4702,2,cotton,,1,1.0,accepted
4704,2,cotton,,1,1.0,accepted
4706,2,onion,,1,1.0,accepted
4707,2,pomegranate,,1,1.0,accepted
4709,2,cotton,,1,1.0,"excluded: pest 'blight' is a known-damaged label_db fragment (unmatchable: bare head noun, no pathogen named)"
4711,2,pomegranate,,1,1.0,accepted
4712,2,soybean,,1,1.0,accepted
4714,2,cotton,,1,1.0,"excluded: pest 'blight' is a known-damaged label_db fragment (unmatchable: bare head noun, no pathogen named)"
4716,2,soybean,,1,1.0,accepted
4718,2,tur,,1,1.0,accepted
4719,2,onion,,1,1.0,accepted
472,2,tomato,,1,1.0,accepted
4721,2,tur,,1,1.0,accepted
4724,2,tur,,1,1.0,accepted
4725,2,cotton,,1,1.0,accepted
4728,2,soybean,,1,1.0,accepted
4730,2,soybean,,1,1.0,accepted
4731,2,cotton,,1,1.0,accepted
4732,2,tomato,,1,1.0,accepted
4734,2,cotton,,1,1.0,accepted
4736,2,tomato,,1,1.0,accepted
4737,2,cotton,,1,1.0,accepted
4739,2,cotton,,1,1.0,accepted
474,2,soybean,,1,1.0,accepted
4740,2,cotton,,1,1.0,accepted
4742,2,onion,,1,1.0,accepted
4744,2,onion,,1,1.0,accepted
4746,2,tomato,,1,1.0,accepted
4749,2,tomato,,1,1.0,accepted
4753,2,tur,,1,1.0,accepted
4754,2,soybean,,1,1.0,accepted
4755,2,onion,,1,1.0,"excluded: pest 'blight' is a known-damaged label_db fragment (unmatchable: bare head noun, no pathogen named)"
4758,2,tur,,1,1.0,accepted
4759,2,soybean,,1,1.0,accepted
476,2,onion,,1,1.0,accepted
4760,2,soybean,,1,1.0,accepted
4761,2,soybean,,1,1.0,accepted
4762,2,tur,,1,1.0,accepted
4763,2,tur,,1,1.0,accepted
4764,2,soybean,,1,1.0,accepted
4765,2,cotton,,1,1.0,accepted
4766,2,cotton,,1,1.0,"excluded: pest 'blight' is a known-damaged label_db fragment (unmatchable: bare head noun, no pathogen named)"
4767,2,tomato,,1,1.0,accepted
4768,2,onion,,1,1.0,accepted
4769,2,tomato,,1,1.0,accepted
477,2,gram,,1,1.0,accepted
4770,2,soybean,,1,1.0,accepted
4771,2,onion,,1,1.0,"excluded: pest 'blight' is a known-damaged label_db fragment (unmatchable: bare head noun, no pathogen named)"
4772,2,tur,,1,1.0,accepted
4773,2,cotton,,1,1.0,accepted
4774,2,cotton,,1,1.0,accepted
4778,2,tomato,,1,1.0,accepted
4779,2,onion,,1,1.0,accepted
478,2,onion,,1,1.0,accepted
4780,2,soybean,,1,1.0,accepted
4781,2,cotton,,1,1.0,accepted
4782,2,tur,,1,1.0,accepted
4784,2,onion,,1,1.0,accepted
4789,2,soybean,,1,1.0,accepted
479,2,gram,,1,1.0,accepted
4791,2,tomato,,1,1.0,accepted
4792,2,onion,,1,1.0,accepted
4793,2,onion,,1,1.0,accepted
4794,2,tomato,,1,1.0,accepted
4796,2,tomato,,1,1.0,accepted
4799,2,tur,,1,1.0,accepted
48,2,cotton,,1,1.0,accepted
480,2,onion,,1,1.0,accepted
4800,2,pomegranate,,1,1.0,accepted
4803,2,tomato,,1,1.0,accepted
4807,2,soybean,,1,1.0,accepted
4808,2,pomegranate,,1,1.0,"excluded: pest 'blight' is a known-damaged label_db fragment (unmatchable: bare head noun, no pathogen named)"
4811,2,soybean,,1,1.0,accepted
4812,2,onion,,1,1.0,accepted
4814,2,onion,,1,1.0,accepted
4817,2,soybean,,1,1.0,accepted
4818,2,tomato,,1,1.0,accepted
4820,2,tur,,1,1.0,accepted
4822,2,soybean,,1,1.0,accepted
4823,2,cotton,,1,1.0,accepted
4825,2,soybean,,1,1.0,accepted
4826,2,soybean,,1,1.0,accepted
4827,2,soybean,,1,1.0,accepted
4829,2,gram,,1,1.0,accepted
483,2,onion,,1,1.0,accepted
4832,2,gram,,1,1.0,accepted
4833,2,pomegranate,,2,1.0,accepted
4834,2,grape,,1,1.0,accepted
4835,2,pomegranate,,1,1.0,accepted
4836,2,tur,,1,1.0,accepted
4837,2,gram,,1,1.0,accepted
4838,2,pomegranate,,1,1.0,accepted
484,2,gram,,1,1.0,accepted
4841,2,pomegranate,,2,1.0,accepted
4844,2,tomato,,1,1.0,accepted
4846,2,soybean,,1,1.0,accepted
4849,2,tur,,1,1.0,accepted
485,2,onion,,1,1.0,accepted
4851,2,cotton,,1,1.0,excluded: pest 'spot' is a known-damaged label_db fragment (unmatchable: truncated cell)
4852,2,onion,,1,1.0,accepted
4853,2,tur,,1,1.0,accepted
4855,2,tomato,,1,1.0,accepted
4856,2,soybean,,2,1.0,accepted
4857,2,soybean,,1,1.0,accepted
4859,2,soybean,,1,1.0,accepted
4862,2,onion,,1,1.0,accepted
4863,2,tomato,,1,1.0,accepted
4865,2,tomato,,1,1.0,accepted
4866,2,pomegranate,,1,1.0,accepted
4867,2,gram,,1,1.0,accepted
4868,2,tomato,,1,1.0,accepted
4869,2,tomato,,1,1.0,accepted
4871,2,cotton,,1,1.0,accepted
4872,2,cotton,,1,1.0,accepted
4873,2,cotton,,1,1.0,accepted
4874,2,tur,,1,1.0,accepted
4875,2,cotton,,1,1.0,accepted
4877,2,tomato,,1,1.0,accepted
4878,2,soybean,,1,1.0,accepted
4879,2,cotton,,1,1.0,accepted
488,2,gram,,1,1.0,accepted
4880,2,cotton,,1,1.0,accepted
4882,2,cotton,,1,1.0,accepted
4883,2,cotton,,1,1.0,accepted
4884,2,soybean,,1,1.0,"excluded: pest 'blight' is a known-damaged label_db fragment (unmatchable: bare head noun, no pathogen named)"
4885,2,tomato,,1,1.0,"excluded: pest 'blight' is a known-damaged label_db fragment (unmatchable: bare head noun, no pathogen named)"
4886,2,tomato,,1,1.0,accepted
4887,2,grape,,1,1.0,accepted
4888,2,cotton,,1,1.0,accepted
4889,2,pomegranate,,1,1.0,accepted
489,2,cotton,,2,1.0,accepted
4890,2,tomato,,1,1.0,accepted
4891,2,gram,,1,1.0,accepted
4892,2,cotton,,1,1.0,accepted
4893,2,pomegranate,,1,1.0,accepted
4894,2,tomato,,1,1.0,accepted
4895,2,cotton,,1,1.0,accepted
4897,2,cotton,,1,1.0,accepted
4899,2,cotton,,1,1.0,accepted
49,2,tomato,,1,1.0,accepted
490,2,cotton,,1,1.0,accepted
4900,2,soybean,,1,1.0,accepted
4904,2,cotton,,1,1.0,accepted
4905,2,cotton,,1,1.0,accepted
4906,2,tomato,,1,1.0,accepted
4907,2,cotton,,1,1.0,accepted
491,2,soybean,,1,1.0,accepted
4910,2,tomato,,1,1.0,accepted
4911,2,soybean,,1,1.0,accepted
4912,2,cotton,,1,1.0,accepted
4914,2,cotton,,1,1.0,accepted
4917,2,cotton,,1,1.0,accepted
4918,2,cotton,,1,1.0,accepted
4919,2,cotton,,1,1.0,accepted
4920,2,soybean,,1,1.0,accepted
4923,2,onion,,1,1.0,accepted
4924,2,cotton,,1,1.0,accepted
4925,2,soybean,,1,1.0,accepted
4927,2,soybean,,2,1.0,accepted
4929,2,soybean,,1,1.0,accepted
493,2,soybean,,1,1.0,accepted
4931,2,soybean,,1,1.0,accepted
4933,2,cotton,,1,1.0,accepted
4934,2,cotton,,1,1.0,accepted
4935,2,soybean,,1,1.0,accepted
4936,2,cotton,,1,1.0,accepted
4937,2,cotton,,1,1.0,accepted
4938,2,tomato,,1,1.0,accepted
4939,2,cotton,,1,1.0,accepted
4942,2,soybean,,1,1.0,accepted
4944,2,onion,,1,1.0,accepted
4945,2,soybean,,1,1.0,accepted
4946,2,onion,,1,1.0,accepted
4948,2,cotton,,1,1.0,accepted
4949,2,onion,,1,1.0,accepted
4950,2,soybean,,1,1.0,accepted
4952,2,soybean,,1,1.0,accepted
4953,2,soybean,,1,1.0,accepted
4954,2,pomegranate,,1,1.0,accepted
4955,2,cotton,,1,1.0,accepted
4956,2,cotton,,1,1.0,excluded: pest 'rot' is a known-damaged label_db fragment (unmatchable: truncated cell)
4957,2,cotton,,1,1.0,accepted
4958,2,cotton,,1,1.0,accepted
4959,2,onion,,1,1.0,accepted
4960,2,cotton,,1,1.0,accepted
4961,2,tur,,1,1.0,accepted
4963,2,cotton,,1,1.0,accepted
4965,2,cotton,,1,1.0,accepted
4967,2,cotton,,1,1.0,accepted
4968,2,onion,,1,1.0,accepted
4969,2,cotton,,1,1.0,accepted
4973,2,cotton,,1,1.0,accepted
4975,2,cotton,,1,1.0,accepted
4976,2,tomato,,1,1.0,accepted
4977,2,cotton,,1,1.0,accepted
4978,2,soybean,,2,1.0,accepted
4979,2,pomegranate,,1,1.0,accepted
498,2,cotton,,1,1.0,accepted
4980,2,soybean,,1,1.0,accepted
4983,2,onion,,1,1.0,"excluded: pest 'blight' is a known-damaged label_db fragment (unmatchable: bare head noun, no pathogen named)"
4984,2,cotton,,1,1.0,accepted
4985,2,cotton,,1,1.0,accepted
4986,2,soybean,,1,1.0,accepted
4987,2,cotton,,1,1.0,accepted
499,2,soybean,,1,1.0,accepted
4990,2,cotton,,1,1.0,accepted
4991,2,soybean,,1,1.0,accepted
4994,2,cotton,,1,1.0,accepted
4995,2,cotton,,1,1.0,accepted
4996,2,cotton,,1,1.0,accepted
4998,2,soybean,,1,1.0,accepted
5,2,cotton,,1,1.0,accepted
50,2,pomegranate,,1,1.0,accepted
5001,2,pomegranate,,1,1.0,accepted
5002,2,cotton,,1,1.0,accepted
5004,2,soybean,,1,1.0,accepted
5006,2,tomato,,1,1.0,accepted
5008,2,tomato,,1,1.0,accepted
5009,2,cotton,,1,1.0,accepted
501,2,cotton,,1,1.0,accepted
5010,2,pomegranate,,1,1.0,accepted
5011,2,soybean,,1,1.0,accepted
5012,2,soybean,,1,1.0,accepted
5013,2,tomato,,1,1.0,accepted
5014,2,soybean,,1,1.0,accepted
5015,2,cotton,,1,1.0,accepted
5016,2,soybean,,1,1.0,accepted
5017,2,soybean,,1,1.0,accepted
5018,2,soybean,,1,1.0,accepted
5019,2,pomegranate,,1,1.0,accepted
502,2,soybean,,1,1.0,accepted
5020,2,pomegranate,,1,1.0,accepted
5021,2,soybean,,1,1.0,accepted
5023,2,cotton,,1,1.0,accepted
5024,2,cotton,,1,1.0,accepted
5028,2,onion,,1,1.0,accepted
5029,2,cotton,,1,1.0,accepted
5032,2,onion,,1,1.0,accepted
5033,2,onion,,1,1.0,accepted
5034,2,pomegranate,,1,1.0,accepted
5035,2,pomegranate,,1,1.0,accepted
5036,2,cotton,,1,1.0,"excluded: pest 'blight' is a known-damaged label_db fragment (unmatchable: bare head noun, no pathogen named)"
5038,2,onion,,1,1.0,"excluded: pest 'blight' is a known-damaged label_db fragment (unmatchable: bare head noun, no pathogen named)"
5039,2,cotton,,1,1.0,accepted
504,2,cotton,,1,1.0,accepted
5041,2,cotton,,1,1.0,"excluded: pest 'blight' is a known-damaged label_db fragment (unmatchable: bare head noun, no pathogen named)"
5042,2,onion,,2,1.0,accepted
5044,2,pomegranate,,1,1.0,accepted
5046,2,tur,,1,1.0,accepted
5048,2,tur,,1,1.0,accepted
5049,2,cotton,,1,1.0,"excluded: pest 'blight' is a known-damaged label_db fragment (unmatchable: bare head noun, no pathogen named)"
505,2,cotton,,3,1.0,rejected_after_retries: clarifying_question is missing or too short to be specific
5051,2,cotton,,1,1.0,accepted
5056,2,soybean,,1,1.0,accepted
5057,2,soybean,,1,1.0,accepted
506,2,cotton,,1,1.0,accepted
5061,2,tomato,,3,0.0,rejected_after_retries: no backend response
5063,2,cotton,,1,1.0,accepted
5066,2,soybean,,1,1.0,accepted
5067,2,cotton,,1,1.0,accepted
5068,2,tomato,,1,1.0,accepted
5069,2,cotton,,1,1.0,accepted
507,2,tur,,1,1.0,accepted
5070,2,pomegranate,,1,1.0,accepted
5071,2,cotton,,1,1.0,accepted
5073,2,cotton,,1,1.0,accepted
5074,2,cotton,,1,1.0,accepted
5075,2,cotton,,1,1.0,accepted
5076,2,soybean,,1,1.0,accepted
5077,2,soybean,,2,1.0,accepted
5078,2,cotton,,1,1.0,accepted
508,2,tur,,1,1.0,accepted
5082,2,soybean,,2,1.0,accepted
5083,2,cotton,,1,1.0,accepted
5084,2,soybean,,1,1.0,accepted
5085,2,pomegranate,,1,1.0,accepted
5087,2,cotton,,1,1.0,accepted
5088,2,onion,,1,1.0,accepted
5090,2,soybean,,1,1.0,accepted
5096,2,onion,,1,1.0,accepted
5099,2,cotton,,1,1.0,accepted
51,2,soybean,,1,1.0,accepted
5100,2,cotton,,1,1.0,accepted
5101,2,soybean,,1,1.0,accepted
5102,2,soybean,,1,1.0,"excluded: pest 'blight' is a known-damaged label_db fragment (unmatchable: bare head noun, no pathogen named)"
5103,2,soybean,,1,1.0,accepted
5104,2,soybean,,1,1.0,accepted
5105,2,cotton,,1,1.0,accepted
5106,2,soybean,,1,1.0,accepted
5107,2,soybean,,1,1.0,accepted
511,2,soybean,,1,1.0,accepted
5110,2,soybean,,1,1.0,accepted
5111,2,cotton,,1,1.0,"excluded: pest 'blight' is a known-damaged label_db fragment (unmatchable: bare head noun, no pathogen named)"
5114,2,soybean,,1,1.0,accepted
5115,2,cotton,,1,1.0,accepted
5116,2,cotton,,1,1.0,accepted
5119,2,cotton,,1,1.0,accepted
5120,2,cotton,,1,1.0,accepted
5121,2,tomato,,1,1.0,accepted
5122,2,cotton,,1,1.0,accepted
5123,2,cotton,,1,1.0,accepted
5124,2,cotton,,1,1.0,accepted
5125,2,tomato,,1,1.0,accepted
5126,2,cotton,,1,1.0,accepted
5127,2,cotton,,1,1.0,accepted
5129,2,cotton,,1,1.0,accepted
513,2,tomato,,1,1.0,accepted
5131,2,soybean,,1,1.0,accepted
5133,2,cotton,,1,1.0,accepted
5134,2,cotton,,1,1.0,accepted
5135,2,cotton,,2,1.0,accepted
5136,2,soybean,,2,1.0,accepted
5137,2,cotton,,1,1.0,accepted
5138,2,soybean,,2,1.0,accepted
514,2,cotton,,1,1.0,accepted
5140,2,cotton,,1,1.0,accepted
5142,2,cotton,,1,1.0,accepted
5144,2,onion,,1,1.0,accepted
5145,2,soybean,,1,1.0,accepted
5146,2,cotton,,1,1.0,accepted
5147,2,cotton,,1,1.0,accepted
5148,2,onion,,1,1.0,accepted
515,2,cotton,,1,1.0,accepted
5150,2,cotton,,1,1.0,accepted
5151,2,onion,,1,1.0,accepted
5152,2,onion,,1,1.0,accepted
5153,2,cotton,,1,1.0,accepted
5154,2,soybean,,1,1.0,accepted
5155,2,cotton,,1,1.0,accepted
5157,2,soybean,,1,1.0,accepted
5158,2,pomegranate,,1,1.0,accepted
5159,2,cotton,,1,1.0,accepted
516,2,cotton,,1,1.0,accepted
5161,2,cotton,,1,1.0,accepted
5162,2,cotton,,1,1.0,accepted
5163,2,soybean,,1,1.0,"excluded: pest 'blight' is a known-damaged label_db fragment (unmatchable: bare head noun, no pathogen named)"
5164,2,cotton,,1,1.0,accepted
5165,2,tomato,,1,1.0,accepted
5166,2,tomato,,1,1.0,accepted
5167,2,onion,,2,1.0,accepted
5168,2,cotton,,1,1.0,accepted
5169,2,soybean,,1,1.0,accepted
5170,2,cotton,,1,1.0,accepted
5171,2,cotton,,1,1.0,accepted
5172,2,tomato,,1,1.0,accepted
5174,2,onion,,1,1.0,accepted
5176,2,cotton,,1,1.0,accepted
5177,2,cotton,,1,1.0,accepted
5178,2,cotton,,1,1.0,excluded: pest 'rot' is a known-damaged label_db fragment (unmatchable: truncated cell)
5180,2,onion,,1,1.0,accepted
5181,2,cotton,,1,1.0,accepted
5182,2,cotton,,1,1.0,accepted
5183,2,onion,,1,1.0,accepted
5184,2,tur,,1,1.0,accepted
5185,2,gram,,1,1.0,accepted
5186,2,gram,,1,1.0,"excluded: pest 'blight' is a known-damaged label_db fragment (unmatchable: bare head noun, no pathogen named)"
5187,2,gram,,1,1.0,accepted
5189,2,tur,,1,1.0,accepted
519,2,gram,,1,1.0,accepted
5190,2,gram,,1,1.0,accepted
5192,2,onion,,1,1.0,accepted
5193,2,gram,,1,1.0,accepted
5194,2,gram,,1,1.0,accepted
5195,2,cotton,,1,1.0,accepted
5197,2,cotton,,1,1.0,accepted
5198,2,gram,,1,1.0,accepted
5199,2,cotton,,1,1.0,accepted
52,2,cotton,,1,1.0,accepted
520,2,onion,,2,1.0,accepted
5200,2,cotton,,1,1.0,accepted
5201,2,tomato,,1,1.0,accepted
5203,2,gram,,1,1.0,accepted
5204,2,cotton,,1,1.0,accepted
5206,2,tomato,,1,1.0,accepted
5207,2,onion,,1,1.0,accepted
5208,2,onion,,1,1.0,accepted
5209,2,tur,,1,1.0,accepted
521,2,gram,,1,1.0,accepted
5211,2,soybean,,1,1.0,accepted
5214,2,cotton,,1,1.0,accepted
5217,2,soybean,,1,1.0,accepted
522,2,gram,,1,1.0,accepted
5220,2,tur,,1,1.0,accepted
5222,2,onion,,1,1.0,accepted
5223,2,tur,,1,1.0,accepted
5224,2,onion,,1,1.0,accepted
5225,2,gram,,2,1.0,accepted
5226,2,tur,,1,1.0,accepted
5227,2,cotton,,1,1.0,accepted
5228,2,soybean,,1,1.0,accepted
523,2,cotton,,1,1.0,accepted
5230,2,soybean,,2,1.0,accepted
5232,2,cotton,,1,1.0,accepted
5233,2,soybean,,1,1.0,accepted
5235,2,soybean,,1,1.0,accepted
5236,2,soybean,,1,1.0,accepted
5239,2,cotton,,1,1.0,accepted
524,2,cotton,,1,1.0,accepted
5240,2,cotton,,1,1.0,accepted
5241,2,tur,,1,1.0,accepted
5243,2,onion,,1,1.0,accepted
5244,2,tomato,,1,1.0,accepted
5245,2,cotton,,1,1.0,accepted
5246,2,soybean,,1,1.0,accepted
5247,2,cotton,,1,1.0,accepted
5248,2,tomato,,1,1.0,excluded: pest 'rot' is a known-damaged label_db fragment (unmatchable: truncated cell)
525,2,soybean,,1,1.0,accepted
5251,2,soybean,,1,1.0,accepted
5252,2,pomegranate,,1,1.0,accepted
5253,2,tomato,,1,1.0,accepted
5254,2,cotton,,1,1.0,accepted
5255,2,onion,,1,1.0,accepted
5256,2,tur,,1,1.0,accepted
5257,2,cotton,,1,1.0,accepted
5258,2,tur,,1,1.0,accepted
5259,2,tomato,,1,1.0,accepted
5260,2,gram,,1,1.0,accepted
5261,2,tur,,1,1.0,accepted
5263,2,gram,,2,1.0,accepted
5264,2,gram,,1,1.0,accepted
5265,2,tomato,,1,1.0,accepted
5266,2,soybean,,1,1.0,accepted
5268,2,cotton,,1,1.0,accepted
5269,2,cotton,,1,1.0,accepted
5270,2,grape,,1,1.0,accepted
5271,2,tur,,1,1.0,accepted
5273,2,tur,,1,1.0,accepted
5274,2,tur,,1,1.0,accepted
5275,2,pomegranate,,1,1.0,accepted
5277,2,tomato,,1,1.0,accepted
5278,2,pomegranate,,1,1.0,accepted
5279,2,onion,,1,1.0,accepted
5280,2,onion,,1,1.0,accepted
5282,2,pomegranate,,1,1.0,accepted
5283,2,tomato,,2,1.0,accepted
5284,2,soybean,,1,1.0,accepted
5286,2,cotton,,1,1.0,accepted
5287,2,cotton,,1,1.0,accepted
5288,2,pomegranate,,1,1.0,accepted
5289,2,pomegranate,,1,1.0,accepted
529,2,cotton,,3,1.0,rejected_after_retries: clarifying_question is missing or too short to be specific
5294,2,cotton,,1,1.0,accepted
5295,2,soybean,,1,1.0,accepted
5296,2,soybean,,1,1.0,accepted
5297,2,soybean,,1,1.0,accepted
5299,2,tomato,,2,1.0,accepted
53,2,cotton,,1,1.0,accepted
530,2,cotton,,1,1.0,accepted
5300,2,tomato,,1,1.0,accepted
5303,2,tomato,,1,1.0,accepted
5304,2,tomato,,1,1.0,accepted
5306,2,onion,,1,1.0,accepted
5307,2,soybean,,1,1.0,accepted
5308,2,pomegranate,,1,1.0,accepted
5309,2,tomato,,2,1.0,accepted
531,2,onion,,1,1.0,accepted
5310,2,pomegranate,,1,1.0,accepted
5312,2,cotton,,1,1.0,accepted
5313,2,pomegranate,,1,1.0,accepted
5314,2,pomegranate,,1,1.0,accepted
5317,2,soybean,,2,1.0,accepted
5319,2,soybean,,1,1.0,accepted
532,2,soybean,,1,1.0,accepted
5320,2,soybean,,1,1.0,accepted
5322,2,cotton,,1,1.0,accepted
5324,2,tomato,,1,1.0,accepted
5325,2,cotton,,1,1.0,accepted
5326,2,soybean,,1,1.0,accepted
5327,2,tur,,1,1.0,accepted
5328,2,onion,,1,1.0,accepted
5329,2,cotton,,1,1.0,accepted
533,2,gram,,1,1.0,accepted
5331,2,soybean,,1,1.0,accepted
5332,2,cotton,,1,1.0,accepted
5333,2,soybean,,1,1.0,accepted
5334,2,tomato,,1,1.0,accepted
5335,2,cotton,,1,1.0,accepted
5336,2,tomato,,1,1.0,accepted
5337,2,gram,,1,1.0,accepted
5338,2,tur,,1,1.0,accepted
534,2,cotton,,1,1.0,accepted
5342,2,soybean,,1,1.0,accepted
5343,2,pomegranate,,1,1.0,accepted
5344,2,grape,,1,1.0,accepted
5345,2,pomegranate,,1,1.0,accepted
5346,2,pomegranate,,1,1.0,accepted
5347,2,pomegranate,,1,1.0,accepted
5348,2,tomato,,1,1.0,accepted
5349,2,soybean,,1,1.0,accepted
535,2,soybean,,1,1.0,accepted
5350,2,cotton,,1,1.0,accepted
5351,2,tomato,,2,1.0,accepted
5352,2,pomegranate,,1,1.0,accepted
5353,2,grape,,1,1.0,accepted
5354,2,tomato,,1,1.0,accepted
5355,2,tomato,,1,1.0,accepted
5356,2,tomato,,1,1.0,accepted
5357,2,pomegranate,,1,1.0,accepted
5358,2,onion,,1,1.0,accepted
5359,2,soybean,,1,1.0,accepted
5360,2,pomegranate,,1,1.0,accepted
5361,2,pomegranate,,1,1.0,accepted
5363,2,tomato,,1,1.0,accepted
5365,2,pomegranate,,1,1.0,excluded: pest 'spot' is a known-damaged label_db fragment (unmatchable: truncated cell)
5366,2,gram,,1,1.0,accepted
5367,2,cotton,,1,1.0,accepted
5369,2,soybean,,1,1.0,accepted
5370,2,soybean,,1,1.0,accepted
5371,2,onion,,1,1.0,accepted
5372,2,gram,,1,1.0,accepted
5373,2,gram,,1,1.0,accepted
5374,2,tomato,,1,1.0,accepted
5375,2,pomegranate,,1,1.0,accepted
5376,2,gram,,1,1.0,accepted
5379,2,tomato,,1,1.0,accepted
538,2,gram,,1,1.0,accepted
5382,2,onion,,1,1.0,accepted
5383,2,tur,,1,1.0,accepted
5384,2,tomato,,1,1.0,accepted
5385,2,gram,,1,1.0,accepted
5386,2,tur,,1,1.0,accepted
5387,2,tomato,,1,1.0,accepted
5388,2,onion,,1,1.0,accepted
539,2,onion,,1,1.0,"excluded: pest 'blight' is a known-damaged label_db fragment (unmatchable: bare head noun, no pathogen named)"
5390,2,gram,,1,1.0,accepted
5391,2,onion,,1,1.0,accepted
5392,2,onion,,1,1.0,accepted
5393,2,cotton,,1,1.0,accepted
5394,2,gram,,1,1.0,accepted
5395,2,onion,,1,1.0,accepted
5396,2,onion,,1,1.0,accepted
5397,2,cotton,,1,1.0,"excluded: pest 'blight' is a known-damaged label_db fragment (unmatchable: bare head noun, no pathogen named)"
5398,2,cotton,,1,1.0,accepted
5399,2,cotton,,1,1.0,accepted
54,2,cotton,,1,1.0,accepted
5400,2,onion,,1,1.0,accepted
5401,2,tomato,,1,1.0,accepted
5402,2,onion,,1,1.0,accepted
5404,2,tomato,,1,1.0,accepted
5405,2,gram,,1,1.0,accepted
5406,2,gram,,1,1.0,accepted
5407,2,onion,,1,1.0,accepted
5408,2,tomato,,1,1.0,accepted
5409,2,gram,,1,1.0,accepted
541,2,gram,,1,1.0,accepted
5411,2,onion,,1,1.0,accepted
5412,2,gram,,1,1.0,accepted
5413,2,gram,,1,1.0,accepted
5415,2,gram,,1,1.0,accepted
5417,2,cotton,,1,1.0,accepted
5418,2,onion,,2,1.0,accepted
5419,2,onion,,2,1.0,accepted
5420,2,soybean,,1,1.0,accepted
5421,2,cotton,,2,1.0,accepted
5425,2,cotton,,1,1.0,accepted
5426,2,cotton,,1,1.0,accepted
5427,2,cotton,,1,1.0,accepted
5428,2,tomato,,1,1.0,accepted
543,2,cotton,,1,1.0,accepted
5431,2,cotton,,1,1.0,accepted
5432,2,soybean,,1,1.0,accepted
5433,2,tur,,1,1.0,accepted
5434,2,gram,,1,1.0,accepted
5435,2,gram,,1,1.0,accepted
5436,2,gram,,1,1.0,accepted
5437,2,gram,,1,1.0,accepted
5438,2,gram,,1,1.0,accepted
5439,2,tomato,,1,1.0,accepted
5440,2,onion,,2,1.0,accepted
5441,2,gram,,1,1.0,accepted
5442,2,tomato,,2,1.0,accepted
5443,2,onion,,1,1.0,accepted
5444,2,cotton,,1,1.0,accepted
5445,2,onion,,1,1.0,accepted
5447,2,onion,,1,1.0,accepted
5448,2,onion,,1,1.0,accepted
545,2,onion,,1,1.0,accepted
5450,2,cotton,,1,1.0,accepted
5451,2,cotton,,1,1.0,accepted
5452,2,cotton,,1,1.0,accepted
5453,2,tur,,1,1.0,accepted
5454,2,cotton,,1,1.0,accepted
5455,2,soybean,,1,1.0,accepted
5456,2,soybean,,1,1.0,accepted
5459,2,pomegranate,,1,1.0,accepted
5460,2,soybean,,1,1.0,accepted
5461,2,soybean,,1,1.0,accepted
5462,2,tur,,1,1.0,accepted
5463,2,soybean,,1,1.0,accepted
5464,2,tur,,1,1.0,accepted
5465,2,tomato,,1,1.0,accepted
5466,2,tomato,,1,1.0,accepted
5467,2,onion,,1,1.0,accepted
5468,2,pomegranate,,1,1.0,accepted
5469,2,cotton,,1,1.0,accepted
547,2,pomegranate,,1,1.0,accepted
5471,2,soybean,,1,1.0,accepted
5473,2,cotton,,1,1.0,accepted
5475,2,soybean,,1,1.0,accepted
5476,2,tomato,,1,1.0,accepted
5477,2,onion,,1,1.0,accepted
5478,2,soybean,,1,1.0,accepted
5479,2,cotton,,1,1.0,accepted
548,2,onion,,1,1.0,accepted
5480,2,tur,,1,1.0,accepted
5481,2,cotton,,1,1.0,accepted
5482,2,tomato,,1,1.0,accepted
5483,2,cotton,,1,1.0,accepted
5484,2,tur,,1,1.0,accepted
5487,2,tomato,,1,1.0,accepted
5488,2,soybean,,1,1.0,accepted
5489,2,soybean,,1,1.0,accepted
5490,2,cotton,,1,1.0,accepted
5491,2,cotton,,1,1.0,accepted
5493,2,cotton,,1,1.0,accepted
5495,2,soybean,,1,1.0,accepted
5496,2,tomato,,1,1.0,accepted
5497,2,soybean,,1,1.0,accepted
5498,2,tomato,,1,1.0,accepted
55,2,cotton,,1,1.0,accepted
550,2,onion,,1,1.0,accepted
5500,2,soybean,,1,1.0,accepted
5501,2,tomato,,1,1.0,accepted
5502,2,cotton,,1,1.0,accepted
5503,2,cotton,,1,1.0,accepted
5504,2,cotton,,1,1.0,accepted
5505,2,cotton,,1,1.0,accepted
5506,2,cotton,,2,1.0,accepted
5507,2,cotton,,1,1.0,accepted
5509,2,cotton,,2,1.0,accepted
551,2,onion,,2,1.0,accepted
5510,2,cotton,,1,1.0,accepted
5511,2,tomato,,2,1.0,accepted
5513,2,cotton,,1,1.0,accepted
5515,2,onion,,1,1.0,accepted
5516,2,gram,,1,1.0,accepted
5518,2,cotton,,1,1.0,accepted
5519,2,cotton,,1,1.0,accepted
552,2,onion,,1,1.0,accepted
5520,2,tomato,,1,1.0,accepted
5521,2,gram,,1,1.0,accepted
5522,2,pomegranate,,1,1.0,accepted
5523,2,cotton,,1,1.0,accepted
5525,2,gram,,1,1.0,accepted
5526,2,gram,,1,1.0,accepted
5527,2,onion,,1,1.0,accepted
5528,2,cotton,,1,1.0,accepted
5529,2,onion,,1,1.0,accepted
553,2,tomato,,2,1.0,accepted
5531,2,tomato,,1,1.0,accepted
5532,2,onion,,1,1.0,accepted
5533,2,onion,,2,1.0,accepted
5534,2,tur,,1,1.0,accepted
5536,2,pomegranate,,1,1.0,accepted
5537,2,tomato,,1,1.0,"excluded: pest 'blight' is a known-damaged label_db fragment (unmatchable: bare head noun, no pathogen named)"
5538,2,soybean,,1,1.0,excluded: pest 'spot' is a known-damaged label_db fragment (unmatchable: truncated cell)
5539,2,soybean,,1,1.0,accepted
554,2,gram,,1,1.0,accepted
5541,2,cotton,,1,1.0,"excluded: pest 'blight' is a known-damaged label_db fragment (unmatchable: bare head noun, no pathogen named)"
5542,2,cotton,,1,1.0,accepted
5543,2,gram,,2,1.0,accepted
5544,2,tur,,1,1.0,accepted
5545,2,cotton,,1,1.0,accepted
5546,2,pomegranate,,1,1.0,accepted
5547,2,cotton,,1,1.0,accepted
5548,2,soybean,,1,1.0,accepted
5549,2,soybean,,1,1.0,accepted
555,2,onion,,1,1.0,accepted
5550,2,tomato,,1,1.0,accepted
5551,2,tur,,2,1.0,accepted
5553,2,tur,,1,1.0,accepted
5554,2,tur,,1,1.0,accepted
5555,2,onion,,1,1.0,accepted
5557,2,tomato,,1,1.0,accepted
556,2,gram,,1,1.0,accepted
5561,2,cotton,,2,1.0,accepted
5562,2,onion,,1,1.0,accepted
5563,2,grape,,1,1.0,accepted
5566,2,soybean,,1,1.0,accepted
5567,2,cotton,,1,1.0,accepted
5568,2,cotton,,1,1.0,accepted
557,2,gram,,1,1.0,accepted
5570,2,cotton,,1,1.0,accepted
5572,2,cotton,,1,1.0,accepted
5573,2,cotton,,1,1.0,accepted
5574,2,tomato,,1,1.0,accepted
5575,2,soybean,,1,1.0,accepted
5576,2,cotton,,1,1.0,accepted
5577,2,cotton,,1,1.0,accepted
5578,2,onion,,1,1.0,accepted
5579,2,gram,,1,1.0,accepted
558,2,gram,,1,1.0,accepted
5580,2,gram,,1,1.0,accepted
5581,2,onion,,1,1.0,accepted
5583,2,soybean,,1,1.0,accepted
5584,2,soybean,,1,1.0,accepted
5585,2,cotton,,1,1.0,accepted
5586,2,tur,,1,1.0,accepted
5588,2,tur,,1,1.0,accepted
5590,2,cotton,,1,1.0,accepted
5591,2,cotton,,2,1.0,accepted
5595,2,onion,,1,1.0,accepted
5596,2,pomegranate,,1,1.0,accepted
5597,2,pomegranate,,1,1.0,accepted
5598,2,gram,,1,1.0,accepted
5599,2,tomato,,1,1.0,accepted
56,2,cotton,,1,1.0,accepted
560,2,gram,,1,1.0,accepted
5600,2,soybean,,1,1.0,accepted
5601,2,gram,,1,1.0,accepted
5602,2,onion,,1,1.0,accepted
5605,2,tur,,2,1.0,accepted
5607,2,onion,,1,1.0,accepted
5608,2,onion,,1,1.0,accepted
5609,2,pomegranate,,2,1.0,accepted
561,2,gram,,1,1.0,accepted
5610,2,onion,,1,1.0,accepted
5612,2,onion,,1,1.0,accepted
5613,2,onion,,1,1.0,accepted
5614,2,gram,,1,1.0,accepted
5615,2,gram,,1,1.0,accepted
5616,2,onion,,1,1.0,accepted
5617,2,tomato,,1,1.0,accepted
5618,2,tomato,,1,1.0,accepted
562,2,gram,,1,1.0,accepted
5620,2,tomato,,1,1.0,accepted
5621,2,gram,,1,1.0,accepted
5622,2,gram,,1,1.0,accepted
5623,2,tur,,1,1.0,accepted
5624,2,tur,,1,1.0,accepted
5625,2,tomato,,1,1.0,accepted
5627,2,onion,,1,1.0,accepted
5629,2,gram,,2,1.0,accepted
563,2,onion,,1,1.0,accepted
5630,2,gram,,1,1.0,accepted
5631,2,tur,,1,1.0,accepted
5633,2,gram,,1,1.0,accepted
5634,2,onion,,1,1.0,accepted
5635,2,cotton,,1,1.0,accepted
5636,2,gram,,1,1.0,"excluded: pest 'blight' is a known-damaged label_db fragment (unmatchable: bare head noun, no pathogen named)"
5637,2,tomato,,2,1.0,accepted
5641,2,gram,,1,1.0,accepted
5643,2,gram,,1,1.0,accepted
5644,2,gram,,1,1.0,accepted
5645,2,gram,,1,1.0,accepted
5646,2,tomato,,1,1.0,accepted
5647,2,gram,,2,1.0,accepted
5648,2,gram,,1,1.0,accepted
5650,2,tomato,,1,1.0,accepted
5651,2,gram,,1,1.0,accepted
5652,2,grape,,1,1.0,accepted
5654,2,gram,,1,1.0,"excluded: pest 'blight' is a known-damaged label_db fragment (unmatchable: bare head noun, no pathogen named)"
5655,2,cotton,,1,1.0,accepted
5656,2,tur,,1,1.0,accepted
5657,2,gram,,1,1.0,accepted
5658,2,tur,,1,1.0,accepted
5660,2,gram,,1,1.0,accepted
5661,2,onion,,1,1.0,accepted
5663,2,tur,,1,1.0,accepted
5664,2,gram,,1,1.0,accepted
5665,2,gram,,1,1.0,accepted
5666,2,pomegranate,,1,1.0,accepted
5669,2,gram,,1,1.0,accepted
567,2,onion,,1,1.0,accepted
5670,2,gram,,1,1.0,accepted
5672,2,gram,,1,1.0,"excluded: pest 'blight' is a known-damaged label_db fragment (unmatchable: bare head noun, no pathogen named)"
5673,2,gram,,1,1.0,"excluded: pest 'blight' is a known-damaged label_db fragment (unmatchable: bare head noun, no pathogen named)"
5674,2,gram,,1,1.0,accepted
5675,2,gram,,1,1.0,accepted
5676,2,onion,,1,1.0,"excluded: pest 'blight' is a known-damaged label_db fragment (unmatchable: bare head noun, no pathogen named)"
5677,2,gram,,1,1.0,accepted
5678,2,gram,,1,1.0,accepted
5679,2,gram,,1,1.0,accepted
5680,2,gram,,1,1.0,accepted
5681,2,gram,,1,1.0,accepted
5683,2,cotton,,1,1.0,accepted
5684,2,tur,,1,1.0,accepted
5685,2,cotton,,1,1.0,accepted
5686,2,cotton,,1,1.0,accepted
5687,2,gram,,1,1.0,accepted
5688,2,gram,,1,1.0,accepted
5689,2,grape,,1,1.0,accepted
5690,2,onion,,1,1.0,excluded: pest 'rot' is a known-damaged label_db fragment (unmatchable: truncated cell)
5691,2,onion,,1,1.0,accepted
570,2,cotton,,1,1.0,accepted
571,2,cotton,,1,1.0,accepted
572,2,tomato,,1,1.0,accepted
573,2,onion,,1,1.0,accepted
574,2,gram,,1,1.0,accepted
577,2,gram,,1,1.0,accepted
579,2,pomegranate,,1,1.0,accepted
58,2,soybean,,3,1.0,accepted
581,2,gram,,1,1.0,accepted
582,2,gram,,1,1.0,accepted
583,2,gram,,1,1.0,accepted
585,2,gram,,1,1.0,accepted
586,2,pomegranate,,1,1.0,accepted
587,2,gram,,1,1.0,accepted
588,2,gram,,2,1.0,accepted
589,2,cotton,,1,1.0,accepted
59,2,soybean,,1,1.0,accepted
592,2,grape,,1,1.0,accepted
593,2,tur,,1,1.0,accepted
594,2,soybean,,1,1.0,accepted
595,2,tur,,1,1.0,accepted
596,2,cotton,,1,1.0,accepted
597,2,gram,,1,1.0,accepted
599,2,cotton,,1,1.0,accepted
6,2,soybean,,1,1.0,accepted
600,2,tur,,1,1.0,accepted
601,2,tur,,1,1.0,accepted
602,2,cotton,,1,1.0,accepted
603,2,cotton,,1,1.0,accepted
605,2,cotton,,1,1.0,accepted
606,2,cotton,,1,1.0,"excluded: pest 'blight' is a known-damaged label_db fragment (unmatchable: bare head noun, no pathogen named)"
607,2,cotton,,1,1.0,accepted
608,2,cotton,,1,1.0,accepted
610,2,cotton,,1,1.0,accepted
612,2,onion,,1,1.0,accepted
613,2,onion,,1,1.0,accepted
614,2,gram,,1,1.0,accepted
615,2,gram,,2,1.0,accepted
616,2,tur,,1,1.0,accepted
619,2,tur,,1,1.0,accepted
62,2,tomato,,1,1.0,accepted
620,2,tur,,1,1.0,accepted
621,2,grape,,2,1.0,accepted
622,2,gram,,1,1.0,accepted
624,2,gram,,1,1.0,accepted
626,2,gram,,1,1.0,accepted
627,2,cotton,,1,1.0,accepted
628,2,gram,,1,1.0,accepted
629,2,gram,,1,1.0,accepted
63,2,cotton,,1,1.0,accepted
630,2,onion,,1,1.0,accepted
631,2,pomegranate,,1,1.0,accepted
632,2,gram,,1,1.0,accepted
633,2,pomegranate,,1,1.0,accepted
638,2,cotton,,1,1.0,accepted
639,2,cotton,,1,1.0,accepted
64,2,soybean,,1,1.0,accepted
640,2,tomato,,1,1.0,accepted
641,2,tomato,,1,1.0,accepted
642,2,tomato,,1,1.0,accepted
643,2,soybean,,1,1.0,accepted
644,2,cotton,,1,1.0,accepted
645,2,soybean,,1,1.0,accepted
646,2,tomato,,1,1.0,accepted
647,2,gram,,1,1.0,accepted
649,2,gram,,1,1.0,accepted
650,2,onion,,1,1.0,accepted
651,2,gram,,1,1.0,accepted
652,2,onion,,2,1.0,accepted
654,2,pomegranate,,1,1.0,accepted
655,2,soybean,,1,1.0,accepted
656,2,cotton,,1,1.0,accepted
658,2,pomegranate,,1,1.0,accepted
659,2,soybean,,1,1.0,accepted
66,2,soybean,,1,1.0,accepted
660,2,soybean,,3,0.0,rejected_after_retries: G1: output is not JSON (Expecting value: line 1 column 1 (char 0))
661,2,tomato,,1,1.0,accepted
662,2,cotton,,1,1.0,accepted
664,2,cotton,,1,1.0,accepted
665,2,gram,,1,1.0,accepted
666,2,onion,,1,1.0,accepted
667,2,gram,,1,1.0,accepted
669,2,onion,,1,1.0,accepted
670,2,tomato,,1,1.0,accepted
671,2,gram,,1,1.0,accepted
673,2,onion,,1,1.0,accepted
674,2,tomato,,1,1.0,accepted
675,2,gram,,1,1.0,accepted
676,2,cotton,,1,1.0,accepted
677,2,cotton,,1,1.0,accepted
678,2,cotton,,1,1.0,excluded: pest 'rot' is a known-damaged label_db fragment (unmatchable: truncated cell)
679,2,onion,,1,1.0,accepted
68,2,onion,,1,1.0,accepted
680,2,pomegranate,,1,1.0,accepted
681,2,gram,,1,1.0,accepted
682,2,pomegranate,,1,1.0,accepted
683,2,gram,,1,1.0,accepted
684,2,gram,,1,1.0,accepted
685,2,gram,,1,1.0,accepted
687,2,tomato,,1,1.0,accepted
688,2,onion,,1,1.0,accepted
689,2,pomegranate,,1,1.0,accepted
69,2,cotton,,1,1.0,accepted
690,2,onion,,1,1.0,accepted
691,2,onion,,1,1.0,accepted
692,2,soybean,,1,1.0,accepted
694,2,soybean,,1,1.0,accepted
695,2,tur,,1,1.0,accepted
696,2,soybean,,3,0.0,rejected_after_retries: G1: output is not JSON (Expecting value: line 1 column 1 (char 0))
697,2,tomato,,1,1.0,accepted
698,2,soybean,,1,1.0,accepted
699,2,cotton,,1,1.0,accepted
7,2,cotton,,1,1.0,accepted
70,2,cotton,,1,1.0,accepted
700,2,tur,,1,1.0,accepted
701,2,cotton,,1,1.0,accepted
702,2,gram,,1,1.0,accepted
703,2,cotton,,1,1.0,accepted
705,2,onion,,1,1.0,accepted
706,2,gram,,1,1.0,accepted
708,2,cotton,,1,1.0,accepted
709,2,cotton,,1,1.0,accepted
71,2,tur,,1,1.0,accepted
710,2,tomato,,2,1.0,accepted
712,2,cotton,,1,1.0,accepted
714,2,pomegranate,,1,1.0,accepted
715,2,soybean,,3,1.0,rejected_after_retries: clarifying_question is missing or too short to be specific
716,2,onion,,1,1.0,accepted
717,2,soybean,,1,1.0,accepted
719,2,cotton,,1,1.0,accepted
72,2,soybean,,1,1.0,accepted
720,2,onion,,1,1.0,accepted
722,2,cotton,,1,1.0,accepted
723,2,soybean,,1,1.0,accepted
724,2,tur,,1,1.0,accepted
725,2,soybean,,1,1.0,accepted
728,2,cotton,,1,1.0,accepted
729,2,tur,,1,1.0,accepted
73,2,cotton,,2,1.0,accepted
730,2,tomato,,1,1.0,accepted
731,2,tur,,2,1.0,accepted
732,2,tomato,,1,1.0,accepted
733,2,tur,,1,1.0,accepted
734,2,cotton,,1,1.0,accepted
735,2,cotton,,1,1.0,accepted
736,2,cotton,,1,1.0,accepted
737,2,tomato,,1,1.0,accepted
739,2,cotton,,1,1.0,accepted
74,2,onion,,1,1.0,accepted
740,2,tomato,,1,1.0,accepted
741,2,soybean,,1,1.0,accepted
743,2,cotton,,1,1.0,accepted
746,2,cotton,,1,1.0,accepted
747,2,cotton,,1,1.0,accepted
748,2,cotton,,1,1.0,accepted
749,2,soybean,,1,1.0,accepted
751,2,pomegranate,,1,1.0,accepted
753,2,cotton,,1,1.0,accepted
754,2,soybean,,1,1.0,accepted
755,2,tur,,1,1.0,"excluded: pest 'blight' is a known-damaged label_db fragment (unmatchable: bare head noun, no pathogen named)"
756,2,gram,,1,1.0,accepted
757,2,soybean,,1,1.0,accepted
758,2,tur,,1,1.0,accepted
759,2,cotton,,1,1.0,accepted
760,2,cotton,,1,1.0,accepted
761,2,tomato,,1,1.0,accepted
762,2,cotton,,1,1.0,accepted
763,2,cotton,,1,1.0,accepted
764,2,soybean,,1,1.0,accepted
765,2,onion,,1,1.0,accepted
767,2,cotton,,1,1.0,accepted
768,2,gram,,1,1.0,accepted
769,2,gram,,1,1.0,accepted
77,2,cotton,,1,1.0,accepted
770,2,tur,,1,1.0,accepted
771,2,tomato,,1,1.0,accepted
772,2,tur,,1,1.0,accepted
773,2,tur,,1,1.0,accepted
774,2,tur,,1,1.0,accepted
775,2,cotton,,1,1.0,accepted
776,2,cotton,,1,1.0,accepted
777,2,cotton,,1,1.0,accepted
778,2,soybean,,1,1.0,accepted
779,2,soybean,,1,1.0,accepted
78,2,cotton,,1,1.0,accepted
780,2,tur,,1,1.0,accepted
781,2,cotton,,2,1.0,accepted
782,2,tomato,,1,1.0,accepted
784,2,cotton,,1,1.0,accepted
785,2,cotton,,1,1.0,accepted
786,2,gram,,1,1.0,accepted
787,2,gram,,1,1.0,accepted
788,2,gram,,1,1.0,accepted
789,2,onion,,1,1.0,accepted
791,2,gram,,2,1.0,accepted
793,2,gram,,1,1.0,accepted
795,2,tomato,,2,1.0,accepted
796,2,tomato,,1,1.0,accepted
797,2,gram,,1,1.0,accepted
798,2,cotton,,1,1.0,accepted
799,2,tomato,,1,1.0,accepted
8,2,soybean,,1,1.0,accepted
80,2,onion,,1,1.0,accepted
800,2,cotton,,2,1.0,accepted
801,2,tomato,,1,1.0,accepted
802,2,tomato,,1,1.0,accepted
803,2,cotton,,2,1.0,accepted
804,2,tur,,1,1.0,accepted
805,2,tomato,,1,1.0,accepted
806,2,cotton,,1,1.0,accepted
807,2,cotton,,1,1.0,accepted
811,2,cotton,,1,1.0,accepted
812,2,cotton,,1,1.0,accepted
813,2,soybean,,1,1.0,accepted
814,2,tomato,,1,1.0,accepted
815,2,cotton,,1,1.0,accepted
816,2,cotton,,1,1.0,accepted
817,2,cotton,,1,1.0,accepted
818,2,cotton,,1,1.0,accepted
819,2,soybean,,1,1.0,accepted
82,2,onion,,1,1.0,accepted
822,2,cotton,,1,1.0,accepted
823,2,onion,,1,1.0,accepted
824,2,onion,,2,1.0,accepted
825,2,cotton,,1,1.0,accepted
829,2,tomato,,1,1.0,accepted
830,2,cotton,,1,1.0,accepted
831,2,cotton,,1,1.0,accepted
837,2,pomegranate,,1,1.0,accepted
839,2,tomato,,2,1.0,accepted
841,2,cotton,,2,1.0,accepted
842,2,gram,,1,1.0,accepted
843,2,pomegranate,,3,1.0,rejected_after_retries: clarifying_question is missing or too short to be specific
844,2,onion,,1,1.0,accepted
845,2,soybean,,3,0.0,rejected_after_retries: G1: output is not JSON (Expecting value: line 1 column 1 (char 0))
846,2,tomato,,1,1.0,accepted
848,2,cotton,,1,1.0,accepted
849,2,soybean,,1,1.0,accepted
85,2,tomato,,1,1.0,accepted
850,2,tomato,,1,1.0,accepted
851,2,tomato,,1,1.0,accepted
852,2,cotton,,1,1.0,accepted
853,2,onion,,1,1.0,accepted
854,2,cotton,,1,1.0,accepted
855,2,tur,,1,1.0,accepted
857,2,onion,,1,1.0,accepted
858,2,tomato,,1,1.0,accepted
86,2,tomato,,1,1.0,accepted
864,2,gram,,1,1.0,accepted
866,2,cotton,,1,1.0,accepted
868,2,cotton,,1,1.0,"excluded: pest 'blight' is a known-damaged label_db fragment (unmatchable: bare head noun, no pathogen named)"
869,2,cotton,,2,1.0,accepted
870,2,cotton,,1,1.0,accepted
872,2,soybean,,1,1.0,accepted
873,2,cotton,,1,1.0,accepted
875,2,cotton,,1,1.0,accepted
876,2,tomato,,1,1.0,accepted
877,2,tomato,,1,1.0,accepted
878,2,onion,,1,1.0,"excluded: pest 'blight' is a known-damaged label_db fragment (unmatchable: bare head noun, no pathogen named)"
879,2,gram,,1,1.0,accepted
88,2,tomato,,1,1.0,accepted
880,2,gram,,1,1.0,accepted
881,2,pomegranate,,1,1.0,accepted
882,2,onion,,1,1.0,accepted
883,2,soybean,,1,1.0,accepted
884,2,tomato,,1,1.0,accepted
886,2,tomato,,1,1.0,accepted
888,2,tomato,,1,1.0,accepted
89,2,soybean,,1,1.0,accepted
890,2,onion,,1,1.0,accepted
891,2,onion,,1,1.0,accepted
892,2,gram,,1,1.0,accepted
894,2,tur,,1,1.0,accepted
895,2,tomato,,1,1.0,accepted
897,2,gram,,1,1.0,accepted
898,2,gram,,1,1.0,accepted
899,2,onion,,1,1.0,accepted
900,2,gram,,1,1.0,accepted
901,2,gram,,1,1.0,accepted
902,2,gram,,1,1.0,accepted
903,2,tomato,,1,1.0,accepted
905,2,cotton,,1,1.0,accepted
906,2,onion,,1,1.0,"excluded: pest 'blight' is a known-damaged label_db fragment (unmatchable: bare head noun, no pathogen named)"
907,2,pomegranate,,1,1.0,accepted
908,2,cotton,,1,1.0,accepted
909,2,gram,,1,1.0,accepted
91,2,cotton,,1,1.0,accepted
910,2,soybean,,1,1.0,accepted
911,2,cotton,,1,1.0,accepted
912,2,soybean,,1,1.0,accepted
913,2,tomato,,1,1.0,accepted
914,2,soybean,,1,1.0,accepted
915,2,soybean,,1,1.0,"excluded: pest 'blight' is a known-damaged label_db fragment (unmatchable: bare head noun, no pathogen named)"
916,2,onion,,1,1.0,accepted
918,2,cotton,,1,1.0,accepted
919,2,cotton,,1,1.0,accepted
920,2,cotton,,1,1.0,accepted
921,2,cotton,,1,1.0,accepted
923,2,onion,,1,1.0,accepted
924,2,gram,,1,1.0,accepted
925,2,onion,,1,1.0,accepted
927,2,onion,,1,1.0,"excluded: pest 'blight' is a known-damaged label_db fragment (unmatchable: bare head noun, no pathogen named)"
928,2,onion,,1,1.0,accepted
929,2,gram,,1,1.0,accepted
93,2,cotton,,1,1.0,accepted
930,2,gram,,2,1.0,accepted
931,2,gram,,1,1.0,accepted
932,2,onion,,1,1.0,accepted
933,2,gram,,1,1.0,accepted
935,2,gram,,1,1.0,accepted
936,2,tur,,1,1.0,accepted
937,2,gram,,1,1.0,accepted
938,2,gram,,1,1.0,accepted
939,2,tomato,,1,1.0,accepted
94,2,tur,,1,1.0,accepted
941,2,gram,,1,1.0,accepted
942,2,gram,,1,1.0,accepted
944,2,onion,,1,1.0,accepted
945,2,gram,,1,1.0,accepted
946,2,gram,,1,1.0,accepted
947,2,gram,,1,1.0,accepted
948,2,gram,,1,1.0,accepted
95,2,cotton,,1,1.0,accepted
950,2,onion,,1,1.0,accepted
951,2,gram,,2,1.0,accepted
952,2,tomato,,1,1.0,accepted
953,2,gram,,1,1.0,accepted
954,2,gram,,2,1.0,accepted
955,2,onion,,1,1.0,accepted
956,2,onion,,1,1.0,"excluded: pest 'blight' is a known-damaged label_db fragment (unmatchable: bare head noun, no pathogen named)"
957,2,gram,,2,1.0,accepted
958,2,gram,,1,1.0,accepted
960,2,onion,,1,1.0,accepted
962,2,onion,,2,1.0,accepted
963,2,onion,,1,1.0,accepted
964,2,gram,,1,1.0,accepted
965,2,gram,,1,1.0,accepted
966,2,gram,,1,1.0,accepted
968,2,tur,,1,1.0,accepted
969,2,gram,,1,1.0,accepted
970,2,gram,,1,1.0,accepted
971,2,gram,,1,1.0,accepted
972,2,tur,,1,1.0,accepted
973,2,gram,,1,1.0,accepted
974,2,onion,,1,1.0,accepted
975,2,gram,,1,1.0,accepted
976,2,onion,,2,1.0,accepted
979,2,gram,,1,1.0,accepted
98,2,cotton,,1,1.0,accepted
980,2,gram,,1,1.0,accepted
982,2,gram,,1,1.0,accepted
983,2,gram,,1,1.0,accepted
985,2,gram,,1,1.0,accepted
986,2,onion,,1,1.0,"excluded: pest 'blight' is a known-damaged label_db fragment (unmatchable: bare head noun, no pathogen named)"
987,2,gram,,1,1.0,accepted
988,2,gram,,1,1.0,accepted
989,2,gram,,1,1.0,accepted
99,2,pomegranate,,1,1.0,accepted
990,2,gram,,1,1.0,accepted
991,2,onion,,1,1.0,accepted
992,2,gram,,1,1.0,accepted
993,2,onion,,1,1.0,accepted
994,2,gram,,1,1.0,accepted
995,2,tomato,,1,1.0,accepted
997,2,tur,,1,1.0,accepted
998,2,grape,,1,1.0,accepted
1118,3,cotton,,1,1.0,accepted
1638,3,cotton,Thrips,1,1.0,accepted
1689,3,onion,,1,1.0,accepted
1726,3,tur,,1,1.0,accepted
1749,3,pomegranate,Pomegranate fruit borer,1,1.0,accepted
1869,3,cotton,Whitefly,1,1.0,accepted
1918,3,cotton,,1,1.0,accepted
1987,3,cotton,Jassid,1,1.0,accepted
2007,3,cotton,Jassid,1,1.0,accepted
2067,3,tomato,Leaf spot (unspecified),2,1.0,accepted
2150,3,grape,Thrips,1,1.0,accepted
2153,3,soybean,Whitefly,2,1.0,accepted
2200,3,tomato,,1,1.0,accepted
2203,3,tur,,1,1.0,accepted
2229,3,tur,,1,1.0,accepted
2269,3,tomato,Aphid,1,1.0,accepted
2285,3,grape,,1,1.0,accepted
2358,3,tomato,,1,1.0,accepted
2398,3,tomato,Leaf miner,1,1.0,accepted
2440,3,tomato,,1,1.0,accepted
2510,3,cotton,Aphid,1,1.0,accepted
2513,3,cotton,Jassid,1,1.0,accepted
2572,3,grape,Mealybug,1,1.0,"excluded: ambiguous ground truth: C1_dose, C2_phi — the CIB&RC rows this answer could refer to disagree"
2586,3,cotton,,1,1.0,accepted
2588,3,tomato,Tobacco caterpillar,2,1.0,accepted
2644,3,cotton,,1,1.0,accepted
2647,3,tomato,Whitefly,1,1.0,accepted
2654,3,soybean,,1,1.0,accepted
2682,3,tomato,,1,1.0,accepted
2701,3,soybean,,1,1.0,accepted
2718,3,pomegranate,,1,1.0,accepted
2776,3,soybean,,1,1.0,accepted
2811,3,onion,,1,1.0,accepted
2867,3,pomegranate,,1,1.0,accepted
2879,3,soybean,,1,1.0,accepted
2915,3,pomegranate,Aphid,1,1.0,accepted
2964,3,cotton,White grub,3,0.7143,rejected_after_retries: C5: top cause 'White grub / Root grub (Holotrichia spp. / Anomala spp.)'; the query was about 'root grub'
3088,3,tomato,,1,1.0,accepted
3163,3,onion,,1,1.0,accepted
3203,3,onion,,1,1.0,accepted
3205,3,grape,,1,1.0,accepted
3208,3,onion,Thrips,2,1.0,accepted
3265,3,onion,,1,1.0,accepted
3273,3,tomato,,1,1.0,accepted
3290,3,soybean,,1,1.0,accepted
3441,3,tomato,Leaf miner,1,1.0,accepted
3513,3,tomato,,1,1.0,accepted
3562,3,tomato,,1,1.0,accepted
3565,3,gram,,1,1.0,accepted
3569,3,tomato,,1,1.0,accepted
3589,3,onion,,1,1.0,accepted
3643,3,onion,Thrips,1,1.0,accepted
3685,3,pomegranate,Pomegranate fruit borer,2,1.0,accepted
3758,3,soybean,,1,1.0,accepted
3853,3,tomato,,1,1.0,accepted
3931,3,cotton,,1,1.0,accepted
3962,3,cotton,Whitefly,2,1.0,accepted
4015,3,tur,Stem fly,3,0.7143,rejected_after_retries: C5: top cause 'Stem fly (Melanagromyza obtusa / M. sojae)'; the query was about 'stem fly'
4040,3,tomato,,1,1.0,accepted
4111,3,cotton,Whitefly,1,1.0,accepted
4190,3,soybean,Girdle beetle,1,1.0,accepted
4213,3,soybean,Stem fly,2,1.0,accepted
4316,3,cotton,Whitefly,1,1.0,accepted
4330,3,onion,White grub,2,1.0,accepted
4338,3,pomegranate,Leaf spot (unspecified),1,1.0,accepted
4362,3,onion,,1,1.0,accepted
4365,3,onion,,1,1.0,accepted
4452,3,pomegranate,Whitefly,2,1.0,accepted
4460,3,soybean,,1,1.0,accepted
4490,3,pomegranate,,3,1.0,accepted
4494,3,onion,,1,1.0,"excluded: pest 'blight' is a known-damaged label_db fragment (unmatchable: bare head noun, no pathogen named)"
4526,3,tomato,,1,1.0,accepted
4570,3,tomato,,1,1.0,accepted
4581,3,tomato,Whitefly,1,1.0,accepted
4623,3,pomegranate,,1,1.0,accepted
4656,3,soybean,,1,1.0,accepted
4665,3,cotton,,1,1.0,accepted
4785,3,pomegranate,,1,1.0,accepted
4806,3,soybean,,1,1.0,accepted
4828,3,cotton,Tobacco caterpillar,2,1.0,accepted
4860,3,soybean,,1,1.0,accepted
4861,3,soybean,White grub,2,1.0,accepted
4864,3,tomato,,1,1.0,accepted
4913,3,tomato,,1,1.0,accepted
4915,3,onion,,1,1.0,accepted
4930,3,tur,,1,1.0,accepted
4974,3,soybean,,1,1.0,accepted
5092,3,tomato,Whitefly,1,1.0,accepted
5156,3,cotton,,1,1.0,accepted
5381,3,onion,Thrips,2,1.0,accepted
5389,3,tomato,Aphid,2,1.0,accepted
5472,3,pomegranate,Pomegranate fruit borer,1,1.0,accepted
5492,3,soybean,,1,1.0,accepted
5530,3,tomato,Aphid,1,1.0,accepted
5592,3,onion,,1,1.0,accepted
5649,3,gram,,1,1.0,accepted
578,3,onion,,1,1.0,accepted
634,3,onion,,1,1.0,accepted
996,3,tur,,1,1.0,accepted
grape0000,4,grape,Downy mildew,1,1.0,accepted
grape0001,4,grape,Thrips,1,1.0,accepted
grape0002,4,grape,Anthracnose,1,1.0,accepted
grape0003,4,grape,Powdery mildew,2,1.0,accepted
grape0004,4,grape,Thrips,1,1.0,accepted
grape0005,4,grape,Downy mildew,2,1.0,accepted
grape0006,4,grape,Powdery mildew,1,1.0,accepted
grape0007,4,grape,Anthracnose,2,1.0,accepted
grape0008,4,grape,Powdery mildew,1,1.0,accepted
grape0009,4,grape,Mealybug,1,1.0,"excluded: ambiguous ground truth: C1_dose, C2_phi — the CIB&RC rows this answer could refer to disagree"
grape0010,4,grape,Downy mildew,1,1.0,accepted
grape0011,4,grape,Powdery mildew,1,1.0,accepted
grape0012,4,grape,Anthracnose,1,1.0,accepted
grape0013,4,grape,Anthracnose,1,1.0,accepted
grape0014,4,grape,Downy mildew,1,1.0,accepted
grape0015,4,grape,Anthracnose,1,1.0,accepted
grape0016,4,grape,Downy mildew,1,1.0,accepted
grape0017,4,grape,Mealybug,1,1.0,"excluded: ambiguous ground truth: C1_dose, C2_phi — the CIB&RC rows this answer could refer to disagree"
grape0018,4,grape,Mealybug,1,1.0,"excluded: ambiguous ground truth: C1_dose, C2_phi — the CIB&RC rows this answer could refer to disagree"
grape0019,4,grape,Mealybug,1,1.0,"excluded: ambiguous ground truth: C1_dose, C2_phi — the CIB&RC rows this answer could refer to disagree"
grape0020,4,grape,Downy mildew,1,1.0,accepted
grape0021,4,grape,Mealybug,1,1.0,"excluded: ambiguous ground truth: C1_dose, C2_phi — the CIB&RC rows this answer could refer to disagree"
grape0022,4,grape,Thrips,2,1.0,accepted
grape0023,4,grape,Downy mildew,1,1.0,accepted
grape0024,4,grape,Powdery mildew,1,1.0,accepted
grape0025,4,grape,Powdery mildew,1,1.0,accepted
grape0026,4,grape,Thrips,1,1.0,accepted
grape0027,4,grape,Downy mildew,1,1.0,accepted
grape0028,4,grape,Anthracnose,1,1.0,accepted
grape0029,4,grape,Anthracnose,3,0.0,rejected_after_retries: G1: output is not JSON (Expecting value: line 1 column 1 (char 0))
grape0030,4,grape,Powdery mildew,1,1.0,accepted
grape0031,4,grape,Powdery mildew,1,1.0,accepted
grape0032,4,grape,Powdery mildew,1,1.0,accepted
grape0033,4,grape,Thrips,1,1.0,accepted
grape0034,4,grape,Downy mildew,3,1.0,accepted
grape0035,4,grape,Downy mildew,1,1.0,accepted
grape0036,4,grape,Anthracnose,1,1.0,accepted
grape0037,4,grape,Thrips,1,1.0,accepted
grape0038,4,grape,Downy mildew,2,1.0,accepted
grape0039,4,grape,Thrips,1,1.0,accepted
grape0040,4,grape,Anthracnose,1,1.0,accepted
grape0041,4,grape,Anthracnose,1,1.0,accepted
grape0042,4,grape,Thrips,1,1.0,accepted
grape0043,4,grape,Thrips,1,1.0,accepted
grape0044,4,grape,Anthracnose,1,1.0,accepted
grape0045,4,grape,Mealybug,1,1.0,"excluded: ambiguous ground truth: C1_dose, C2_phi — the CIB&RC rows this answer could refer to disagree"
grape0046,4,grape,Anthracnose,1,1.0,accepted
grape0047,4,grape,Downy mildew,1,1.0,accepted
grape0048,4,grape,Anthracnose,1,1.0,accepted
grape0049,4,grape,Powdery mildew,1,1.0,accepted
grape0050,4,grape,Mealybug,1,1.0,"excluded: ambiguous ground truth: C1_dose, C2_phi — the CIB&RC rows this answer could refer to disagree"
grape0051,4,grape,Downy mildew,1,1.0,accepted
grape0052,4,grape,Mealybug,1,1.0,"excluded: ambiguous ground truth: C1_dose, C2_phi — the CIB&RC rows this answer could refer to disagree"
grape0053,4,grape,Downy mildew,1,1.0,accepted
grape0054,4,grape,Thrips,1,1.0,accepted
grape0055,4,grape,Downy mildew,1,1.0,accepted
grape0056,4,grape,Mealybug,1,1.0,"excluded: ambiguous ground truth: C1_dose, C2_phi — the CIB&RC rows this answer could refer to disagree"
grape0057,4,grape,Anthracnose,1,1.0,accepted
grape0058,4,grape,Powdery mildew,1,1.0,accepted
grape0059,4,grape,Anthracnose,1,1.0,accepted
grape0060,4,grape,Powdery mildew,1,1.0,accepted
grape0061,4,grape,Mealybug,1,1.0,"excluded: ambiguous ground truth: C1_dose, C2_phi — the CIB&RC rows this answer could refer to disagree"
grape0062,4,grape,Thrips,1,1.0,accepted
grape0063,4,grape,Anthracnose,1,1.0,accepted
grape0064,4,grape,Mealybug,1,1.0,"excluded: ambiguous ground truth: C1_dose, C2_phi — the CIB&RC rows this answer could refer to disagree"
grape0065,4,grape,Powdery mildew,1,1.0,accepted
grape0066,4,grape,Anthracnose,1,1.0,accepted
grape0067,4,grape,Downy mildew,3,1.0,accepted
grape0068,4,grape,Anthracnose,1,1.0,accepted
grape0069,4,grape,Downy mildew,1,1.0,accepted
grape0070,4,grape,Powdery mildew,1,1.0,accepted
grape0071,4,grape,Anthracnose,1,1.0,accepted
grape0072,4,grape,Downy mildew,1,1.0,accepted
grape0073,4,grape,Powdery mildew,1,1.0,accepted
grape0074,4,grape,Thrips,1,1.0,accepted
grape0075,4,grape,Anthracnose,1,1.0,accepted
grape0076,4,grape,Mealybug,1,1.0,"excluded: ambiguous ground truth: C1_dose, C2_phi — the CIB&RC rows this answer could refer to disagree"
grape0077,4,grape,Powdery mildew,2,1.0,accepted
grape0078,4,grape,Anthracnose,1,1.0,accepted
grape0079,4,grape,Downy mildew,1,1.0,accepted
grape0080,4,grape,Downy mildew,1,1.0,accepted
grape0081,4,grape,Mealybug,1,1.0,"excluded: ambiguous ground truth: C1_dose, C2_phi — the CIB&RC rows this answer could refer to disagree"
grape0082,4,grape,Mealybug,2,1.0,"excluded: ambiguous ground truth: C1_dose, C2_phi — the CIB&RC rows this answer could refer to disagree"
grape0083,4,grape,Mealybug,1,1.0,"excluded: ambiguous ground truth: C1_dose, C2_phi — the CIB&RC rows this answer could refer to disagree"
grape0084,4,grape,Mealybug,1,1.0,"excluded: ambiguous ground truth: C1_dose, C2_phi — the CIB&RC rows this answer could refer to disagree"
grape0085,4,grape,Powdery mildew,3,0.0,rejected_after_retries: G1: output is not JSON (Expecting value: line 1 column 1 (char 0))
grape0086,4,grape,Powdery mildew,1,1.0,accepted
grape0087,4,grape,Anthracnose,1,1.0,accepted
grape0088,4,grape,Powdery mildew,1,1.0,accepted
grape0089,4,grape,Thrips,1,1.0,accepted
grape0090,4,grape,Downy mildew,1,1.0,accepted
grape0091,4,grape,Anthracnose,1,1.0,accepted
grape0092,4,grape,Anthracnose,1,1.0,accepted
grape0093,4,grape,Anthracnose,1,1.0,accepted
grape0094,4,grape,Anthracnose,3,0.0,rejected_after_retries: G1: output is not JSON (Expecting value: line 1 column 1 (char 0))
grape0095,4,grape,Anthracnose,1,1.0,accepted
grape0096,4,grape,Thrips,1,1.0,accepted
grape0097,4,grape,Powdery mildew,1,1.0,accepted
grape0098,4,grape,Mealybug,1,1.0,"excluded: ambiguous ground truth: C1_dose, C2_phi — the CIB&RC rows this answer could refer to disagree"
grape0099,4,grape,Powdery mildew,1,1.0,accepted
grape0100,4,grape,Downy mildew,1,1.0,accepted
grape0101,4,grape,Anthracnose,1,1.0,accepted
grape0102,4,grape,Downy mildew,1,1.0,accepted
grape0103,4,grape,Downy mildew,1,1.0,accepted
grape0104,4,grape,Mealybug,1,1.0,"excluded: ambiguous ground truth: C1_dose, C2_phi — the CIB&RC rows this answer could refer to disagree"
grape0105,4,grape,Mealybug,1,1.0,"excluded: ambiguous ground truth: C1_dose, C2_phi — the CIB&RC rows this answer could refer to disagree"
grape0106,4,grape,Powdery mildew,1,1.0,accepted
grape0107,4,grape,Mealybug,1,1.0,"excluded: ambiguous ground truth: C1_dose, C2_phi — the CIB&RC rows this answer could refer to disagree"
grape0108,4,grape,Downy mildew,1,1.0,accepted
grape0109,4,grape,Mealybug,1,1.0,"excluded: ambiguous ground truth: C1_dose, C2_phi — the CIB&RC rows this answer could refer to disagree"
grape0110,4,grape,Thrips,1,1.0,accepted
grape0111,4,grape,Mealybug,1,1.0,"excluded: ambiguous ground truth: C1_dose, C2_phi — the CIB&RC rows this answer could refer to disagree"
grape0112,4,grape,Thrips,1,1.0,accepted
grape0113,4,grape,Mealybug,1,1.0,"excluded: ambiguous ground truth: C1_dose, C2_phi — the CIB&RC rows this answer could refer to disagree"
grape0114,4,grape,Powdery mildew,1,1.0,accepted
grape0115,4,grape,Thrips,1,1.0,accepted
grape0116,4,grape,Mealybug,1,1.0,"excluded: ambiguous ground truth: C1_dose, C2_phi — the CIB&RC rows this answer could refer to disagree"
grape0117,4,grape,Thrips,1,1.0,accepted
grape0118,4,grape,Mealybug,1,1.0,"excluded: ambiguous ground truth: C1_dose, C2_phi — the CIB&RC rows this answer could refer to disagree"
grape0119,4,grape,Downy mildew,1,1.0,accepted
grape0120,4,grape,Powdery mildew,1,1.0,accepted
grape0121,4,grape,Downy mildew,1,1.0,accepted
grape0122,4,grape,Thrips,1,1.0,accepted
grape0123,4,grape,Powdery mildew,1,1.0,accepted
grape0124,4,grape,Thrips,1,1.0,accepted
grape0125,4,grape,Anthracnose,1,1.0,accepted
grape0126,4,grape,Mealybug,1,1.0,"excluded: ambiguous ground truth: C1_dose, C2_phi — the CIB&RC rows this answer could refer to disagree"
grape0127,4,grape,Thrips,1,1.0,accepted
grape0128,4,grape,Powdery mildew,1,1.0,accepted
grape0129,4,grape,Thrips,1,1.0,accepted
grape0130,4,grape,Powdery mildew,1,1.0,accepted
grape0131,4,grape,Thrips,1,1.0,accepted
grape0132,4,grape,Powdery mildew,1,1.0,accepted
grape0133,4,grape,Anthracnose,1,1.0,accepted
grape0134,4,grape,Powdery mildew,1,1.0,accepted
grape0135,4,grape,Powdery mildew,1,1.0,accepted
grape0136,4,grape,Downy mildew,1,1.0,accepted
grape0137,4,grape,Downy mildew,2,1.0,accepted
grape0138,4,grape,Powdery mildew,1,1.0,accepted
grape0139,4,grape,Mealybug,1,1.0,"excluded: ambiguous ground truth: C1_dose, C2_phi — the CIB&RC rows this answer could refer to disagree"
grape0140,4,grape,Thrips,1,1.0,accepted
grape0141,4,grape,Anthracnose,1,1.0,accepted
grape0142,4,grape,Mealybug,1,1.0,"excluded: ambiguous ground truth: C1_dose, C2_phi — the CIB&RC rows this answer could refer to disagree"
grape0143,4,grape,Downy mildew,1,1.0,accepted
grape0144,4,grape,Thrips,1,1.0,accepted
grape0145,4,grape,Downy mildew,1,1.0,accepted
grape0146,4,grape,Anthracnose,1,1.0,accepted
grape0147,4,grape,Downy mildew,1,1.0,accepted
grape0148,4,grape,Downy mildew,1,1.0,accepted
grape0149,4,grape,Thrips,1,1.0,accepted
grape0150,4,grape,Anthracnose,3,0.8889,rejected_after_retries: C3: 'Carbendazim 12%+ Mancozeb 63% WP' formulation 'WP'; CIB&RC registers ['Carbendazim 12%+ Mancozeb 63% WP']; C3: 'Difenoconazole 25% EC' formulation 'EC'; CIB&RC registers ['Difenoconazole 25% EC']; C3: 'Thiophanate Methyl 70%WP' formulation 'WP'; CIB&RC registers ['Thiophanate Methyl 70%WP']
grape0151,4,grape,Mealybug,1,1.0,"excluded: ambiguous ground truth: C1_dose, C2_phi — the CIB&RC rows this answer could refer to disagree"
grape0152,4,grape,Thrips,1,1.0,accepted
grape0153,4,grape,Thrips,1,1.0,accepted
grape0154,4,grape,Powdery mildew,1,1.0,accepted
grape0155,4,grape,Thrips,3,0.0,rejected_after_retries: G1: output is not JSON (Expecting value: line 1 column 1 (char 0))
grape0156,4,grape,Mealybug,1,1.0,"excluded: ambiguous ground truth: C1_dose, C2_phi — the CIB&RC rows this answer could refer to disagree"
grape0157,4,grape,Thrips,1,1.0,accepted
grape0158,4,grape,Anthracnose,1,1.0,accepted
grape0159,4,grape,Downy mildew,1,1.0,accepted
grape0160,4,grape,Thrips,1,1.0,accepted
grape0161,4,grape,Mealybug,2,1.0,accepted
grape0162,4,grape,Downy mildew,3,1.0,accepted
grape0163,4,grape,Downy mildew,1,1.0,accepted
grape0164,4,grape,Powdery mildew,1,1.0,accepted
grape0165,4,grape,Powdery mildew,1,1.0,accepted
grape0166,4,grape,Mealybug,1,1.0,"excluded: ambiguous ground truth: C1_dose, C2_phi — the CIB&RC rows this answer could refer to disagree"
grape0167,4,grape,Downy mildew,1,1.0,accepted
grape0168,4,grape,Downy mildew,1,1.0,accepted
grape0169,4,grape,Powdery mildew,1,1.0,accepted
grape0170,4,grape,Anthracnose,1,1.0,accepted
grape0171,4,grape,Anthracnose,1,1.0,accepted
grape0172,4,grape,Thrips,1,1.0,accepted
grape0173,4,grape,Anthracnose,1,1.0,accepted
grape0174,4,grape,Anthracnose,1,1.0,accepted
grape0175,4,grape,Downy mildew,1,1.0,accepted
grape0176,4,grape,Powdery mildew,1,1.0,accepted
grape0177,4,grape,Anthracnose,1,1.0,accepted
grape0178,4,grape,Downy mildew,1,1.0,accepted
grape0179,4,grape,Anthracnose,1,1.0,accepted
grape0180,4,grape,Thrips,1,1.0,accepted
grape0181,4,grape,Powdery mildew,1,1.0,accepted
grape0182,4,grape,Downy mildew,1,1.0,accepted
grape0183,4,grape,Thrips,1,1.0,accepted
grape0184,4,grape,Thrips,1,1.0,accepted
grape0185,4,grape,Downy mildew,1,1.0,accepted
grape0186,4,grape,Mealybug,1,1.0,"excluded: ambiguous ground truth: C1_dose, C2_phi — the CIB&RC rows this answer could refer to disagree"
grape0187,4,grape,Mealybug,1,1.0,"excluded: ambiguous ground truth: C1_dose, C2_phi — the CIB&RC rows this answer could refer to disagree"
grape0188,4,grape,Mealybug,1,1.0,"excluded: ambiguous ground truth: C1_dose, C2_phi — the CIB&RC rows this answer could refer to disagree"
grape0189,4,grape,Thrips,1,1.0,accepted
grape0190,4,grape,Downy mildew,1,1.0,accepted
grape0191,4,grape,Anthracnose,1,1.0,accepted
grape0192,4,grape,Powdery mildew,1,1.0,accepted
grape0193,4,grape,Anthracnose,1,1.0,accepted
grape0194,4,grape,Thrips,1,1.0,accepted
grape0195,4,grape,Anthracnose,1,1.0,accepted
grape0196,4,grape,Downy mildew,1,1.0,accepted
grape0197,4,grape,Mealybug,1,1.0,"excluded: ambiguous ground truth: C1_dose, C2_phi — the CIB&RC rows this answer could refer to disagree"
grape0198,4,grape,Anthracnose,2,1.0,accepted
grape0199,4,grape,Mealybug,1,1.0,"excluded: ambiguous ground truth: C1_dose, C2_phi — the CIB&RC rows this answer could refer to disagree"
grape0200,4,grape,Anthracnose,1,1.0,accepted
grape0201,4,grape,Powdery mildew,1,1.0,accepted
grape0202,4,grape,Anthracnose,1,1.0,accepted
grape0203,4,grape,Anthracnose,1,1.0,accepted
grape0204,4,grape,Thrips,1,1.0,accepted
grape0205,4,grape,Powdery mildew,1,1.0,accepted
grape0206,4,grape,Downy mildew,1,1.0,accepted
grape0207,4,grape,Powdery mildew,1,1.0,accepted
grape0208,4,grape,Powdery mildew,1,1.0,accepted
grape0209,4,grape,Powdery mildew,1,1.0,accepted
grape0210,4,grape,Mealybug,1,1.0,"excluded: ambiguous ground truth: C1_dose, C2_phi — the CIB&RC rows this answer could refer to disagree"
grape0211,4,grape,Downy mildew,1,1.0,accepted
grape0212,4,grape,Thrips,1,1.0,accepted
grape0213,4,grape,Powdery mildew,1,1.0,accepted
grape0214,4,grape,Thrips,1,1.0,accepted
grape0215,4,grape,Mealybug,1,1.0,"excluded: ambiguous ground truth: C1_dose, C2_phi — the CIB&RC rows this answer could refer to disagree"
grape0216,4,grape,Mealybug,1,1.0,"excluded: ambiguous ground truth: C1_dose, C2_phi — the CIB&RC rows this answer could refer to disagree"
grape0217,4,grape,Mealybug,1,1.0,"excluded: ambiguous ground truth: C1_dose, C2_phi — the CIB&RC rows this answer could refer to disagree"
grape0218,4,grape,Mealybug,1,1.0,"excluded: ambiguous ground truth: C1_dose, C2_phi — the CIB&RC rows this answer could refer to disagree"
grape0219,4,grape,Downy mildew,1,1.0,accepted
grape0220,4,grape,Mealybug,1,1.0,"excluded: ambiguous ground truth: C1_dose, C2_phi — the CIB&RC rows this answer could refer to disagree"
grape0221,4,grape,Downy mildew,1,1.0,accepted
grape0222,4,grape,Downy mildew,3,0.8889,rejected_after_retries: C3: 'Cymoxanil 8%+ Mancozeb 64% WP' formulation 'WP'; CIB&RC registers ['Cymoxanil 8%+ Mancozeb 64% WP']; C3: 'Mandipropamid 23.4% SC' formulation 'SC'; CIB&RC registers ['Mandipropamid 23.4% SC']; C3: 'Dimethomorph 50% WP' formulation 'WP'; CIB&RC registers ['Dimethomorph 50% WP']
grape0223,4,grape,Mealybug,2,1.0,"excluded: ambiguous ground truth: C1_dose, C2_phi — the CIB&RC rows this answer could refer to disagree"
grape0224,4,grape,Thrips,1,1.0,accepted
grape0225,4,grape,Anthracnose,1,1.0,accepted
grape0226,4,grape,Powdery mildew,1,1.0,accepted
grape0227,4,grape,Thrips,1,1.0,accepted
grape0228,4,grape,Mealybug,1,1.0,"excluded: ambiguous ground truth: C1_dose, C2_phi — the CIB&RC rows this answer could refer to disagree"
grape0229,4,grape,Powdery mildew,2,1.0,accepted
grape0230,4,grape,Mealybug,2,1.0,"excluded: ambiguous ground truth: C1_dose, C2_phi — the CIB&RC rows this answer could refer to disagree"
grape0231,4,grape,Powdery mildew,1,1.0,accepted
grape0232,4,grape,Anthracnose,1,1.0,accepted
grape0233,4,grape,Anthracnose,1,1.0,accepted
grape0234,4,grape,Mealybug,1,1.0,"excluded: ambiguous ground truth: C1_dose, C2_phi — the CIB&RC rows this answer could refer to disagree"
grape0235,4,grape,Thrips,1,1.0,accepted
grape0236,4,grape,Mealybug,1,1.0,"excluded: ambiguous ground truth: C1_dose, C2_phi — the CIB&RC rows this answer could refer to disagree"
grape0237,4,grape,Downy mildew,1,1.0,accepted
grape0238,4,grape,Anthracnose,1,1.0,accepted
grape0239,4,grape,Powdery mildew,1,1.0,accepted
grape0240,4,grape,Thrips,1,1.0,accepted
grape0241,4,grape,Powdery mildew,1,1.0,accepted
grape0242,4,grape,Downy mildew,1,1.0,accepted
grape0243,4,grape,Downy mildew,1,1.0,accepted
grape0244,4,grape,Powdery mildew,1,1.0,accepted
grape0245,4,grape,Downy mildew,1,1.0,accepted
grape0246,4,grape,Mealybug,1,1.0,"excluded: ambiguous ground truth: C1_dose, C2_phi — the CIB&RC rows this answer could refer to disagree"
grape0247,4,grape,Mealybug,1,1.0,"excluded: ambiguous ground truth: C1_dose, C2_phi — the CIB&RC rows this answer could refer to disagree"
grape0248,4,grape,Powdery mildew,1,1.0,accepted
grape0249,4,grape,Mealybug,1,1.0,"excluded: ambiguous ground truth: C1_dose, C2_phi — the CIB&RC rows this answer could refer to disagree"
grape0250,4,grape,Mealybug,1,1.0,"excluded: ambiguous ground truth: C1_dose, C2_phi — the CIB&RC rows this answer could refer to disagree"
grape0251,4,grape,Thrips,1,1.0,accepted
grape0252,4,grape,Downy mildew,1,1.0,accepted
grape0253,4,grape,Mealybug,1,1.0,"excluded: ambiguous ground truth: C1_dose, C2_phi — the CIB&RC rows this answer could refer to disagree"
grape0254,4,grape,Anthracnose,1,1.0,accepted
grape0255,4,grape,Downy mildew,1,1.0,accepted
grape0256,4,grape,Mealybug,1,1.0,"excluded: ambiguous ground truth: C1_dose, C2_phi — the CIB&RC rows this answer could refer to disagree"
grape0257,4,grape,Mealybug,2,1.0,"excluded: ambiguous ground truth: C1_dose, C2_phi — the CIB&RC rows this answer could refer to disagree"
grape0258,4,grape,Downy mildew,1,1.0,accepted
grape0259,4,grape,Powdery mildew,1,1.0,accepted
1002,5,onion,Root rot,1,1.0,accepted
1006,5,onion,Wilt,2,1.0,accepted
1097,5,onion,Anthracnose,1,1.0,accepted
11,5,soybean,Thrips,1,1.0,accepted
1105,5,onion,Wilt,1,1.0,accepted
1146,5,onion,Early blight,1,1.0,accepted
1165,5,soybean,Thrips,1,1.0,accepted
1188,5,soybean,Wilt,2,1.0,accepted
12,5,soybean,Thrips,1,1.0,accepted
1220,5,onion,Wilt,1,1.0,accepted
1222,5,pomegranate,Red spider mite,1,1.0,accepted
1223,5,soybean,Wilt,2,1.0,accepted
1267,5,onion,Root rot,2,1.0,accepted
127,5,pomegranate,Root rot,1,1.0,accepted
1284,5,soybean,Thrips,2,1.0,accepted
1350,5,onion,Wilt,1,1.0,accepted
1412,5,tur,Spotted bollworm,1,1.0,accepted
1422,5,onion,Root rot,2,1.0,accepted
1492,5,onion,Root rot,1,1.0,accepted
1571,5,cotton,Rust,1,1.0,accepted
1738,5,cotton,Powdery mildew,2,1.0,accepted
1786,5,gram,Leaf spot (unspecified),2,1.0,accepted
1816,5,tur,Red spider mite,1,1.0,accepted
183,5,onion,Leaf spot (unspecified),1,1.0,accepted
1850,5,gram,Spotted bollworm,1,1.0,accepted
1852,5,cotton,Fruit rot,3,1.0,accepted
1880,5,onion,Root rot,1,1.0,accepted
195,5,soybean,Spotted bollworm,1,1.0,accepted
1969,5,cotton,Powdery mildew,1,1.0,accepted
1973,5,cotton,Powdery mildew,1,1.0,accepted
2019,5,tur,Stem fly,2,1.0,accepted
205,5,gram,Rust,1,1.0,accepted
206,5,onion,Wilt,1,1.0,accepted
2073,5,onion,Leaf miner,1,1.0,accepted
214,5,soybean,Leaf miner,2,1.0,accepted
216,5,soybean,Wilt,1,1.0,accepted
2162,5,cotton,Powdery mildew,2,1.0,accepted
2223,5,tomato,Root rot,1,1.0,accepted
2228,5,onion,Basal rot,2,1.0,accepted
2382,5,soybean,Wilt,1,1.0,accepted
2391,5,cotton,Leaf miner,1,1.0,accepted
2408,5,cotton,Powdery mildew,1,1.0,accepted
241,5,cotton,Leaf miner,1,1.0,accepted
2429,5,pomegranate,Wilt,1,1.0,accepted
2492,5,tomato,Root rot,1,1.0,accepted
2550,5,onion,Wilt,2,1.0,accepted
2589,5,soybean,Wilt,1,1.0,accepted
2650,5,soybean,Thrips,1,1.0,accepted
2696,5,tur,Stem fly,1,1.0,accepted
2697,5,tur,Thrips,1,1.0,accepted
2707,5,gram,Leaf miner,1,1.0,accepted
2717,5,soybean,Thrips,1,1.0,accepted
2788,5,soybean,Leaf miner,1,1.0,accepted
2814,5,cotton,Leaf miner,1,1.0,accepted
2836,5,cotton,Leaf miner,1,1.0,accepted
2871,5,tomato,Root rot,1,1.0,accepted
2898,5,onion,Wilt,1,1.0,accepted
2934,5,onion,Leaf spot (unspecified),2,1.0,accepted
2940,5,pomegranate,Root rot,1,1.0,accepted
2957,5,onion,Fruit rot,2,1.0,accepted
2963,5,tur,Red spider mite,1,1.0,accepted
3046,5,gram,Thrips,1,1.0,accepted
3093,5,gram,Early blight,3,0.0,rejected_after_retries: G1: output is not JSON (Extra data: line 12 column 1 (char 208))
3126,5,onion,Late blight,2,1.0,accepted
3136,5,onion,Root rot,1,1.0,accepted
322,5,onion,Spotted bollworm,1,1.0,accepted
3295,5,gram,Thrips,1,1.0,accepted
3420,5,tomato,Root rot,1,1.0,accepted
3427,5,onion,Wilt,1,1.0,accepted
3452,5,onion,Root rot,1,1.0,accepted
3534,5,soybean,Wilt,1,1.0,accepted
3568,5,gram,Powdery mildew,1,1.0,accepted
3585,5,gram,Thrips,2,1.0,accepted
3645,5,onion,Aphid,2,1.0,accepted
3723,5,pomegranate,Wilt,1,1.0,accepted
3763,5,pomegranate,Wilt,1,1.0,accepted
3838,5,pomegranate,Wilt,2,1.0,accepted
3885,5,pomegranate,Root rot,1,1.0,accepted
3892,5,onion,Wilt,2,1.0,accepted
3950,5,soybean,Thrips,2,1.0,accepted
4097,5,soybean,Thrips,2,1.0,accepted
4099,5,soybean,Thrips,1,1.0,accepted
41,5,soybean,Wilt,1,1.0,accepted
4151,5,onion,Wilt,2,1.0,accepted
4171,5,gram,Thrips,1,1.0,accepted
4279,5,tomato,Root rot,1,1.0,accepted
428,5,onion,Late blight,2,1.0,accepted
4282,5,onion,Basal rot,2,1.0,accepted
4307,5,soybean,Wilt,1,1.0,accepted
4319,5,pomegranate,Root rot,1,1.0,accepted
4334,5,onion,Wilt,1,1.0,accepted
4345,5,grape,Wilt,1,1.0,accepted
4353,5,gram,Jassid,1,1.0,accepted
4381,5,onion,Jassid,1,1.0,accepted
4382,5,onion,Wilt,2,1.0,accepted
4406,5,pomegranate,Wilt,1,1.0,accepted
4410,5,gram,Aphid,2,1.0,accepted
4435,5,cotton,Powdery mildew,1,1.0,accepted
4456,5,cotton,Powdery mildew,1,1.0,accepted
4503,5,onion,Leaf spot (unspecified),1,1.0,accepted
4562,5,soybean,Thrips,1,1.0,accepted
458,5,onion,Wilt,2,1.0,accepted
4588,5,soybean,Thrips,1,1.0,accepted
4595,5,onion,Wilt,1,1.0,accepted
460,5,tur,Stem blight,1,1.0,accepted
4722,5,soybean,Thrips,1,1.0,accepted
4726,5,cotton,Leaf miner,1,1.0,accepted
4727,5,tomato,Root rot,1,1.0,accepted
4743,5,onion,Red spider mite,1,1.0,accepted
4752,5,soybean,Wilt,1,1.0,accepted
4756,5,soybean,Thrips,1,1.0,accepted
4787,5,pomegranate,Red spider mite,2,1.0,accepted
4790,5,soybean,Leaf miner,1,1.0,accepted
4815,5,cotton,Leaf miner,1,1.0,accepted
4848,5,soybean,Bihar hairy caterpillar,1,1.0,accepted
4850,5,pomegranate,Wilt,1,1.0,accepted
487,5,pomegranate,Wilt,2,1.0,accepted
4876,5,soybean,Wilt,1,1.0,accepted
4881,5,onion,Powdery mildew,1,1.0,accepted
4941,5,soybean,Wilt,2,1.0,accepted
4971,5,cotton,Leaf miner,1,1.0,accepted
503,5,soybean,Wilt,2,1.0,accepted
5050,5,tomato,Root rot,1,1.0,accepted
5095,5,tomato,Root rot,1,1.0,accepted
5108,5,pomegranate,Wilt,1,1.0,accepted
5130,5,tomato,Root rot,1,1.0,accepted
5143,5,onion,Wilt,1,1.0,accepted
5285,5,soybean,Powdery mildew,1,1.0,accepted
5377,5,soybean,Bihar hairy caterpillar,1,1.0,accepted
540,5,pomegranate,Wilt,2,1.0,accepted
5429,5,soybean,Leaf miner,1,1.0,accepted
5626,5,onion,Root rot,2,1.0,accepted
5662,5,gram,Thrips,1,1.0,accepted
576,5,gram,Spotted bollworm,1,1.0,accepted
584,5,onion,Red spider mite,1,1.0,accepted
60,5,cotton,Stem fly,2,1.0,accepted
672,5,onion,Powdery mildew,1,1.0,accepted
693,5,onion,Root rot,2,1.0,accepted
704,5,onion,Wilt,2,1.0,accepted
727,5,tur,Thrips,2,1.0,accepted
745,5,tur,White grub,1,1.0,accepted
834,5,onion,Wilt,2,1.0,accepted
84,5,tomato,Seed and seedling rot,3,0.0,"rejected_after_retries: C4: did not escalate, but the answer for 'stem rot' on tomato needs it; C6: non_chemical_first is empty, but no chemical is registered for 'stem rot' on tomato"
840,5,onion,Leaf spot (unspecified),2,1.0,accepted
860,5,pomegranate,Red spider mite,1,1.0,accepted
917,5,tur,Leaf spot (unspecified),1,1.0,accepted
926,5,onion,Wilt,2,1.0,accepted
940,5,gram,Rust,1,1.0,accepted
96,5,soybean,Wilt,1,1.0,accepted
961,5,pomegranate,Wilt,1,1.0,accepted
